Gene.Symbol,Cn_extreme,Cn_mean,Me_Island,Me_N_Shore,Me_S_Shore,Me_N_Shelf,Me_S_Shelf,Mu_5'Flank,Mu_5'UTR,Mu_Nonsense,Mu_Intron,Mu_3'UTR,Mu_3'Flank,Mu_RNA,gene_type
MAP1A,0.03400717929340635,0.17695275932141477,0.0,0.0,0.0,0.0,0.8981970582145291,0.0,0.0,0.0,0.0,0.0,0.0,0.0,0
ARIH2,0.05138862648781409,0.18302775684788142,0.0,0.0,0.0,0.0,0.8258351137754302,0.0,0.0,0.0,0.0,1.0,0.0,0.0,0
SART3,0.5127526922350274,0.30758575549314643,0.02845358159251695,0.061230536295709154,0.0,0.9298632426051995,0.0,0.0,1.0,0.0,0.0,0.0,0.0,0.0,0
TULP3,0.9293406385792556,0.39965294426558906,0.027490927527536832,0.20976157742292745,0.24494346352996338,0.0,0.9255708315214874,0.0,0.0,0.0,0.0,0.0,0.0,0.0,0
SECISBP2L,0.9351974305686757,0.22035299221407867,0.029875746051910703,0.03078547287457412,0.27623534370552194,0.0,0.0,0.0,0.0,1.0,0.0,1.0,0.0,0.0,0
ELOVL5,0.8458341205365577,0.422388139218059,0.025425902694285223,0.0,0.0,0.6359182726128269,0.0,0.0,0.0,1.0,0.0,0.0,0.0,0.0,0
ADAR,0.9351974305686757,0.8959791766559356,0.03761899412930919,0.04954678770978526,0.3133517183115622,0.7620517613705741,0.0,0.0,0.0,0.0,0.0,0.0,0.0,0.0,0
PLCXD2,0.5730209710938976,0.3737561933465763,0.03592984853342081,0.06426055601842967,0.03112924392571463,0.0,0.0,0.0,0.0,0.0,1.0,0.0,0.0,0.0,0
SETX,0.4587190629132817,0.27558813008501337,0.019245728358434584,0.09759097766617038,0.0,0.0,0.0,0.0,0.0,0.0,0.0,0.0,0.0,0.0,0
PLD2,0.5324012847156622,0.048210303597658766,0.0,0.0,0.8676216820633602,0.0,0.6419757924502243,0.0,0.0,0.0,0.0,0.0,0.0,0.0,0
TOM1,0.5002833931607784,0.1353304259804704,0.0,0.9469753015470251,0.0,0.0,0.9552094541988934,0.0,0.0,0.0,0.0,0.0,0.0,0.0,0
PABPC1,0.9351974305686757,0.9100805991277942,0.04098352489920651,0.022927670710947756,0.0,0.0,0.0,0.0,0.0,0.0,0.0,1.0,0.0,0.0,0
SMDT1,0.5590402418288305,0.11977380490292325,0.03328974631113525,0.08558580315888051,0.0,0.0,0.8630127679575644,0.0,0.0,0.0,0.0,1.0,0.0,0.0,0
SEL1L3,0.039863971282826344,0.186702285544672,0.0,0.0,0.0,0.5110039832550116,0.0,0.0,0.0,0.0,0.0,0.0,0.0,0.0,0
SBF2,0.5006612507084829,0.24955742782991228,0.06540589373440206,0.0,0.5901321047987164,0.0,0.0,0.0,0.0,0.0,1.0,0.0,0.0,0.0,0
POLR1B,0.5803891932741356,0.2799095828481402,0.03658133131895379,0.060954473115189395,0.04219992970260356,0.0,0.0,0.0,0.0,0.0,0.0,0.0,0.0,0.0,0
BCAR3,0.9351974305686757,0.2451857433157522,0.05246311272413071,0.0,0.6574459924329166,0.0,0.0,0.0,0.0,0.0,0.0,0.0,0.0,0.0,0
PADI2,0.5172869828074815,0.14041601022901115,0.03587446083155892,0.14857964046212271,0.42963504303180233,0.8632420535350503,0.0,0.0,0.0,0.0,0.0,0.0,0.0,0.0,0
PLEKHB2,0.5571509540903079,0.26019133730620814,0.031837261183374044,0.0,0.18993223999579292,0.0,0.0,0.0,0.0,0.0,0.0,1.0,0.0,0.0,0
CBLN3,0.9351974305686757,0.3179456736001705,0.0,0.0,0.0,0.6511840352853152,0.0,0.0,0.0,0.0,0.0,0.0,0.0,0.0,0
DVL1,0.0253164556962025,0.15959540607804193,0.6263518285017723,0.8325055143982285,0.9231036414172351,0.8269283159191614,0.7121846487221984,0.0,0.0,0.0,0.0,0.0,0.0,0.0,0
UBR2,0.9351974305686757,0.41048778074601755,0.0352214736429895,0.0374605157746985,0.039282607556525406,0.0,0.0,0.0,0.0,0.0,0.0,0.0,0.0,0.0,0
TLE6,0.5486491592669563,0.2223790061724167,0.027365761492786543,0.10047403203687995,0.0,0.0,0.8537091955300963,0.0,0.0,0.0,0.0,0.0,0.0,0.0,0
DDIT4,0.8088040808615152,0.2988713077760273,0.08019965550382577,0.059916565680444456,0.0,0.0,0.0,0.0,0.0,0.0,0.0,0.0,0.0,0.0,0
ACTRT3,0.8186283771018326,0.4789704013212474,0.0,0.0,0.9650880433793422,0.0,0.0,0.0,0.0,0.0,0.0,0.0,0.0,0.0,0
ENAH,0.7320989986774986,0.8917886308803495,0.050612353645313864,0.045906923964609464,0.0,0.0,0.0,0.0,0.0,0.0,0.0,0.0,0.0,0.0,0
SLC38A1,0.8021915737766862,0.34537677618710566,0.06068681313251488,0.1462966587856969,0.4533168286688284,0.5324783219121207,0.0,0.0,1.0,0.0,0.0,1.0,0.0,0.0,0
VPS26B,0.9351974305686757,0.11315995768355502,0.0,0.0,0.0,0.0,0.8059230881294445,0.0,0.0,0.0,0.0,0.0,0.0,0.0,0
UNK,0.8987341772151899,0.507879535127977,0.0,0.0,0.0,0.0,0.9501688530218813,0.0,0.0,0.0,0.0,1.0,0.0,0.0,0
LRIG1,0.4732665784999055,0.20087372803312234,0.02661294447822674,0.24500241588373972,0.03115232396101713,0.41689818552610886,0.0,0.0,0.0,0.0,0.0,0.0,0.0,0.0,0
FBXO48,0.4823351596448139,0.33120076717583397,0.0,0.835863743827058,0.0,0.0,0.0,0.0,0.0,0.0,0.0,0.0,0.0,0.0,0
RAD51B,0.6918571698469678,0.23791431681013162,0.0,0.8435462331966713,0.0,0.8368479396690862,0.8432193824640373,0.0,0.0,0.0,0.0,0.0,0.0,0.0,0
HAGH,0.7370111467976572,0.601373001194907,0.9697672216004023,0.9622648215904618,0.9637827316078975,0.9066263787098366,0.8804888750658884,0.0,0.0,0.0,0.0,0.0,0.0,0.0,0
DNASE1,0.7370111467976572,0.5916965393367888,0.0,0.0,0.0,0.0,0.9164716858359564,0.0,0.0,0.0,0.0,0.0,1.0,0.0,0
KIF13A,0.9351974305686757,0.43169775707620767,0.030251130560616946,0.23219227170777484,0.17369985091766973,0.3640461573220366,0.0,0.0,0.0,0.0,0.0,0.0,0.0,0.0,0
DDX23,0.07122614774230113,0.3153838542974785,0.04088276783668033,0.0,0.0,0.0,0.0,0.0,0.0,0.0,0.0,0.0,0.0,0.0,0
DPF2,0.9351974305686757,0.3090363875760136,0.03556551481998974,0.03146087533671207,0.4814810003069562,0.8100620742579512,0.9361791383348657,0.0,0.0,1.0,0.0,0.0,0.0,0.0,0
ZC3H6,0.5803891932741356,0.2763735720102594,0.029717827434819915,0.0,0.0,0.0,0.0,0.0,0.0,0.0,0.0,0.0,0.0,0.0,0
BORA,0.5635745324012846,0.15800930048481243,0.0,0.0,0.0,0.0,0.9337186224298553,0.0,0.0,0.0,0.0,0.0,0.0,0.0,0
CNNM3,0.9351974305686757,0.3274516519396306,0.04235302185641627,0.047011163041586895,0.0,0.0,0.9389014332486302,0.0,0.0,0.0,0.0,0.0,0.0,0.0,0
METTL2A,0.9351974305686757,0.6000273991369276,0.03519404640508867,0.14816277343789364,0.0,0.0,0.0,0.0,0.0,0.0,0.0,1.0,0.0,0.0,0
ZNF720,0.7797090496882675,0.5861284258434751,0.0383952413891009,0.0,0.0,0.0,0.0,0.0,0.0,0.0,1.0,0.0,0.0,0.0,0
FUT9,0.9351974305686757,0.21773637463753204,0.0,0.0,0.67168687372927,0.0,0.0,0.0,0.0,0.0,0.0,0.0,0.0,0.0,0
STIP1,0.9351974305686757,0.29167903433264075,0.03737611781812381,0.3128604355860045,0.0,0.9193424536536713,0.8635975979957125,0.0,1.0,0.0,0.0,0.0,0.0,0.0,0
CCNK,0.9351974305686757,0.2656376768576234,0.0,0.0,0.0,0.0,0.6543087006356324,0.0,0.0,0.0,0.0,0.0,0.0,0.0,0
EPM2A,0.6621953523521633,0.22006530127634305,0.0,0.0,0.0,0.949982229545118,0.0,0.0,0.0,0.0,0.0,1.0,0.0,0.0,0
RRP8,0.5006612507084829,0.24176389554840136,0.0,0.0,0.0,0.9066170266681343,0.0,0.0,0.0,0.0,0.0,0.0,0.0,0.0,0
C12orf45,0.6648403551860949,0.3082676895677786,0.04846129833030025,0.05003588364636765,0.0,0.0,0.0,0.0,0.0,0.0,0.0,0.0,0.0,0.0,0
MYD88,0.5121859059134706,0.24788912482590125,0.062058025766942644,0.0,0.10010161348564739,0.0,0.8589693464923344,0.0,0.0,0.0,0.0,0.0,0.0,0.0,0
SALL1,0.9299074249008124,0.0965545585314061,0.0,0.0,0.7320909804444667,0.0,0.7751070371879594,0.0,0.0,0.0,0.0,0.0,0.0,0.0,0
WRAP53,0.03287360665029282,0.012087585907710308,0.0,0.0,0.0,0.9188355186942652,0.0,0.0,1.0,0.0,0.0,0.0,0.0,0.0,0
PLS1,0.6140185150198375,0.40491357855560883,0.039846650539085225,0.07454219556574042,0.5648419374081078,0.0,0.93751998714584,0.0,0.0,0.0,0.0,0.0,0.0,0.0,0
TMEM8B,0.9351974305686757,0.31536102168337254,0.0,0.0,0.0,0.0,0.46355347613814263,0.0,1.0,0.0,0.0,0.0,0.0,0.0,0
CA8,0.9351974305686757,0.7084884048374703,0.03361045059044109,0.0,0.16172291322812765,0.0,0.0,0.0,0.0,0.0,0.0,0.0,0.0,0.0,0
MSMO1,0.505195541280937,0.2211521337077883,0.031472026438586,0.048239634710677354,0.0674675367524161,0.0,0.5833709150110051,0.0,0.0,0.0,0.0,0.0,0.0,0.0,0
AFAP1,0.608539580578122,0.20802490277111824,0.0,0.0,0.0,0.9171941035342495,0.0,0.0,0.0,0.0,1.0,0.0,0.0,0.0,0
ZBTB37,0.7942565652748914,0.8651642806584929,0.0,0.0,0.0,0.0,0.8293365397714709,0.0,0.0,0.0,0.0,0.0,0.0,0.0,0
TEC,0.9351974305686757,0.275300439147278,0.030624087317322985,0.2951039973083366,0.015711078538212728,0.0,0.0,0.0,0.0,1.0,0.0,0.0,0.0,0.0,0
ZNF408,0.6442471188361987,0.3191816791104414,0.9776867521575306,0.8754237421467972,0.7690808309102207,0.0,0.8812169390092808,0.0,0.0,0.0,0.0,0.0,0.0,0.0,0
RING1,0.6425467598715284,0.38544344742029507,0.03301588822364492,0.8733568010565367,0.5636291141304846,0.9616651300985259,0.9429130656007192,0.0,0.0,0.0,0.0,0.0,0.0,0.0,0
RPS6KC1,0.7751747591158133,0.8899711547975129,0.027074942254427744,0.2232805878214703,0.05556071222040435,0.0,0.0,0.0,0.0,0.0,0.0,0.0,0.0,0.0,0
CRTAP,0.5248441337615719,0.2668249727911348,0.0390825162208744,0.0,0.0,0.0,0.9196572765586184,0.0,0.0,0.0,0.0,1.0,0.0,0.0,0
P3H3,0.9293406385792556,0.39886293581752175,0.0,0.0,0.0,0.0,0.8284631754412813,0.0,0.0,0.0,0.0,0.0,0.0,0.0,0
VPS4B,0.9351974305686757,0.26030093385391695,0.02747018487605099,0.02600708868545444,0.0,0.0,0.0,0.0,0.0,0.0,0.0,0.0,0.0,0.0,0
WBP11,0.9351974305686757,0.36090447595345193,0.0,0.0,0.0,0.7662908784799579,0.0,0.0,0.0,0.0,0.0,0.0,0.0,0.0,0
MTMR11,0.9351974305686757,0.898306581120473,0.0,0.0,0.0,0.0,0.8043675178559234,0.0,0.0,0.0,0.0,0.0,0.0,0.0,0
SPAG9,0.9351974305686757,0.5432168108926793,0.031726301586027406,0.04053181209334548,0.043641359292312464,0.8758306845058544,0.0,0.0,0.0,0.0,0.0,0.0,0.0,0.0,0
VPS26A,0.560173814471944,0.27128342123889765,0.020365163106013936,0.03648443384400609,0.050693895539884466,0.0,0.0,0.0,0.0,0.0,0.0,1.0,0.0,0.0,0
RABGAP1L,0.9351974305686757,0.8849982114452286,0.0,0.0,0.0,0.0,0.9201653168065734,0.0,0.0,0.0,0.0,0.0,0.0,0.0,0
ELP2,0.7636501039108257,0.2582383877130092,0.0,0.0,0.0,0.0,0.7424929458639227,0.0,0.0,0.0,0.0,0.0,0.0,0.0,0
BMPR1A,0.5996599282070659,0.23897679445319692,0.0,0.0,0.13392112587915095,0.0,0.0,0.0,0.0,0.0,0.0,0.0,0.0,0.0,0
DOCK9,0.5682977517475911,0.22268648537571062,0.018406549693790512,0.7042952683031848,0.0,0.849688962136139,0.0,1.0,0.0,0.0,0.0,1.0,0.0,0.0,0
CD320,0.8216512374834687,0.2954920808883409,0.07512844892959632,0.5806817959735352,0.0,0.9813991076483604,0.0,0.0,0.0,0.0,0.0,0.0,0.0,0.0,0
C11orf49,0.6442471188361987,0.32437381555814326,0.05367920756858382,0.6691756157934448,0.08771138415998551,0.0,0.0,0.0,0.0,0.0,0.0,0.0,0.0,0.0,0
USP42,0.689212167013036,0.42288436803129587,0.31098529223188404,0.9278511632197287,0.7640275639850606,0.873965981879631,0.931341895980597,0.0,0.0,0.0,0.0,0.0,0.0,0.0,0
MOCS3,0.9351974305686757,0.6224901248943996,0.0,0.0,0.9285655773542396,0.0,0.0,0.0,0.0,0.0,0.0,0.0,0.0,0.0,0
POLR2H,0.7882108445116192,0.4612979580032119,0.027011255384696703,0.0,0.0675717704840992,0.0,0.8971705283604178,0.0,0.0,0.0,0.0,0.0,0.0,0.0,0
FNBP4,0.6442471188361987,0.3230982335167554,0.02078239771189923,0.0,0.16398455184963442,0.0,0.9165609162275156,0.0,0.0,0.0,0.0,0.0,0.0,0.0,0
ETV6,0.9351974305686757,0.3970165384234841,0.027440001652322587,0.021866080608812507,0.050723049673719475,0.0,0.17047026461545775,0.0,0.0,0.0,0.0,0.0,0.0,0.0,0
ACTB,0.6903457396561496,0.43564323279372263,0.06380916551574785,0.43495754521771174,0.1765420884517155,0.5949893096782174,0.384091037805366,0.0,0.0,0.0,0.0,0.0,0.0,0.0,0
DCTN2,0.9351974305686757,0.3383154097312602,0.0,0.0,0.0,0.8841749179272579,0.0,0.0,0.0,0.0,1.0,0.0,0.0,0.0,0
TUT1,0.6523710561118459,0.2931433659839715,0.0,0.0,0.870426748384928,0.0,0.0,0.0,0.0,0.0,0.0,0.0,0.0,0.0,0
RNF10,0.48573587757415454,0.3005609212198705,0.0,0.0,0.0,0.9516356560163238,0.0,0.0,0.0,0.0,0.0,0.0,0.0,0.0,0
RBM6,0.05138862648781409,0.17829836137939425,0.03142556074759057,0.40934641757112583,0.06051053308297487,0.0,0.0,0.0,0.0,0.0,0.0,0.0,0.0,0.0,0
PRPF4B,0.9351974305686757,0.3726054295956344,0.0,0.0,0.0,0.0,0.8950134560187897,0.0,0.0,0.0,0.0,1.0,0.0,0.0,0
C7orf50,0.9351974305686757,0.43575739586425255,0.6047696905658654,0.9029888082436605,0.8083167221588025,0.9084029998940796,0.8538538359102642,0.0,0.0,0.0,0.0,0.0,0.0,0.0,0
TFB1M,0.5333459285849235,0.20407638270505582,0.0534332227750872,0.03088904222176667,0.025005435667215373,0.0,0.0,0.0,0.0,0.0,0.0,0.0,0.0,0.0,0
C16orf87,0.9191384847912337,0.14948360237763608,0.0466876637930288,0.0,0.0,0.0,0.0,0.0,0.0,0.0,0.0,1.0,0.0,0.0,0
CAPS2,0.9351974305686757,0.3659109071397584,0.036009242389156614,0.0,0.0,0.0,0.0,0.0,0.0,1.0,0.0,0.0,0.0,0.0,0
ZNF396,0.8433780464764783,0.2536840422860012,0.03673290953185738,0.0,0.4622441356807734,0.8417059792876853,0.0,0.0,1.0,0.0,0.0,0.0,0.0,0.0,0
MRM1,0.9351974305686757,0.305259873202883,0.03938977734360076,0.20272744068346615,0.0,0.0,0.8675018434082319,0.0,0.0,0.0,0.0,0.0,0.0,0.0,0
TRAF5,0.7337993576421689,0.8832340114619726,0.026428479726323572,0.0,0.5195721577132444,0.0,0.34972100165936726,0.0,0.0,0.0,0.0,0.0,0.0,0.0,0
ACTG1,0.7232193463064425,0.45991277941411524,0.088124304380055,0.16336123035320502,0.0,0.0,0.0,0.0,0.0,0.0,0.0,0.0,0.0,0.0,0
CHD5,0.44738333648214623,0.1562816326841261,0.5511730871871251,0.8323488347795647,0.6977576703509485,0.5844685977215687,0.7133555772708716,0.0,0.0,0.0,0.0,0.0,0.0,0.0,0
GPC6,0.9351974305686757,0.21103880783310877,0.0,0.693790243927055,0.2192287940677749,0.0,0.6977193964351426,0.0,0.0,0.0,0.0,0.0,0.0,0.0,0
XPO5,0.9351974305686757,0.4085759298582094,0.0,0.0,0.0,0.9411795561125772,0.0,0.0,0.0,0.0,0.0,0.0,0.0,0.0,0
RNF38,0.8071037218968449,0.3051837644891964,0.0491371019625254,0.1444137491640733,0.05290388104077998,0.0,0.0,0.0,0.0,0.0,0.0,0.0,0.0,0.0,0
PCGF6,0.6519931985641413,0.21810930733459677,0.08411603149730884,0.09516119169038813,0.07529975004780894,0.0,0.0,0.0,0.0,0.0,0.0,0.0,0.0,0.0,0
RBM48,0.5671641791044777,0.4061967714683654,0.0,0.0,0.0,0.0,0.9159764718321179,0.0,0.0,0.0,0.0,0.0,0.0,0.0,0
SUFU,0.6516153410164368,0.21957059463738005,0.01568806692174581,0.0,0.1518905701186495,0.0,0.0,0.0,0.0,0.0,1.0,0.0,0.0,0.0,0
CNEP1R1,0.9351974305686757,0.10005708153526488,0.05157542697734109,0.0,0.07578421253062535,0.0,0.0,0.0,0.0,0.0,0.0,0.0,0.0,0.0,0
TRAPPC10,0.9351974305686757,0.37178041113927135,0.09176198576628962,0.0,0.024991565803815268,0.0,0.0,0.0,0.0,0.0,0.0,0.0,0.0,0.0,0
PPP1CC,0.5121859059134706,0.29529724258130313,0.03521743288209105,0.04054866285253811,0.0,0.0,0.0,0.0,0.0,0.0,0.0,0.0,0.0,0.0,0
ZNF227,0.9351974305686757,0.3399806683867236,0.050317727210039416,0.0,0.047962176429846515,0.0,0.9506730257689963,0.0,0.0,0.0,0.0,0.0,0.0,0.0,0
DCUN1D4,0.9351974305686757,0.28526915846595274,0.03976654034804404,0.03715512667457272,0.33347806510298333,0.0,0.9678651624569657,0.0,0.0,0.0,0.0,0.0,0.0,0.0,0
CBLB,0.5837899112034763,0.36926882358761254,0.031048751441584223,0.05436520372630862,0.025990752575916994,0.0,0.0,0.0,0.0,0.0,0.0,0.0,0.0,0.0,0
HERC4,0.6270546004156432,0.2702270322929272,0.03582090063298741,0.03149221009417219,0.05112228611013217,0.9347457236347786,0.0,0.0,1.0,0.0,1.0,0.0,0.0,0.0,0
MYNN,0.8186283771018326,0.4797832423834206,0.0400195402686818,0.048482120531429244,0.03953575888578597,0.0,0.7816532191673142,0.0,1.0,0.0,0.0,1.0,0.0,0.0,0
UBN1,0.9285849234838466,0.6181306177744292,0.0,0.0,0.0,0.9269059663681725,0.9174554375661108,0.0,0.0,0.0,0.0,1.0,0.0,0.0,0
ZNF514,0.7007368222180238,0.3231119330852189,0.025825311335712312,0.7062737585274338,0.3088120779395407,0.9675871317702898,0.0,0.0,0.0,0.0,0.0,0.0,0.0,0.0,0
LGI2,0.036463253353485686,0.19038138076428363,0.04019948972935051,0.35336217870341774,0.24589088099284073,0.7544231053347262,0.0,0.0,0.0,0.0,0.0,1.0,0.0,0.0,0
PEX12,0.9351974305686757,0.3127870249864907,0.0,0.0,0.0,0.9132106174048934,0.0,0.0,0.0,0.0,0.0,0.0,0.0,0.0,0
TEAD1,0.5497827319100699,0.2736382248403619,0.0409818593877616,0.0,0.0,0.0,0.8089992201636126,0.0,0.0,0.0,0.0,1.0,0.0,0.0,0
MNT,0.46476478367655394,0.046581577124764684,0.037589841241327845,0.31817772077192036,0.37000608385545625,0.7717344028853842,0.09467945867451567,0.0,0.0,0.0,0.0,0.0,0.0,0.0,0
NPM1,0.6438692612884942,0.3558934782443242,0.04115055241985698,0.0,0.1474327920239268,0.0,0.0,0.0,0.0,0.0,0.0,0.0,0.0,0.0,0
SCNN1G,0.698658605705649,0.5995555251120706,0.0,0.0,0.7110833437729641,0.0,0.700255776061753,0.0,0.0,0.0,0.0,1.0,0.0,0.0,0
ICA1L,0.5885131305497827,0.26805336743003705,0.03221645628496758,0.04629184869467147,0.0,0.0,0.0,0.0,0.0,0.0,1.0,0.0,0.0,0.0,0
DAZAP2,0.05724541847723405,0.3090698754100357,0.03206542627114881,0.09599289043209888,0.5887266646075091,0.0,0.8385963074990327,0.0,0.0,0.0,0.0,0.0,0.0,0.0,0
ANKRD31,0.5505384470054789,0.25165802832766315,0.02701270647070513,0.0,0.049467115594988544,0.0,0.0,0.0,0.0,0.0,0.0,0.0,0.0,0.0,0
BAZ1B,0.8913659550349518,0.4117527075674894,0.03389704753132454,0.048225015817519805,0.041346957519552544,0.0,0.0,0.0,0.0,0.0,0.0,0.0,0.0,0.0,0
SLC44A1,0.49499338749291516,0.25586379584598645,0.043776269469044435,0.0,0.0,0.0,0.0,0.0,0.0,0.0,0.0,0.0,0.0,0.0,0
CACNA2D3,0.03910825618741731,0.17750226423423207,0.0,0.0,0.8262757389428029,0.9155542971048998,0.6654894799627636,0.0,0.0,0.0,0.0,1.0,0.0,0.0,0
UBE2B,0.6433024749669375,0.2937370139507272,0.0,0.0,0.07226088709806665,0.0,0.8429497493218622,0.0,0.0,0.0,0.0,1.0,0.0,0.0,0
PPP6R3,0.9351974305686757,0.5149058915755267,0.02627527344958248,0.049229986274371064,0.03298065986251107,0.0,0.0,0.0,0.0,0.0,0.0,0.0,0.0,0.0,0
AHI1,0.9351974305686757,0.26442450396145856,0.0,0.0,0.0,0.7397262471577049,0.0,0.0,0.0,0.0,0.0,0.0,0.0,0.0,0
GGT6,0.5324012847156622,0.04592095348996483,0.0,0.0,0.0,0.0,0.9321574140891322,0.0,0.0,0.0,0.0,0.0,0.0,0.0,0
RBM28,0.9351974305686757,0.40134103553515854,0.0,0.9502868084003643,0.30756773826412415,0.6774935320733866,0.0,0.0,1.0,0.0,0.0,0.0,0.0,0.0,0
CRAT,0.49707160400529,0.27049797931365155,0.0,0.0,0.0,0.6210468511716565,0.0,0.0,0.0,0.0,0.0,0.0,0.0,0.0,0
SMIM12,0.8290194596637068,0.23472840605520923,0.02507753264955885,0.06545504246405594,0.5995950374660739,0.8813930786564899,0.0,0.0,0.0,0.0,0.0,0.0,1.0,0.0,0
TM6SF1,0.9351974305686757,0.30185781370109066,0.0,0.0,0.0,0.0,0.8829205044325174,0.0,0.0,0.0,0.0,0.0,0.0,0.0,0
PNLDC1,0.0034007179293406298,0.18723504654047834,0.9072442135189779,0.9470513188643497,0.8642121145380208,0.0,0.9335243818137794,0.0,0.0,0.0,0.0,1.0,0.0,0.0,0
GMPR2,0.9351974305686757,0.30982791819835453,0.0,0.0,0.0,0.8714234800013948,0.0,0.0,0.0,0.0,0.0,0.0,0.0,0.0,0
MAD2L1BP,0.9351974305686757,0.4090021386548545,0.03823616709767887,0.11606440667266284,0.24302884064957656,0.0,0.9148623032834156,0.0,0.0,0.0,0.0,0.0,0.0,0.0,0
GAS8,0.5392027205743435,0.007056799933024216,0.04429814515449025,0.5295249118696983,0.29835705728220935,0.0,0.7895788463826187,0.0,0.0,0.0,0.0,0.0,0.0,0.0,0
OSGIN1,0.5392027205743435,0.00020853787550145775,0.9969971813543259,0.9457013206334128,0.7511025071895302,0.8126597880000612,0.0,0.0,0.0,0.0,0.0,0.0,0.0,0.0,0
GPSM1,0.5962592102777253,0.2900640074282104,0.6608501163858892,0.7774299393507832,0.7859356005969107,0.8380473391065092,0.6258365289375156,0.0,0.0,0.0,0.0,0.0,0.0,0.0,0
UQCRQ,0.6433024749669375,0.29342649039888574,0.0,0.0,0.47375388618588365,0.0,0.0,0.0,0.0,0.0,0.0,0.0,0.0,0.0,0
SOCS7,0.9351974305686757,0.41426886164196947,0.031133698944962762,0.0,0.04419331283259808,0.0,0.8887860244955029,0.0,0.0,0.0,0.0,0.0,0.0,0.0,0
CFAP74,0.0253164556962025,0.15959540607804193,0.6925668365503939,0.6632227734468703,0.8106895347526587,0.7183645536166305,0.714085667717181,0.0,0.0,0.0,1.0,0.0,0.0,0.0,0
ZPR1,0.018326091063668976,0.05199442884215777,0.05418758092650172,0.5551475860212329,0.36190258333898906,0.9286740050064021,0.9061779213876449,0.0,0.0,0.0,0.0,0.0,0.0,0.0,0
GTF2E2,0.9351974305686757,0.13115814629616934,0.035571228735227625,0.08343650048761439,0.0,0.0,0.0,0.0,0.0,0.0,0.0,0.0,0.0,0.0,0
PLIN3,0.8261855280559229,0.2716944082928054,0.9649735541345221,0.7705209691192125,0.0,0.0,0.972809649643183,0.0,0.0,0.0,0.0,1.0,0.0,0.0,0
SWSAP1,0.8242962403174003,0.3200828062804911,0.0,0.0,0.8910413147872305,0.0,0.0,0.0,0.0,0.0,0.0,0.0,0.0,0.0,0
SRA1,0.6814660872850935,0.3138007930527966,0.034284482826816114,0.0,0.19941113439954528,0.0,0.7668332551311589,0.0,0.0,0.0,0.0,0.0,0.0,0.0,0
C9orf72,0.9351974305686757,0.2643301291564871,0.03382205070162649,0.029889339576641888,0.0,0.0,0.0,0.0,0.0,0.0,0.0,0.0,0.0,0.0,0
ACTR3,0.7296429246174192,0.2837226294038404,0.0,0.0,0.0,0.0,0.24580291018532086,0.0,0.0,0.0,0.0,0.0,0.0,0.0,0
KIDINS220,0.5254109200831287,0.3248015465290621,0.032483304048195605,0.10939857934016944,0.4792935351048749,0.964614317027161,0.0,0.0,0.0,0.0,0.0,0.0,0.0,0.0,0
SRPK2,0.9297184961269601,0.39300560921219874,0.03138003310224202,0.8503435365098068,0.7735737048047301,0.8008416527659912,0.0,0.0,0.0,0.0,0.0,0.0,0.0,0.0,0
ELOVL6,0.7337993576421689,0.22786187790640144,0.03329362247095715,0.4861498141625827,0.39373330740942214,0.3267765022660267,0.0,0.0,1.0,0.0,0.0,1.0,0.0,0.0,0
TIGD5,0.9351974305686757,0.836617424328912,0.0,0.0,0.0,0.0,0.4522454700124585,0.0,0.0,0.0,0.0,0.0,0.0,0.0,0
CDK7,0.5505384470054789,0.2585352116963871,0.03129808481208872,0.04986288387695182,0.05126143984292341,0.0,0.0,0.0,0.0,0.0,0.0,0.0,0.0,0.0,0
SPRED1,0.760249385981485,0.18226666971101535,0.033092263955289934,0.05075536732676927,0.05447498156141058,0.0,0.0,0.0,0.0,0.0,0.0,0.0,0.0,0.0,0
ZNF45,0.9351974305686757,0.3383686858308408,0.06577665467571708,0.03128979641448047,0.0,0.0,0.0,0.0,0.0,0.0,0.0,0.0,0.0,0.0,0
HESX1,0.03721896844889472,0.18190591440814038,0.0,0.0,0.0,0.909806437428596,0.0,0.0,0.0,0.0,0.0,0.0,0.0,0.0,0
GXYLT1,0.5968259965992821,0.3616655630903182,0.018014630581246645,0.261058370969832,0.5127298047733225,0.0,0.0,0.0,0.0,0.0,0.0,0.0,0.0,0.0,0
TMEM106C,0.6058945777441904,0.32958878461995117,0.0,0.0,0.0,0.0,0.8706033016653103,0.0,0.0,0.0,0.0,0.0,0.0,0.0,0
MAPKAPK2,0.9351974305686757,0.9301443782298633,0.04442629354099808,0.09056743508446345,0.04023461303037453,0.0,0.5843975234050152,0.0,0.0,0.0,0.0,1.0,0.0,0.0,0
NRG3,0.9210277725297562,0.28957538948634226,0.0,0.0,0.18697333174506733,0.0,0.7655186196834426,0.0,0.0,0.0,1.0,0.0,0.0,0.0,0
SNRK,0.019648592480634774,0.20684521770897535,0.015526258220399462,0.4475411629041095,0.0,0.0,0.8981591924034646,0.0,0.0,0.0,0.0,0.0,0.0,0.0,0
WDR46,0.6425467598715284,0.3857372270551255,0.0,0.9354950321225645,0.0,0.0,0.0,0.0,0.0,0.0,0.0,0.0,0.0,0.0,0
TAF4,0.9351974305686757,0.6253061473008046,0.8416301903061422,0.7580653303873396,0.7545506314106791,0.8796542662663128,0.954667526934389,0.0,0.0,0.0,0.0,0.0,0.0,0.0,0
SDCBP,0.9351974305686757,0.699085934348624,0.02888876826402581,0.0,0.044651947758642334,0.0,0.0,0.0,0.0,1.0,0.0,0.0,0.0,0.0,0
MED1,0.9351974305686757,0.5577718412981102,0.03858547337239802,0.04413326876686718,0.7191769593343358,0.0,0.0,0.0,0.0,0.0,0.0,0.0,1.0,0.0,0
CCZ1B,0.689212167013036,0.42111560152521854,0.038756026964087774,0.5023115726308233,0.0,0.0,0.0,0.0,0.0,0.0,0.0,0.0,0.0,0.0,0
JADE2,0.6433024749669375,0.2937004817681576,0.039689288309614296,0.0,0.021566211991494475,0.0,0.752631430011458,0.0,0.0,0.0,0.0,0.0,0.0,0.0,0
CYP20A1,0.5885131305497827,0.27038990494021653,0.03776338046152456,0.8808807394021532,0.048041150458963934,0.0,0.0,0.0,0.0,0.0,0.0,0.0,0.0,0.0,0
GCLM,0.9351974305686757,0.2446834258054205,0.0359820738313675,0.37383181825376993,0.0,0.0,0.0,0.0,0.0,0.0,0.0,0.0,0.0,0.0,0
TGM2,0.9351974305686757,0.5330136767358494,0.05833179883160029,0.0,0.17241871079646715,0.8866917492589486,0.0,0.0,0.0,0.0,0.0,0.0,0.0,0.0,0
ZNF24,0.8433780464764783,0.25325174479226115,0.05463254310402939,0.03542514619965763,0.0,0.8926879490579062,0.0,0.0,0.0,0.0,0.0,0.0,0.0,0.0,0
ANXA5,0.5826563385603627,0.23164752532517452,0.037478976429604446,0.0,0.0,0.0,0.0,0.0,0.0,0.0,0.0,0.0,0.0,0.0,0
NRIP1,0.9351974305686757,0.3373016416649542,0.03759210424476136,0.07305371012988736,0.0,0.4725607858895661,0.0,0.0,0.0,0.0,0.0,0.0,0.0,0.0,0
CEP72,0.9210277725297562,0.4954738147970563,0.9527968288995565,0.9331363056287764,0.9001132607063139,0.9307415668898051,0.9492847247366317,0.0,0.0,0.0,0.0,0.0,0.0,0.0,0
PNPT1,0.4823351596448139,0.34332640744038784,0.043422648890030224,0.03134146435237578,0.8981911773887764,0.0,0.0,0.0,0.0,0.0,0.0,0.0,0.0,0.0,0
LYAR,0.608539580578122,0.20782702011553297,0.0,0.0,0.0,0.9432922597657918,0.0,0.0,0.0,0.0,0.0,0.0,0.0,0.0,0
FHOD1,0.52635556395239,0.01599500726838199,0.0,0.0,0.0,0.714331017662099,0.8707249758721768,0.0,0.0,0.0,0.0,0.0,0.0,0.0,0
AKT2,0.9351974305686757,0.40470199633155995,0.027966125225316173,0.30429448897756856,0.4733756387780939,0.0,0.733802153190519,0.0,0.0,0.0,1.0,0.0,0.0,0.0,0
ZNF480,0.7086718307198187,0.3674437366334072,0.0,0.0,0.0,0.0,0.7332607157257647,0.0,0.0,0.0,0.0,0.0,0.0,0.0,0
SNRPG,0.5905913470621575,0.3333774763872716,0.03177205890070674,0.04152954860488657,0.28936022758977825,0.0,0.0,0.0,1.0,0.0,0.0,0.0,0.0,0.0,0
UBE4A,0.6799546570942754,0.07049036844228254,0.026792483597043164,0.3620962307791504,0.05423320777787318,0.0,0.9401420543776512,0.0,0.0,0.0,0.0,0.0,0.0,0.0,0
NUP160,0.6442471188361987,0.32233105768279413,0.04703993312792028,0.04020695802213534,0.07171436058748112,0.0,0.0,0.0,0.0,0.0,0.0,0.0,0.0,0.0,0
MT2A,0.52635556395239,0.032755668196451815,0.08217749067585729,0.25264669422668595,0.054009228399457515,0.0,0.0,0.0,0.0,0.0,0.0,0.0,0.0,0.0,0
TOLLIP,0.47591158133383715,0.236005510270871,0.9059170248308471,0.8795115735112873,0.9238898406075954,0.9196143557221667,0.7120149608021313,0.0,0.0,0.0,0.0,1.0,0.0,0.0,0
PSMB1,0.4800680143585868,0.19207708290522182,0.0,0.23306740068364146,0.0,0.0,0.0,0.0,0.0,0.0,0.0,0.0,0.0,0.0,0
INTU,0.496315888909881,0.22934599782329085,0.0,0.0,0.0,0.0,0.8158677732499884,0.0,0.0,0.0,0.0,1.0,0.0,0.0,0
CLCN6,0.4502172680899301,0.14490642433652232,0.6699769808490572,0.9243558557160555,0.44630763210594954,0.938952264142179,0.7881794202073491,0.0,0.0,0.0,0.0,1.0,0.0,0.0,0
DDX54,0.5104855469488003,0.30000076108713686,0.0,0.0,0.0,0.9283896589151776,0.0,0.0,0.0,0.0,0.0,0.0,0.0,0.0,0
IER5,0.7895333459285849,0.8836526093872493,0.03804657848302687,0.2914064631660556,0.05333411766717328,0.0,0.0,0.0,0.0,0.0,0.0,0.0,0.0,0.0,0
TTYH2,0.9351974305686757,0.5143655197083514,0.0,0.0,0.0,0.0,0.6076170837817211,0.0,0.0,0.0,0.0,1.0,0.0,0.0,0
STIM1,0.47591158133383715,0.2376083597811114,0.0,0.0,0.0,0.6887201382528938,0.7967562587513846,0.0,1.0,0.0,0.0,0.0,0.0,0.0,0
RBM33,0.6843000188928774,0.37889657586897135,0.9032074432997766,0.9828683511284388,0.9192963383407503,0.8600423686649442,0.0,0.0,0.0,0.0,0.0,1.0,0.0,0.0,0
FUT10,1.0,0.21287911653005137,0.037041650718121204,0.0,0.0,0.0,0.0,0.0,0.0,0.0,0.0,0.0,0.0,0.0,0
NCOA4,0.6331003211789155,0.2907109314945468,0.08812413424297527,0.4758227578407748,0.5085232199699892,0.8001925198775962,0.8443420759780028,0.0,0.0,0.0,0.0,0.0,0.0,0.0,0
UBE2L3,0.5830341961080672,0.1557336499455822,0.02447799309277445,0.0,0.0487542822812065,0.0,0.6917602435187947,0.0,0.0,0.0,0.0,0.0,0.0,0.0,0
ARID2,0.5511052333270356,0.33154021203887635,0.03723269646329018,0.0,0.0,0.0,0.0,0.0,0.0,1.0,1.0,1.0,0.0,0.0,0
ACAP3,0.0253164556962025,0.15959540607804193,0.9032877743187175,0.2559660756327005,0.8925154074678212,0.7511555090042322,0.942980152911791,0.0,0.0,0.0,0.0,0.0,0.0,0.0,0
TPCN2,0.9351974305686757,0.6659634221522026,0.04974118753443831,0.0546511879902049,0.8918259760475361,0.0,0.9490025707165717,0.0,0.0,0.0,0.0,0.0,0.0,0.0,0
BAG3,0.9351974305686757,0.2250428111514488,0.03911931629276854,0.05712091972397074,0.5944776283698333,0.0,0.2407861480001896,0.0,0.0,0.0,0.0,0.0,0.0,0.0,0
SMARCA5,0.5182316266767428,0.24547191207921396,0.028046639052131457,0.0,0.0,0.0,0.9425815741305601,0.0,0.0,0.0,0.0,1.0,1.0,0.0,0
SKI,0.0253164556962025,0.15959540607804193,0.47490801022875306,0.7211106828606975,0.5978720957208962,0.8586237108621969,0.6440801646365032,0.0,0.0,0.0,0.0,0.0,0.0,0.0,0
CD2AP,0.9351974305686757,0.3955522067721533,0.0,0.37808116715413653,0.0,0.0,0.0,0.0,0.0,0.0,0.0,1.0,0.0,0.0,0
ME2,0.7234082750802947,0.22205326087783778,0.04568266440322938,0.0,0.044938194996651075,0.0,0.0,0.0,0.0,0.0,0.0,0.0,0.0,0.0,0
GPR107,0.49707160400529,0.26648248357954496,0.04731420355672179,0.0,0.0,0.0,0.7648033458590492,0.0,0.0,0.0,0.0,0.0,0.0,0.0,0
AGA,0.538824863026639,0.2194031554672695,0.0,0.0,0.0,0.9349527641626545,0.0,0.0,0.0,0.0,0.0,1.0,0.0,0.0,0
CDK20,0.711127904779898,0.27429884847516184,0.05946173616911394,0.22199946059345516,0.0,0.0,0.0,0.0,0.0,0.0,0.0,0.0,0.0,0.0,0
SUCLA2,0.02852824485169092,0.09725171434877575,0.0,0.0,0.0,0.0,0.9189642785376697,0.0,0.0,0.0,0.0,1.0,0.0,0.0,0
E2F4,0.52635556395239,0.017005730986140444,0.022759767587705662,0.03768977262607486,0.0,0.8555945745758993,0.0,0.0,0.0,0.0,0.0,0.0,0.0,0.0,0
PCNT,0.8439448327980351,0.3700984085667968,0.9086417623316616,0.8668588861687626,0.8322050936510147,0.9148703532166145,0.9307094618674419,0.0,0.0,0.0,0.0,0.0,0.0,0.0,0
TAF1A,0.8634044965048177,0.8882602309138373,0.0,0.0,0.0,0.7250309698349505,0.0,0.0,0.0,0.0,0.0,0.0,0.0,0.0,0
MSX2,0.6438692612884942,0.35517653416139616,0.11873977388331235,0.19338790748320858,0.5783550163754584,0.8413213177503435,0.7348536960707371,0.0,0.0,0.0,0.0,0.0,0.0,0.0,0
NAGK,0.0,0.3259431772343616,0.0,0.0,0.0,0.0,0.5154080862319987,0.0,0.0,0.0,0.0,0.0,0.0,0.0,0
C16orf91,0.9351974305686757,0.605249979070104,0.016982687899640986,0.04394306466686322,0.0,0.0,0.0,0.0,0.0,0.0,0.0,1.0,0.0,0.0,0
PHACTR4,0.4549404874362365,0.15053085827796434,0.02512260463440527,0.8491410622911983,0.062533683765941,0.0,0.8062758721168971,0.0,0.0,0.0,1.0,1.0,0.0,0.0,0
AKAP1,0.9351974305686757,0.5316558972836802,0.0,0.0,0.8432307870964829,0.0,0.0,0.0,0.0,0.0,0.0,0.0,0.0,0.0,0
SNAI2,0.9351974305686757,0.667240526367864,0.0,0.10427991257622671,0.0,0.2137857226712638,0.0,0.0,0.0,0.0,0.0,0.0,0.0,0.0,0
SLC40A1,0.9351974305686757,0.298149797170278,0.04497756497152587,0.06299642804942328,0.40898966224313793,0.8329679904163104,0.0,0.0,0.0,1.0,0.0,0.0,0.0,0.0,0
ETV3,0.774230115246552,0.8782519350640459,0.046345915083714544,0.20480953719180417,0.16092842092022647,0.8797102501797288,0.0,0.0,0.0,0.0,1.0,0.0,0.0,0.0,0
RAD18,0.6417910447761195,0.34245724593008653,0.02937115165009215,0.053211706622678344,0.09590525040314649,0.0,0.0,0.0,0.0,0.0,0.0,1.0,0.0,0.0,0
GEMIN2,0.6920460986208199,0.3170141029446461,0.02720929778737419,0.4583454319264278,0.03853639398170075,0.0,0.0,0.0,1.0,0.0,0.0,1.0,0.0,0.0,0
HACD1,0.6816550160589457,0.4158519228866513,0.05087887949381293,0.0,0.087389853885703,0.9386296944634618,0.0,0.0,0.0,0.0,0.0,0.0,0.0,0.0,0
COPS6,0.9351974305686757,0.4032026546719334,0.0760890282436049,0.021553367425685685,0.05172522986630175,0.0,0.7018252313274094,0.0,0.0,0.0,0.0,0.0,0.0,0.0,0
PRPF40B,0.4396372567542036,0.31577200873728034,0.033137191109241446,0.05850280505528939,0.23563480050477914,0.8678185152896983,0.7332184349729808,0.0,0.0,0.0,0.0,0.0,0.0,0.0,0
DLST,0.43925939920649915,0.2199328721145284,0.02752423910999485,0.056047712678838485,0.0433172871878336,0.0,0.7518768543999379,0.0,0.0,0.0,0.0,1.0,0.0,0.0,0
CNOT1,0.52635556395239,0.01873948748392218,0.04791132040311025,0.13446104123465377,0.045431724987151284,0.0,0.0,0.0,0.0,0.0,0.0,0.0,0.0,0.0,0
NR2C1,0.653882486302664,0.319980820604151,0.0270847698253364,0.059812324823471714,0.1896263682023733,0.8994864391876368,0.0,0.0,0.0,0.0,0.0,0.0,0.0,0.0,0
MRPS18B,0.8938220290950312,0.39097502873103934,0.0,0.0,0.0,0.0,0.9035501207765324,0.0,0.0,0.0,0.0,0.0,0.0,0.0,0
PIGV,0.4502172680899301,0.13761216521679573,0.04297553437952031,0.137873463967488,0.036422080433776816,0.0,0.7504786867310291,0.0,0.0,0.0,0.0,0.0,0.0,0.0,0
FAM107B,0.9070470432646892,0.4357665289098951,0.06675578998861616,0.26416864585123323,0.06636189346875179,0.0,0.0,0.0,0.0,0.0,0.0,0.0,0.0,0.0,0
IMMP2L,0.7319100699036463,0.39500117968506215,0.04500989267352436,0.555645378095454,0.29477999377205616,0.953726754286112,0.0,0.0,0.0,0.0,0.0,0.0,0.0,0.0,0
REPS1,0.9351974305686757,0.2458311452078148,0.030971710654200645,0.15281664292695968,0.04616730872449815,0.8460984534258669,0.0,0.0,0.0,0.0,0.0,0.0,0.0,0.0,0
CTH,0.5450595125637634,0.24787238090889024,0.04133791205189673,0.02410119097866313,0.0,0.0,0.0,0.0,0.0,1.0,0.0,0.0,0.0,0.0,0
SYT12,0.9351974305686757,0.4615719493724837,0.031620142504065155,0.06732866857983298,0.42888538491617206,0.0,0.0,0.0,0.0,0.0,0.0,0.0,0.0,0.0,0
NAT10,0.9351974305686757,0.38114634944554804,0.04703421576165964,0.04412126666414533,0.03529637775187282,0.0,0.9372333774008884,0.0,0.0,0.0,0.0,0.0,0.0,0.0,0
ARCN1,0.6799546570942754,0.07883492781088475,0.0,0.0,0.0,0.0,0.888085932338063,0.0,0.0,0.0,0.0,0.0,0.0,0.0,0
MAP3K14,0.6922350273946722,0.260504905206597,0.030654910011227554,0.4458782055344329,0.07343634088163001,0.0,0.0,0.0,0.0,0.0,0.0,0.0,0.0,0.0,0
MEPCE,0.9351974305686757,0.39815208043168865,0.0,0.0,0.5920130141384843,0.825247090980119,0.5765400043370466,0.0,0.0,0.0,0.0,0.0,0.0,0.0,0
PGM2,0.02947288872095219,0.2092441643643781,0.039790757716797714,0.03920191423300132,0.054716076216903116,0.0,0.9364838747018206,0.0,0.0,0.0,0.0,1.0,0.0,0.0,0
PRPF40A,0.9351974305686757,0.26556613466675794,0.0,0.0,0.0,0.8931791600945139,0.0,0.0,0.0,1.0,0.0,0.0,0.0,0.0,0
PKIG,0.9351974305686757,0.5393428773660298,0.06350919733494843,0.11975052085125094,0.0,0.0,0.0,0.0,0.0,0.0,0.0,0.0,0.0,0.0,0
RPP38,0.8809748724730777,0.43187737364050827,0.0,0.0,0.0,0.0,0.831187914279653,0.0,0.0,0.0,0.0,0.0,0.0,0.0,0
RMDN1,0.9351974305686757,0.8371303970591598,0.03232862947089944,0.5770899168317664,0.38698138018778366,0.9297276400062474,0.0,0.0,0.0,0.0,0.0,0.0,0.0,0.0,0
ENPP4,0.9351974305686757,0.4059851892443166,0.0,0.0,0.0,0.0,0.7918542366538511,0.0,0.0,0.0,0.0,0.0,0.0,0.0,0
ZNF485,0.5898356319667486,0.3026736991118113,0.0,0.0,0.0,0.0,0.8772670016097367,0.0,0.0,0.0,0.0,0.0,0.0,0.0,0
RORA,0.9351974305686757,0.2427867966603497,0.0490975703650593,0.08695446457273928,0.3158023853239617,0.9058686658255711,0.0,0.0,0.0,0.0,0.0,0.0,0.0,0.0,0
PCGF3,0.7181182694124315,0.21288824957569386,0.7536316831566587,0.8715773531072502,0.8675850504803764,0.8845803060893404,0.8362820728123157,0.0,0.0,0.0,0.0,0.0,0.0,0.0,0
HSPH1,0.9351974305686757,0.19010891156928553,0.04664583884011684,0.0,0.09262875295557094,0.855729998334546,0.0,0.0,0.0,0.0,0.0,0.0,0.0,0.0,0
ACSL3,0.05686756092952955,0.24211703997990733,0.024346812240580343,0.24269293004896486,0.04757547289090901,0.0,0.6667992183826403,0.0,0.0,0.0,0.0,0.0,0.0,0.0,0
UVRAG,0.9351974305686757,0.4198491525294732,0.0,0.0,0.4322059804420516,0.0,0.7739877619580798,0.0,0.0,0.0,0.0,0.0,0.0,0.0,0
TRPC4AP,0.9351974305686757,0.5307806470762837,0.056037307286783085,0.0,0.4653561814958758,0.0,0.0,0.0,0.0,0.0,0.0,0.0,0.0,0.0,0
PICALM,0.9351974305686757,0.20886514297021858,0.026843612824070554,0.04747651708244417,0.3421282995428535,0.4440541600741407,0.0,0.0,0.0,1.0,0.0,0.0,1.0,0.0,0
ACAD9,0.6909125259777064,0.3691972813967472,0.03285779803790149,0.06046556522477602,0.040018879343779776,0.0,0.0,0.0,0.0,0.0,0.0,0.0,0.0,0.0,0
CERCAM,0.6478367655393917,0.2805047529891697,0.02030775783516205,0.48026299795533506,0.0,0.0,0.9973150650160068,0.0,0.0,0.0,1.0,0.0,0.0,0.0,0
TGOLN2,0.750047232193463,0.3418772975317944,0.05717574386648379,0.09747453935010407,0.07726069302386954,0.6283720647239387,0.0,0.0,0.0,0.0,0.0,0.0,0.0,0.0,0
DYRK1A,0.6236538824863027,0.3628376372810923,0.0,0.0,0.04330349896389481,0.0,0.0,0.0,0.0,1.0,0.0,0.0,0.0,0.0,0
BBS2,0.52635556395239,0.03325494135823609,0.03057578464925563,0.16151595187579101,0.28824487083591893,0.5515716705693231,0.0,0.0,0.0,0.0,0.0,0.0,0.0,0.0,0
ETF1,0.6013602871717363,0.3091855606548394,0.037778897988448044,0.05543941045596739,0.0,0.7882687535207529,0.0,0.0,0.0,0.0,0.0,0.0,0.0,0.0,0
PACS1,0.9351974305686757,0.37796348303917326,0.04165264886473641,0.0,0.8890507057266316,0.0,0.9219801290800661,0.0,0.0,0.0,0.0,0.0,0.0,0.0,0
SSTR3,0.5414698658605706,0.12647441605589416,0.8224937728481009,0.7253538779066714,0.8382458258608967,0.0,0.8561367253841993,0.0,0.0,0.0,0.0,0.0,0.0,0.0,0
ANKRD36C,0.7007368222180238,0.3174661887039447,0.09572085076306058,0.0863089528043343,0.03501719213752943,0.0,0.0,0.0,0.0,0.0,1.0,0.0,0.0,0.0,0
ADAM15,0.9351974305686757,0.9055034210866802,0.05343357293746458,0.6326850388220985,0.21476940767526037,0.8784192977191965,0.8608925606182583,0.0,0.0,0.0,1.0,1.0,0.0,0.0,0
DDX6,0.6799546570942754,0.07776331712217702,0.0,0.0,0.0,0.7119524868271779,0.0,0.0,0.0,0.0,0.0,0.0,0.0,0.0,0
SLC25A39,0.541847723408275,0.2435280955316573,0.05262742221485595,0.0,0.0,0.9412837916714859,0.0,0.0,0.0,0.0,0.0,0.0,0.0,0.0,0
KRT1,0.46722085773663324,0.32280445388192497,0.0,0.8904583796206395,0.5370421094335598,0.0,0.0,0.0,0.0,0.0,0.0,0.0,0.0,0.0,0
WDSUB1,0.5488380880408086,0.26632874397789796,0.0663345069796701,0.4696930558962838,0.0441538627618635,0.0,0.0,0.0,0.0,0.0,0.0,0.0,0.0,0.0,0
DDX51,0.48573587757415454,0.2983796454856117,0.0,0.9249084374118786,0.0,0.9634021969013733,0.8918396884426824,0.0,0.0,0.0,0.0,0.0,0.0,0.0,0
DOCK3,0.05138862648781409,0.17327823062462408,0.05789001916632283,0.0,0.0,0.9048770859627028,0.0,0.0,0.0,0.0,0.0,0.0,0.0,0.0,0
NOMO2,0.698658605705649,0.6131196200653017,0.021918259579981045,0.04468570064921537,0.038908817992949325,0.7531996599023142,0.0,0.0,0.0,0.0,0.0,0.0,0.0,0.0,0
ENTPD5,0.4989608917438126,0.22328013334246635,0.0,0.0,0.0,0.9149156539262857,0.0,0.0,0.0,0.0,0.0,0.0,0.0,0.0,0
B3GAT3,0.6523710561118459,0.2898600360755303,0.052473635581839415,0.0,0.09434664917427403,0.0,0.6789866650738182,0.0,0.0,0.0,0.0,0.0,0.0,0.0,0
COA4,0.9351974305686757,0.36708145915625884,0.0,0.0,0.0,0.8476404840012323,0.0,0.0,0.0,0.0,0.0,0.0,0.0,0.0,0
NBR1,0.5473266578499906,0.24995471531535637,0.0,0.0,0.0,0.8414316008063119,0.0,0.0,0.0,0.0,0.0,1.0,0.0,0.0,0
C12orf43,0.5488380880408086,0.2990981117428134,0.0271008063185819,0.10886663654383284,0.3966945621554503,0.0,0.0,0.0,0.0,0.0,0.0,1.0,0.0,0.0,0
PPP6R2,0.5254109200831287,0.13635941578951355,0.7157354800454101,0.9013809268046544,0.8391551310316147,0.8490822548011498,0.8210347100637609,0.0,0.0,0.0,0.0,0.0,0.0,0.0,0
CEP104,0.4515397695068959,0.16228965454254862,0.9516222852948483,0.9604273268708647,0.9241073137975023,0.0,0.8909287709768635,0.0,0.0,0.0,0.0,0.0,0.0,0.0,0
FAM111A,0.9125259777064046,0.29072158671446297,0.0,0.0,0.055871942281150874,0.0,0.8515957660717361,0.0,0.0,0.0,0.0,0.0,0.0,0.0,0
TNFRSF19,0.6550160589457774,0.17101323530531015,0.04516226913010899,0.6526794697758976,0.1031982052356786,0.9142229822818355,0.0,0.0,0.0,0.0,0.0,1.0,0.0,0.0,0
PRKACB,0.5255998488569809,0.23708625400522104,0.0,0.0,0.0,0.0,0.9198876302718137,0.0,0.0,0.0,0.0,1.0,0.0,0.0,0
TRMT2A,0.5830341961080672,0.1557336499455822,0.0,0.8262093895300008,0.0,0.0,0.0,0.0,0.0,0.0,0.0,0.0,0.0,0.0,0
NSL1,0.9351974305686757,0.8882845857022172,0.0,0.9159528337394085,0.0,0.0,0.0,0.0,0.0,0.0,0.0,1.0,0.0,0.0,0
EIF4EBP2,0.6083506518042698,0.27325007040056015,0.025584902604549226,0.05603554602489257,0.17997491771956967,0.0,0.0,0.0,0.0,0.0,0.0,0.0,0.0,0.0,0
MPC1,0.6822218023805026,0.19833474134453655,0.0,0.9054144838974132,0.0,0.940677414228444,0.0,0.0,0.0,0.0,0.0,0.0,0.0,0.0,0
KLHL11,0.9351974305686757,0.2648522349323774,0.025599315433436767,0.028446125009904,0.03146991056301373,0.9151574336738427,0.0,0.0,0.0,0.0,0.0,0.0,0.0,0.0,0
AHCYL1,0.6941243151331947,0.2551468517630584,0.029125152685897906,0.04440572074915956,0.03061302620537271,0.0,0.8065632664276227,0.0,0.0,0.0,0.0,0.0,0.0,0.0,0
HMBS,0.018326091063668976,0.06509426064190046,0.026458260472575584,0.18093494008656752,0.29740112978535943,0.7546642699934094,0.803317239190114,0.0,0.0,0.0,1.0,0.0,0.0,0.0,0
CLK1,0.5019837521254487,0.2755972631306558,0.05530464694623599,0.05050532749626586,0.03512425057679793,0.2391609343194733,0.0,0.0,0.0,0.0,0.0,0.0,0.0,0.0,0
OXLD1,0.7232193463064425,0.4613284014886866,0.0,0.9155473660297715,0.0,0.0,0.0,0.0,0.0,0.0,0.0,0.0,0.0,0.0,0
FAHD2B,0.7007368222180238,0.3175407752433576,0.0,0.0,0.0,0.8632145193521958,0.0,0.0,0.0,1.0,0.0,0.0,0.0,0.0,0
HACD3,0.9351974305686757,0.2538834471158603,0.0282900131126526,0.5571808580951267,0.19385213009330382,0.0,0.46853952371824414,0.0,0.0,0.0,0.0,1.0,0.0,0.0,0
USF2,0.9351974305686757,0.41935749023905755,0.0342105508875295,0.903478624265857,0.8312997966120566,0.8372310582166337,0.0,0.0,0.0,0.0,0.0,0.0,0.0,0.0,0
TRIM65,0.8987341772151899,0.4977327214192754,1.0,0.9474127619733606,0.8930749921045642,0.6714100343111944,0.0,0.0,0.0,0.0,0.0,0.0,0.0,0.0,0
TCF20,0.5590402418288305,0.12057142422235914,0.7088409262300653,0.7249793472258593,0.7976355484696801,0.8408039593934986,0.8081761561714624,0.0,0.0,0.0,0.0,0.0,0.0,0.0,0
ALAD,0.5288116380124692,0.277041806516428,0.04590346069668779,0.5459572921478001,0.2538448770791524,0.0,0.0,0.0,0.0,0.0,0.0,0.0,0.0,0.0,0
FRS3,0.9351974305686757,0.4147498687124688,0.0,0.826705211364751,0.0,0.0,0.0,0.0,0.0,0.0,0.0,0.0,0.0,0.0,0
PCLO,0.5505384470054789,0.4086900929287394,0.0523513324661193,0.07423339382920342,0.0,0.9059398804590925,0.0,0.0,0.0,1.0,0.0,0.0,0.0,0.0,0
SH2D3C,0.5000944643869261,0.2857471211879048,0.037134736661046844,0.6631837829861875,0.0,0.0,0.9289943054274374,0.0,0.0,0.0,1.0,1.0,0.0,0.0,0
ENOSF1,0.6079727942565653,0.27216476014338886,0.130579528689215,0.0,0.6253294202226652,0.0,0.0,0.0,0.0,0.0,0.0,1.0,0.0,0.0,0
NDUFV3,0.9351974305686757,0.3597339239369516,0.029199609280544294,0.05505044056028921,0.0,0.0,0.9179355010272813,0.0,0.0,1.0,0.0,1.0,0.0,0.0,0
PCMT1,0.9351974305686757,0.21664193133471843,0.0,0.0,0.0,0.0,0.7925404394296004,0.0,0.0,0.0,0.0,0.0,0.0,0.0,0
ACD,0.52635556395239,0.010387317243951144,0.0,0.9928939292697121,0.0,0.0,0.0,0.0,0.0,0.0,0.0,0.0,0.0,0.0,0
FBXO45,0.7035707538258077,0.4650059745340245,0.0,0.0,0.9393082843398147,0.0,0.0,0.0,0.0,0.0,0.0,0.0,0.0,0.0,0
MPP2,0.541847723408275,0.25230951891682074,0.09446927329948519,0.22694489387850492,0.282709955987469,0.8019137061691173,0.6982046060156283,0.0,0.0,0.0,0.0,0.0,0.0,0.0,0
ZCWPW1,0.9351974305686757,0.3987152849129697,0.0,0.0,0.0,0.9450290759696004,0.0,0.0,0.0,0.0,1.0,0.0,0.0,0.0,0
ISOC2,0.7944454940487437,0.3865805116027733,0.039902300505279174,0.060068867099693266,0.6205293149687671,0.0,0.8657882356682759,0.0,0.0,0.0,0.0,1.0,0.0,0.0,0
TMPO,0.8375212544870584,0.3205592468281694,0.0,0.0,0.0,0.0,0.8341340418011283,0.0,0.0,0.0,0.0,0.0,0.0,0.0,0
SLC37A3,0.8312866049499339,0.40313567900388925,0.015633416123521038,0.10822364808356764,0.0394333862498186,0.0,0.8953976564734293,0.0,0.0,0.0,0.0,1.0,0.0,0.0,0
YPEL5,0.6943132439070471,0.33415835178969644,0.044688757610641554,0.13425020957445435,0.5722045909332123,0.0,0.0,0.0,0.0,0.0,0.0,1.0,0.0,0.0,0
KIF27,0.5201209144152654,0.2717507287409335,0.044140405924087446,0.05570672461634674,0.0,0.0,0.0,0.0,0.0,1.0,0.0,0.0,0.0,0.0,0
GALNT3,0.5325902134895144,0.27347839654162,0.0,0.0,0.0,0.8956093628719641,0.0,0.0,0.0,0.0,0.0,0.0,0.0,0.0,0
SLC17A5,0.9351974305686757,0.26299974884124483,0.023980627385434303,0.04302154707108316,0.16684441895605923,0.0,0.0,0.0,0.0,0.0,0.0,0.0,0.0,0.0,0
IL1RAP,0.7141507651615342,0.4614516976048588,0.04480139382186883,0.0,0.0,0.0,0.0,0.0,0.0,1.0,0.0,0.0,1.0,0.0,0
TOR1AIP2,0.9351974305686757,0.879704089321187,0.05648857952255069,0.05772814346699994,0.04946979597340527,0.0,0.0,0.0,0.0,0.0,0.0,0.0,0.0,0.0,0
SAFB2,0.5692423956168524,0.2689697163428241,0.9493762959824735,0.8787911557598322,0.0,0.8818363617946797,0.8779971149358176,0.0,0.0,0.0,1.0,0.0,0.0,0.0,0
KDM4B,0.8261855280559229,0.2791271852714417,0.8376136009658869,0.6889234501088823,0.843836736065935,0.7307300876106123,0.8897019789068377,0.0,0.0,0.0,0.0,0.0,0.0,0.0,0
CLINT1,0.6589835631966748,0.308214413468198,0.024655037187313385,0.0,0.9551667770691334,0.5320327311600614,0.0,0.0,0.0,0.0,0.0,0.0,0.0,0.0,0
RRP12,0.4349140374078972,0.2178520598823359,0.0,0.0,0.0,0.8785668237076931,0.0,0.0,0.0,0.0,0.0,0.0,0.0,0.0,0
EXOC8,0.7320989986774986,0.8878264112458237,0.0,0.0,0.0,0.7992441229544381,0.0,0.0,0.0,0.0,0.0,0.0,0.0,0.0,0
PTP4A1,1.0,0.35320988499973366,0.0,0.0,0.0,0.9552960272863558,0.0,0.0,1.0,0.0,0.0,0.0,0.0,0.0,0
FAM136A,0.5905913470621575,0.3333774763872716,0.03124120039450621,0.0,0.0,0.0,0.0,0.0,0.0,0.0,0.0,1.0,0.0,0.0,0
UBTD2,0.6438692612884942,0.3511930040870379,0.03383426940449888,0.2645674984085406,0.06611956693280727,0.0,0.8724772925168979,0.0,0.0,0.0,0.0,0.0,0.0,0.0,0
OTUD7A,0.7763083317589269,0.19763149683007208,0.28073143241625337,0.9483683586992794,0.35777489815411817,0.7962396276745094,0.8553531303854864,0.0,0.0,0.0,1.0,0.0,0.0,0.0,0
EEF1B2,0.5274891365955034,0.2640987586668797,0.0,0.0,0.0,0.0,0.645366880728249,0.0,0.0,0.0,0.0,0.0,0.0,0.0,0
SRPRB,0.5582845267334215,0.37437419610171174,0.0,0.0,0.8891342602617195,0.0,0.8821267637286511,0.0,0.0,0.0,0.0,0.0,0.0,0.0,0
AP1G1,0.52635556395239,0.010979443036433001,0.03541207098180367,0.0,0.0,0.0,0.0,0.0,0.0,0.0,0.0,1.0,0.0,0.0,0
PPP1R42,0.9351974305686757,0.7701973498945897,0.08563428107360214,0.0,0.15649004419124812,0.0,0.9238774514946517,0.0,0.0,0.0,0.0,0.0,0.0,0.0,0
TNFRSF10B,0.5618741734366144,0.06569095295720401,0.0,0.0,0.0,0.7186578266595498,0.0,0.0,0.0,0.0,0.0,0.0,0.0,0.0,0
CCDC112,0.546948800302286,0.2816996597940499,0.033260649290824035,0.03454554681375152,0.21477259459096507,0.0,0.0,0.0,0.0,0.0,0.0,1.0,0.0,0.0,0
SLC35B2,0.9351974305686757,0.41049995814020745,0.027226910176406455,0.0,0.07353826389974234,0.0,0.0,0.0,0.0,0.0,0.0,0.0,0.0,0.0,0
CHCHD1,0.8088040808615152,0.30696318621518975,0.04759115182440749,0.07121722010043913,0.6743421269622476,0.0,0.0,0.0,0.0,0.0,0.0,0.0,0.0,0.0,0
HIVEP3,0.9351974305686757,0.30002968239833777,0.11753989379257078,0.327777793852553,0.34120412363291813,0.8368605262336607,0.8459987542439339,0.0,0.0,0.0,0.0,0.0,0.0,0.0,0
ZNF546,0.9351974305686757,0.41530698449665493,0.04170560188263452,0.05683923169349,0.07622114395491367,0.0,0.898061664810369,0.0,0.0,0.0,0.0,0.0,0.0,0.0,0
KLHDC3,0.9351974305686757,0.40669300028160216,0.0,0.8492613472346412,0.0,0.0,0.0,0.0,0.0,0.0,0.0,0.0,0.0,0.0,0
TMEM104,0.9351974305686757,0.5014346492529932,0.8814323733484121,0.8383818870516533,0.8037456774523521,0.5112246455914565,0.6875612725489532,0.0,0.0,0.0,0.0,0.0,0.0,0.0,0
FARSB,0.05686756092952955,0.24331955765615607,0.026796355638319835,0.04259572962818717,0.056516186208880964,0.0,0.0,0.0,0.0,1.0,0.0,0.0,0.0,0.0,0
MALSU1,0.9351974305686757,0.44536535988005277,0.03502767581851339,0.39322413930267897,0.0,0.0,0.0,0.0,0.0,0.0,0.0,0.0,0.0,0.0,0
ZBTB20,0.5378802191573777,0.36255907938899923,0.0,0.9007814953556599,0.0,0.9129099274492066,0.0,0.0,0.0,0.0,0.0,0.0,0.0,0.0,0
GREB1,0.5254109200831287,0.31477802893653295,0.8023157025229779,0.8879483921160415,0.5789230902735382,0.831465588550304,0.9134724373805119,0.0,0.0,0.0,1.0,0.0,0.0,0.0,0
SENP5,0.7086718307198187,0.46980082349628216,0.04074845241714253,0.09403897989899196,0.0,0.0,0.9504360259165143,0.0,0.0,0.0,0.0,0.0,0.0,0.0,0
COMMD5,0.9351974305686757,0.8050079533605812,0.02882271678409588,0.5227005931123883,0.022891430042847383,0.8365207729552244,0.0,0.0,0.0,0.0,0.0,0.0,0.0,0.0,0
INPP5B,0.9351974305686757,0.26215494211932316,0.03567019103770905,0.2294117973622797,0.9385212735713478,0.8549259598817766,0.9068579230667795,0.0,0.0,0.0,0.0,0.0,0.0,0.0,0
ARHGAP44,0.6221424522954846,0.03139941091855564,0.0,0.0,0.0,0.8692707568725412,0.7927327449242341,0.0,0.0,0.0,0.0,1.0,0.0,0.0,0
SURF1,0.5962592102777253,0.2798091193460739,0.0,0.0,0.0,0.0,0.9170271023608517,0.0,0.0,1.0,0.0,0.0,0.0,0.0,0
PTK2,0.9351974305686757,0.848723276327907,0.04880083040589609,0.0,0.04614002727577645,0.0,0.0,0.0,0.0,0.0,0.0,0.0,0.0,0.0,0
PCM1,0.8875873795579067,0.10409236553493004,0.04366776708003672,0.04237258381885637,0.035016802359105835,0.0,0.0,0.0,0.0,1.0,0.0,1.0,0.0,0.0,0
SWAP70,0.5006612507084829,0.24955895000418601,0.04626884086078336,0.1866329900188837,0.1461718085886366,0.0,0.0,0.0,0.0,0.0,1.0,0.0,0.0,0.0,0
PIK3R6,0.5208766295106745,0.02200455130107809,0.0,0.0,0.0,0.0,0.7829060409116483,0.0,0.0,0.0,1.0,0.0,0.0,0.0,0
RPS3A,0.669374645758549,0.24117785845301432,0.07161103694550006,0.8112665796659398,0.07142403572187192,0.0,0.0,0.0,0.0,0.0,0.0,0.0,0.0,0.0,0
ZNF322,0.7970904968826753,0.37811722264082015,0.08849590953649696,0.0,0.3708740950366048,0.0,0.0,0.0,0.0,0.0,0.0,0.0,0.0,0.0,0
VDAC2,0.9351974305686757,0.3379653096483016,0.030818405612187225,0.03519856430391231,0.02841395776557616,0.0,0.8848824321841412,0.0,0.0,0.0,0.0,0.0,0.0,0.0,0
WDR5,0.5962592102777253,0.28086246394349684,0.0,0.8599551118512936,0.8159636973015949,0.9182549877003996,0.9270214370275478,0.0,0.0,0.0,0.0,0.0,0.0,0.0,0
ERC1,0.9293406385792556,0.415466812795397,0.0,0.0,0.0,0.0,0.7028794435963559,0.0,1.0,0.0,1.0,0.0,0.0,0.0,0
ZFYVE1,0.07878329869639145,0.21972737858757452,0.042094979125177234,0.07363117908117597,0.04554864827540051,0.8115070750533837,0.0,0.0,0.0,0.0,0.0,1.0,0.0,0.0,0
TMBIM6,0.4396372567542036,0.3128661780487248,0.04644987138490567,0.058500747607027156,0.030092918920224154,0.0,0.0,0.0,0.0,0.0,1.0,0.0,0.0,0.0,0
ZFP3,0.5324012847156622,0.04234688829524069,0.0,0.0,0.0,0.9449113461046138,0.8031586721105243,0.0,0.0,0.0,0.0,0.0,0.0,0.0,0
RXRB,0.6425467598715284,0.38544344742029507,0.0,0.0,0.7450215804831352,0.5692739965727642,0.8249406678016886,0.0,0.0,0.0,0.0,0.0,0.0,0.0,0
MSANTD2,0.014169658038919314,0.06888904110631602,0.0,0.8870412798336637,0.0,0.7949983879811331,0.6282606137720603,0.0,0.0,0.0,0.0,1.0,0.0,0.0,0
TTC26,0.8074815794445493,0.3899901819759345,0.05061511080477506,0.11213103635335632,0.06838395068980896,0.0,0.9395950623181647,0.0,0.0,0.0,0.0,0.0,0.0,0.0,0
DDX18,0.6336671075004723,0.2734403421847767,0.0332056780412471,0.04161931746318129,0.11265766715082341,0.0,0.0,0.0,0.0,0.0,0.0,0.0,0.0,0.0,0
FTCD,0.9351974305686757,0.3697802741435867,0.0,0.0,0.4286110091233648,0.8828478036220437,0.7531390443065638,0.0,1.0,0.0,0.0,0.0,0.0,0.0,0
CNN3,0.6408464009068582,0.23469796256973463,0.0,0.4006426488937076,0.0,0.7304741650953713,0.0,0.0,1.0,0.0,0.0,0.0,0.0,0.0,0
BBX,0.7836765539391649,0.37191436247535986,0.05084967525122414,0.3370578727191007,0.0587296994532203,0.0,0.0,0.0,0.0,0.0,0.0,0.0,0.0,0.0,0
SAMD4B,0.9351974305686757,0.4345259568768028,0.0,0.0,0.8278676597726959,0.0,0.7640708180355422,0.0,0.0,0.0,0.0,0.0,0.0,0.0,0
ZNF440,0.9351974305686757,0.3190705603884589,0.03891803737905141,0.043712593595474566,0.0,0.0,0.0,0.0,0.0,0.0,0.0,1.0,0.0,0.0,0
SDHAF4,0.9351974305686757,0.2684278223013753,0.04473902692618535,0.08483046224364807,0.060004800928928806,0.0,0.0,0.0,0.0,0.0,0.0,0.0,0.0,0.0,0
HIVEP1,0.9081806159078027,0.42041844570784903,0.037775711400355565,0.050677087188292204,0.04961383397542449,0.0,0.8839113132905897,0.0,0.0,1.0,0.0,0.0,0.0,0.0,0
CD274,0.8671830719818628,0.2838794133540349,0.02667584753379986,0.0,0.21582244536054584,0.0,0.0,0.0,0.0,0.0,0.0,0.0,0.0,0.0,0
TBC1D5,0.6873228792745135,0.31403520789095146,0.0,0.5141628283747268,0.0,0.0,0.0,0.0,0.0,1.0,0.0,0.0,0.0,0.0,0
ERI2,0.698658605705649,0.6014034446803819,0.0,0.0,0.0,0.8170642065386909,0.0,0.0,0.0,0.0,0.0,1.0,0.0,0.0,0
STK11,0.052711127904779886,0.19199184114589268,0.5062184628748111,0.970902374209883,0.40982633292185994,0.7523467971691631,0.5950495130926564,0.0,0.0,0.0,0.0,0.0,0.0,0.0,0
ZNF862,0.6888343094653315,0.3700968863925231,0.026129041374361492,0.0,0.0,0.0,0.6944883363936107,0.0,0.0,0.0,0.0,0.0,0.0,0.0,0
NAA25,0.5104855469488003,0.29410233577642303,0.03302139562044701,0.047258760099160274,0.04371679601535221,0.0,0.0,0.0,0.0,0.0,0.0,1.0,0.0,0.0,0
PABPC1L,0.9351974305686757,0.5353426033746606,0.04627719751505375,0.2739751150680448,0.23383985613160424,0.0,0.0,0.0,0.0,0.0,0.0,0.0,0.0,0.0,0
MAP3K1,0.5505384470054789,0.261302524526033,0.0459551344693314,0.042596118429805235,0.0,0.0,0.0,0.0,0.0,1.0,0.0,0.0,0.0,0.0,0
SCIN,0.711127904779898,0.4230792063383337,0.0,0.0,0.0,0.0,0.7796802653998565,0.0,0.0,0.0,0.0,0.0,0.0,0.0,0
TERF2,0.52635556395239,0.02683288809735801,0.03444982659010988,0.41408133891657295,0.0,0.0,0.0,0.0,0.0,0.0,0.0,0.0,0.0,0.0,0
EVL,0.9351974305686757,0.26976733566225997,0.04682404677890103,0.904241668976168,0.09141593049559182,0.0,0.0,0.0,0.0,1.0,0.0,0.0,0.0,0.0,0
ANKRD26,0.8787077271868505,0.3822499257940043,0.033222397787471936,0.05417932954634527,0.1145790044733678,0.9645682844357627,0.0,0.0,0.0,0.0,0.0,0.0,0.0,0.0,0
MCRS1,0.4396372567542036,0.31726678387408574,0.0,0.8828913597221143,0.0,0.7550747600907688,0.0,0.0,0.0,1.0,0.0,0.0,0.0,0.0,0
NUP214,0.48932552427734743,0.27526542913898205,0.053871751890892564,0.07357218058796379,0.0,0.0,0.0,0.0,1.0,0.0,0.0,0.0,0.0,0.0,0
RAB2B,0.566030606461364,0.29317837599226737,0.0,0.0,0.0,0.0,0.8632056770921155,0.0,0.0,0.0,0.0,0.0,0.0,0.0,0
EHMT2,0.6425467598715284,0.3823793106072713,0.8586001381363563,0.8505605196944889,0.0,0.8780994786198211,0.9051962327893043,0.0,0.0,0.0,0.0,0.0,0.0,0.0,0
BCR,0.6552049877196297,0.162195279737577,0.5955098934554688,0.9514863859520019,0.14639067828879715,0.873397091927012,0.8402280567555382,0.0,0.0,0.0,0.0,0.0,0.0,0.0,0
RPN1,0.7024371811826942,0.36832355336362466,0.035497671485047996,0.8922297936004755,0.35434390780554376,0.0,0.7820699034627697,0.0,0.0,0.0,0.0,0.0,0.0,0.0,0
SECISBP2,0.711127904779898,0.2742958041266144,0.06864791995173584,0.05116080765648992,0.0,0.0,0.7418627138269475,0.0,0.0,0.0,0.0,0.0,1.0,0.0,0
DNPEP,0.5437370111467976,0.25319846869268064,0.0,0.8932565372547242,0.0,0.8464750817124203,0.0,0.0,0.0,0.0,0.0,0.0,0.0,0.0,0
OSER1,0.8424334026072171,0.5233859244544908,0.0,0.0,0.0,0.6438186931986429,0.0,0.0,0.0,0.0,0.0,0.0,0.0,0.0,0
TOX,0.9351974305686757,0.7122679635591482,0.0,0.5595992129760163,0.0,0.44773183085151674,0.0,0.0,0.0,0.0,0.0,1.0,0.0,0.0,0
TRAPPC9,0.9351974305686757,0.8479256570084711,0.6438266784087305,0.9095823483490194,0.5728909508774624,0.8961761242953326,0.7621657821200885,1.0,0.0,1.0,0.0,0.0,0.0,0.0,0
PROSER1,0.5375023616096731,0.12364773842957288,0.0,0.1383743619012235,0.0,0.0,0.0,0.0,1.0,0.0,0.0,0.0,0.0,0.0,0
ZSCAN29,0.05403362932174571,0.17822073049143397,0.0,0.0,0.0,0.8708407924682698,0.0,0.0,0.0,0.0,0.0,0.0,0.0,0.0,0
ANKRD11,0.5392027205743435,0.006492073277469368,0.9351349343737146,0.9506654431791641,0.9353849996549751,0.8580946903785226,0.8499104660222782,0.0,0.0,0.0,1.0,0.0,0.0,0.0,0
SCAPER,0.9351974305686757,0.28069502477338626,0.027792935318105935,0.43532140324774626,0.20652875066238405,0.0,0.0,0.0,0.0,0.0,0.0,0.0,0.0,0.0,0
MZB1,0.7037596825996599,0.3151220403223965,0.0,0.42109023639423654,0.0,0.5677264644355265,0.0,0.0,0.0,0.0,0.0,0.0,0.0,0.0,0
PPFIA2,0.6618174948044587,0.3436871627432625,0.062093999122938316,0.2205936178467141,0.1534383591426102,0.0,0.7349659037951429,0.0,0.0,1.0,0.0,0.0,0.0,0.0,0
TMEM41A,0.6914793122992632,0.4544238189830355,0.0,0.8921871236476131,0.0,0.0,0.0,0.0,1.0,0.0,0.0,0.0,0.0,0.0,0
SNRNP48,0.7167957679954657,0.39199792984298776,0.030690382157702818,0.03610607495782544,0.0,0.0,0.0,0.0,0.0,0.0,0.0,0.0,0.0,0.0,0
SLC10A7,0.5701870394861137,0.24304252193833673,0.03523274650908653,0.06469710972994519,0.07162892811138802,0.9021875956428475,0.0,1.0,0.0,1.0,0.0,0.0,0.0,0.0,0
POLR3A,0.9351974305686757,0.34689742828656456,0.03295580622061763,0.37386063937199643,0.42298876220442994,0.9172046982687801,0.0,0.0,0.0,0.0,0.0,0.0,0.0,0.0,0
CTTN,0.9351974305686757,0.7395361934987938,0.9421995268612433,0.8742847143850031,0.8218382217279941,0.9505428107811896,0.9127905710052724,0.0,0.0,0.0,0.0,1.0,0.0,0.0,0
METTL3,0.566030606461364,0.2934036577847798,0.04409612331055849,0.036352035759615646,0.0,0.0,0.0,0.0,0.0,0.0,0.0,0.0,0.0,0.0,0
ZNF518A,0.4349140374078972,0.2201018334589127,0.0,0.0,0.0,0.0,0.8206974844679666,0.0,1.0,0.0,0.0,0.0,0.0,0.0,0
MRPL22,0.6589835631966748,0.31465168847181313,0.0,0.0,0.0,0.0,0.057530236316804116,0.0,1.0,0.0,0.0,0.0,0.0,0.0,0
LSG1,0.7526922350273947,0.4654824150817028,0.026016725393141375,0.05728099723563651,0.0,0.0,0.0,0.0,1.0,0.0,0.0,0.0,0.0,0.0,0
SF1,0.5815227659172492,0.27526086261616095,0.936702076975851,0.7835079004916158,0.9384300507086905,0.837822040858272,0.0,0.0,0.0,0.0,0.0,0.0,0.0,0.0,0
CATSPERG,0.9351974305686757,0.4280080066366798,0.02269394280310473,0.22715911305558775,0.04054281451660344,0.7997129518355494,0.938093216551349,0.0,0.0,0.0,0.0,0.0,0.0,0.0,0
PAPSS2,0.5505384470054789,0.20729882564254776,0.0,0.0,0.837885147126689,0.0,0.0,0.0,0.0,0.0,0.0,0.0,0.0,0.0,0
ACTR1A,0.6516153410164368,0.21974260033031184,0.0,0.05227235559675599,0.0,0.8545418633476163,0.0,0.0,0.0,0.0,0.0,1.0,0.0,0.0,0
CRYL1,0.8091819384092198,0.16727477528902285,0.48470552562145264,0.8987209668717064,0.7116406095344895,0.8991998074766023,0.802779184943431,0.0,0.0,0.0,0.0,0.0,0.0,0.0,0
CCHCR1,0.6425467598715284,0.386081238440989,0.0,0.9282673880918151,0.0,0.9221626664937009,0.0,0.0,0.0,0.0,0.0,0.0,0.0,0.0,0
LRCH3,0.7035707538258077,0.46271205790350944,0.05765697611717826,0.13243795397238445,0.12933264759902288,0.0,0.0,0.0,0.0,0.0,0.0,0.0,0.0,0.0,0
ZNF202,0.014169658038919314,0.06591623474971633,0.04725585076110334,0.07737200385936016,0.9730425889618558,0.9507870769996761,0.0,0.0,0.0,0.0,0.0,0.0,0.0,0.0,0
RAP1GDS1,0.6079727942565653,0.23120609478579207,0.0,0.0,0.0,0.0,0.7545313524215878,0.0,1.0,0.0,0.0,0.0,0.0,0.0,0
IMPA2,0.6374456829775175,0.2796751680099855,0.034897159948491886,0.18463797095599493,0.0,0.0,0.0,0.0,0.0,0.0,1.0,0.0,0.0,0.0,0
SOWAHB,0.8949556017381447,0.2906500445235975,0.0736030300263256,0.8721941829350197,0.4252396949609377,0.8427407300114936,0.0,0.0,0.0,0.0,0.0,0.0,0.0,0.0,0
SF3B4,0.9351974305686757,0.8985014194275107,0.02546168400390983,0.048895592018717904,0.0,0.7472299789468658,0.0,0.0,1.0,0.0,0.0,0.0,0.0,0.0,0
VCPIP1,0.9351974305686757,0.767434603587765,0.0,0.6525259244655468,0.0,0.0,0.0,0.0,0.0,0.0,0.0,1.0,0.0,0.0,0
KLHL2,0.5484602304931041,0.22330448813084616,0.0,0.0,0.0,0.0,0.5904819735834111,0.0,0.0,0.0,0.0,0.0,0.0,0.0,0
WRNIP1,0.9351974305686757,0.3510499197053071,0.028980079014276593,0.03684844642827852,0.558494493664255,0.0,0.8908697569185425,0.0,0.0,0.0,0.0,0.0,0.0,0.0,0
KAT6A,1.0,0.6757388253381127,0.032050464061204736,0.051521099998891436,0.0,0.5658077873777959,0.0,0.0,0.0,0.0,0.0,1.0,0.0,0.0,0
PALM3,0.9351974305686757,0.3437769710254127,0.05740543721157411,0.9061999763208334,0.27645600046843066,0.854335057875985,0.5472622285565802,0.0,0.0,0.0,0.0,0.0,0.0,0.0,0
BCLAF1,0.7577933119214056,0.2480809187843916,0.03492215490869869,0.0,0.05744447865196223,0.0,0.0,0.0,0.0,0.0,0.0,0.0,0.0,0.0,0
HIPK2,0.8074815794445493,0.39369058763537845,0.96600346509988,0.752791452510294,0.9758279542107225,0.8364467882468086,0.8705497319112018,0.0,0.0,0.0,0.0,0.0,0.0,0.0,0
C6orf62,0.82845267334215,0.39646855568494027,0.0,0.040301182095136,0.0,0.33881004828176037,0.0,0.0,0.0,0.0,0.0,0.0,0.0,0.0,0
FAM90A1,0.8717173625543171,0.37188087464133773,0.0,0.0,0.8200161083685352,0.0,0.6498604494360469,1.0,0.0,0.0,0.0,0.0,0.0,0.0,0
LRP10,0.9351974305686757,0.3233950575001332,0.03823471486299109,0.0642365950158755,0.036392912534877135,0.0,0.9405573205347013,0.0,0.0,0.0,0.0,0.0,0.0,0.0,0
ZFYVE27,0.6433024749669375,0.22567451347504774,0.05245559377989375,0.6576600458818128,0.04855265615438213,0.0,0.9139156733507866,0.0,0.0,0.0,0.0,0.0,0.0,0.0,0
ILF3,0.8242962403174003,0.33582817696798106,0.0,0.0,0.0855945384855079,0.0,0.0,0.0,0.0,0.0,1.0,0.0,0.0,0.0,0
GGCX,0.750047232193463,0.34067325768127193,0.0,0.0,0.0,0.9068420864899002,0.0,0.0,0.0,0.0,0.0,0.0,0.0,0.0,0
STRADB,0.4762894388815416,0.2700139278946046,0.0,0.0,0.0,0.0,0.9154134717818597,0.0,0.0,0.0,0.0,0.0,0.0,0.0,0
CUEDC2,0.6516153410164368,0.21864054615612943,0.03201420301076849,0.04213444276574051,0.8659342951729095,0.0,0.9160285341726992,0.0,0.0,0.0,0.0,0.0,0.0,0.0,0
COPS3,0.9351974305686757,0.09061503451530128,0.0372406467304418,0.0,0.03929175180145501,0.0,0.0,0.0,0.0,0.0,1.0,0.0,0.0,0.0,0
TAPT1,0.47591158133383715,0.1952279836518483,0.0,0.6377379536880861,0.0,0.0,0.0,0.0,0.0,0.0,0.0,0.0,0.0,0.0,0
DYNC1I2,0.9351974305686757,0.2841016507979998,0.0474668948617404,0.23764920179585747,0.0,0.0,0.0,0.0,0.0,0.0,0.0,0.0,0.0,0.0,0
FAM168B,0.5571509540903079,0.2607073543850035,0.04665218746856429,0.05177603127080377,0.044022361652778265,0.0,0.0,0.0,0.0,0.0,0.0,0.0,0.0,0.0,0
PPP1R3B,0.8949556017381447,0.09008531786804277,0.0,0.0,0.0,0.3537010614591953,0.0,0.0,0.0,1.0,0.0,0.0,0.0,0.0,0
FBXW4,0.5877574154543737,0.22371699735902767,0.0,0.0,0.0,0.5535377686969234,0.0,0.0,0.0,0.0,0.0,0.0,0.0,0.0,0
INCA1,0.5324012847156622,0.044520553158130916,0.0,0.0,0.0,0.0,0.9233301564593036,0.0,0.0,0.0,0.0,0.0,0.0,0.0,0
DDR1,0.6425467598715284,0.3836609813457542,0.05054603820852471,0.30969425428174263,0.17006749402119634,0.8043206622271905,0.34264184000125103,0.0,0.0,0.0,0.0,0.0,0.0,0.0,0
CHCHD10,0.7230304175325901,0.16901766483244654,0.0,0.8360068022557484,0.0,0.0,0.0,0.0,0.0,0.0,0.0,0.0,0.0,0.0,0
PRDX5,0.8736066502928396,0.2837698168063262,0.0,0.0,0.6944047356340812,0.0,0.7638410396534642,0.0,0.0,0.0,0.0,0.0,0.0,0.0,0
DCHS1,0.5006612507084829,0.24134834197167238,0.0,0.0,0.0,0.854361465826946,0.0,0.0,0.0,0.0,0.0,0.0,0.0,0.0,0
TCEA3,0.4783676553939165,0.14397942020381924,0.06888587188622901,0.14193358073019888,0.13830971856672536,0.0,0.0,0.0,0.0,0.0,0.0,1.0,0.0,0.0,0
ANKRD42,0.9351974305686757,0.2462664870501023,0.0,0.0,0.0,0.0,0.9136623191405043,0.0,0.0,1.0,0.0,0.0,0.0,0.0,0
MAP4K1,0.9351974305686757,0.4170529183886263,0.0,0.0,0.0,0.837525671443473,0.0,0.0,0.0,0.0,1.0,0.0,0.0,0.0,0
POLR2D,0.496315888909881,0.25611495460115224,0.02670805057286919,0.0,0.15976358752094935,0.8369225057142917,0.0,0.0,0.0,0.0,0.0,0.0,0.0,0.0,0
DENND1B,0.7587379557906669,0.8905237040588789,0.07629383388632241,0.04954546198240823,0.39948711672808696,0.8988398348231642,0.0,0.0,0.0,0.0,0.0,0.0,0.0,0.0,0
ZNF43,0.7145286227092387,0.34290933168938514,0.0862629229833422,0.08224721849556164,0.07706080542860662,0.0,0.0,0.0,1.0,0.0,0.0,0.0,0.0,0.0,0
NFX1,0.8071037218968449,0.29918639785068996,0.03758790408445866,0.0,0.0,0.0,0.0,0.0,0.0,0.0,0.0,0.0,0.0,0.0,0
CHPT1,0.6567164179104477,0.3080667625636459,0.07869054661680795,0.0,0.0,0.0,0.7872464346293714,0.0,0.0,0.0,0.0,0.0,0.0,0.0,0
SRSF7,0.6028717173625543,0.32757038153298174,0.0,0.6271716921310793,0.0,0.0,0.0,0.0,0.0,0.0,0.0,0.0,0.0,0.0,0
CNTROB,0.5208766295106745,0.023497804263609867,0.0,0.0,0.0,0.0,0.9450562056773627,0.0,0.0,1.0,0.0,0.0,0.0,0.0,0
IQCE,0.689212167013036,0.4294860378564742,0.6539200051692313,0.8311305930267965,0.8831637551869577,0.9509912377953462,0.8645110043153607,0.0,0.0,1.0,0.0,0.0,0.0,0.0,0
POMK,1.0,0.7156289243555496,0.023655756266295548,0.05257177529810845,0.0,0.0,0.0,0.0,0.0,0.0,0.0,0.0,0.0,0.0,0
SPATS2,0.620253164556962,0.32002800800663667,0.025563046618708292,0.0,0.06145501203113011,0.0,0.0,0.0,1.0,0.0,0.0,0.0,0.0,0.0,0
MRFAP1,0.608539580578122,0.21072676210699354,0.03507011090879018,0.32765946018071024,0.0,0.0,0.0,0.0,0.0,0.0,0.0,0.0,0.0,0.0,0
ZCCHC8,0.48573587757415454,0.29637189761855837,0.0,0.0,0.7259772336189831,0.0,0.0,1.0,1.0,0.0,0.0,0.0,0.0,0.0,0
NUDT16,0.5237105611184584,0.37348372415157816,0.0,0.0,0.938178091791116,0.0,0.8637826845250239,0.0,0.0,0.0,0.0,0.0,0.0,0.0,0
CCDC125,0.5505384470054789,0.2585352116963871,0.0,0.0,0.0,0.4562522773600897,0.0,0.0,0.0,1.0,0.0,0.0,0.0,0.0,0
MYO9B,0.9351974305686757,0.3447237634236744,0.9324503747494546,0.7839735482029864,0.9172928137893308,0.0,0.8200647086188194,0.0,0.0,0.0,0.0,0.0,0.0,0.0,0
MIS18BP1,0.5318344983941055,0.29246904278070796,0.034428442187142874,0.0,0.6810070897381402,0.0,0.0,0.0,0.0,0.0,0.0,0.0,0.0,0.0,0
GCH1,0.5624409597581712,0.29055110319580485,0.04737499023673974,0.03612337263358082,0.05368616081151341,0.0,0.0,0.0,0.0,0.0,1.0,0.0,0.0,0.0,0
ZBTB7B,0.9351974305686757,0.9077684164059944,0.05126977368239439,0.0345055065800758,0.050533592668113886,0.0,0.3671442981580112,0.0,0.0,0.0,0.0,0.0,0.0,0.0,0
ERGIC2,0.9351974305686757,0.4303475884954068,0.043701995998697195,0.0,0.2282541217368791,0.9160931312833512,0.0,0.0,1.0,0.0,0.0,0.0,0.0,0.0,0
SCAI,0.9351974305686757,0.2932514403574065,0.036776837199005305,0.05609152080716541,0.46853551397449,0.0,0.0,0.0,0.0,0.0,0.0,0.0,0.0,0.0,0
FYN,0.9351974305686757,0.24557237558128014,0.051317533442353624,0.0,0.0955434634191857,0.0,0.0,0.0,0.0,0.0,1.0,1.0,0.0,0.0,0
PGAM1,0.4349140374078972,0.21863293528476072,0.0,0.0,0.0,0.0,0.5869976528006867,0.0,0.0,0.0,0.0,1.0,0.0,0.0,0
USP46,0.9351974305686757,0.2898250260672344,0.0,0.7137664639466408,0.0,0.6486021847609849,0.0,0.0,0.0,0.0,0.0,0.0,0.0,0.0,0
PEX5L,0.9351974305686757,0.48257795434999373,0.11527130170077467,0.13286539817523027,0.0,0.0,0.0,0.0,1.0,0.0,0.0,1.0,0.0,0.0,0
BBS10,0.8363876818439449,0.34923244362247036,0.05752919073585051,0.027336971959694978,0.09652592745105754,0.8592243447067437,0.0,0.0,1.0,0.0,0.0,0.0,0.0,0.0,0
KHDRBS3,0.9351974305686757,0.8545516816220293,0.0,0.0,0.4528691520574539,0.0,0.0,0.0,0.0,0.0,0.0,0.0,0.0,0.0,0
OSBP2,0.6287549593803137,0.1578555608831655,0.2450488610169147,0.6445811098120867,0.5749812450368107,0.9482366171430491,0.8265339845864933,1.0,0.0,0.0,0.0,1.0,0.0,0.0,0
LETM1,0.7181182694124315,0.2159767411770973,0.42605039845974113,0.7303347940021889,0.7559136979880952,0.8848700190116013,0.7058529454230658,0.0,0.0,0.0,1.0,0.0,0.0,0.0,0
DNM2,0.8242962403174003,0.3321247269599897,0.03373539081053255,0.0,0.045034406437527486,0.0,0.0,0.0,0.0,0.0,1.0,1.0,0.0,0.0,0
ATP2A3,0.9351974305686757,0.05281031425287869,0.6341607219827616,0.5799908652601049,0.5619229726044532,0.9493879334785332,0.941389476703355,0.0,0.0,0.0,1.0,0.0,0.0,0.0,0
NT5C3A,0.9351974305686757,0.44754815778858525,0.04237859540195791,0.0,0.06032895534816282,0.0,0.0,0.0,0.0,1.0,1.0,1.0,0.0,0.0,0
ALDH18A1,0.4349140374078972,0.22034233699416245,0.02797770396203043,0.10579732233377763,0.32354450744555624,0.907202650418795,0.0,0.0,0.0,0.0,0.0,0.0,0.0,0.0,0
WDR48,0.48932552427734743,0.2420683304031478,0.0,0.0,0.0,0.0,0.8927906107826956,0.0,0.0,0.0,0.0,0.0,0.0,0.0,0
SMCR8,0.9351974305686757,0.09921075263906923,0.0,0.0,0.0,0.0,0.7045814714173432,0.0,0.0,0.0,0.0,0.0,0.0,0.0,0
PLCB4,0.9351974305686757,0.43282112169022224,0.09171444741751376,0.0,0.0,0.0,0.0,0.0,1.0,0.0,0.0,0.0,0.0,0.0,0
AGPS,0.9036463253353486,0.2863118478434596,0.0,0.0,0.0,0.0,0.848752763561537,0.0,0.0,0.0,0.0,0.0,0.0,0.0,0
ANAPC1,0.6092952956735311,0.27793684498938276,0.028516163598553485,0.0,0.0437472872259883,0.7417624214083317,0.0,0.0,0.0,1.0,0.0,0.0,0.0,0.0,0
ZNF622,0.600415643302475,0.4707400050231754,0.05959210482971829,0.0851485411340124,0.8464210557339272,0.9101581340119177,0.0,0.0,0.0,0.0,0.0,0.0,0.0,0.0,0
ZBTB4,0.03287360665029282,0.014760523932384695,0.6185784034527431,0.6199674324999004,0.8519294404288663,0.8017195843257596,0.7738821979463013,0.0,0.0,0.0,0.0,0.0,0.0,0.0,0
LAP3,0.4819573020971094,0.19734380589233658,0.03932867331621667,0.0,0.0,0.0,0.5051067586418292,0.0,0.0,0.0,0.0,0.0,0.0,0.0,0
PGR,0.6880785943699226,0.13767457436201863,0.0,0.1668036022022473,0.0,0.8187052628974428,0.0,0.0,0.0,0.0,0.0,0.0,0.0,0.0,0
NUBP1,0.9140374078972228,0.6332488526611417,0.036307540981981724,0.913824598105314,0.0,0.0,0.0,0.0,0.0,0.0,0.0,0.0,0.0,0.0,0
MRPS31,0.5426034385036841,0.10752334634792343,0.0350448572494173,0.062696054281942,0.0,0.0,0.0,0.0,0.0,0.0,0.0,0.0,0.0,0.0,0
ZKSCAN2,0.698658605705649,0.5983560517843691,0.0,0.0,0.0,0.8249878427821734,0.0,0.0,0.0,0.0,0.0,0.0,0.0,0.0,0
VWA1,0.0253164556962025,0.15959540607804193,0.9002501026766185,0.7477823373698408,0.6279212544354699,0.0,0.7401952302936621,0.0,0.0,0.0,0.0,0.0,0.0,0.0,0
DUS2,0.5308898545248442,0.016823070073292534,0.0,0.0,0.0,0.9221579288998261,0.0,0.0,0.0,0.0,0.0,0.0,0.0,0.0,0
PSMF1,0.9351974305686757,0.41555814325182083,0.0,0.945759101105342,0.0,0.0,0.04613129185262075,0.0,0.0,0.0,0.0,0.0,0.0,0.0,0
ARMC2,0.9351974305686757,0.24532121682611432,0.04063294500135482,0.0,0.06498901884089332,0.0,0.9063867877561095,0.0,0.0,0.0,0.0,0.0,0.0,0.0,0
ASPH,0.9351974305686757,0.7334170529183891,0.023560318499653322,0.0,0.7457415672060782,0.0,0.0,0.0,0.0,0.0,1.0,0.0,0.0,0.0,0
LRCH1,0.5346684300018892,0.10923122588305142,0.046120971917225716,0.438320706745792,0.1507739543910305,0.0,0.0,0.0,0.0,0.0,0.0,0.0,0.0,0.0,0
TMEM86A,0.7432457963347818,0.3211498504463776,0.03176967065767305,0.37170076836314536,0.1386944764409311,0.0,0.88103008525056,0.0,0.0,0.0,0.0,0.0,0.0,0.0,0
PSMD7,0.52635556395239,0.013556484081862108,0.0,0.0,0.0,0.0,0.8513417197187723,0.0,0.0,0.0,0.0,0.0,0.0,0.0,0
MPND,0.8261855280559229,0.25833885121507555,0.0,0.9129387081891084,0.9679763139673042,0.0,0.0,0.0,0.0,0.0,0.0,0.0,0.0,0.0,0
ZNF563,0.9351974305686757,0.3262704447032141,0.03781152782021854,0.0,0.1289489146298125,0.0,0.0,0.0,1.0,1.0,0.0,0.0,0.0,0.0,0
PLAU,0.8088040808615152,0.3106635918746337,0.0,0.7796214099619656,0.0,0.0,0.0,0.0,0.0,0.0,1.0,0.0,0.0,0.0,0
C1orf198,0.7320989986774986,0.8943763271456951,0.0,0.0,0.0,0.9218644177123313,0.0,0.0,0.0,0.0,1.0,0.0,0.0,0.0,0
SENP6,0.6109956546382014,0.24240168656909525,0.05589559171866061,0.5569671508426217,0.0,0.0,0.9161127088812476,0.0,0.0,0.0,0.0,0.0,0.0,0.0,0
UHRF1BP1,0.762516531267712,0.3875090379097502,0.0509342375697144,0.25504340026871214,0.1183132670490022,0.0,0.0,0.0,0.0,0.0,0.0,0.0,0.0,0.0,0
CCDC174,0.9351974305686757,0.3331613276404015,0.04076924163167145,0.06690254325734839,0.06514042907519138,0.0,0.9213899735976566,0.0,0.0,0.0,0.0,0.0,0.0,0.0,0
GOT2,0.52635556395239,0.021712293840521812,0.0,0.0,0.0,0.9092041598740694,0.0,0.0,0.0,0.0,0.0,1.0,0.0,0.0,0
ZMYND19,0.5962592102777253,0.28754785335373045,0.04530605085688305,0.8437122773964791,0.0,0.9798167929449323,0.7068047660511478,0.0,0.0,0.0,0.0,1.0,0.0,0.0,0
ATP2A2,0.5127526922350274,0.29869625773454805,0.04294345947366959,0.05018051221019289,0.03367015229194295,0.0,0.0,0.0,0.0,0.0,0.0,1.0,0.0,0.0,0
C1QBP,0.5324012847156622,0.03490954479378311,0.02771470015194846,0.028238049672447207,0.34330760197724014,0.9520213068822659,0.0,0.0,0.0,0.0,0.0,1.0,0.0,0.0,0
ZBTB5,0.8071037218968449,0.28807604782671564,0.032420193066491645,0.8010271233266976,0.09623483445307136,0.0,0.0,0.0,0.0,0.0,0.0,0.0,0.0,0.0,0
ZBTB41,0.7587379557906669,0.8800831107153467,0.03309599692311379,0.30823649647155027,0.050237839977810374,0.0,0.0,0.0,0.0,0.0,0.0,0.0,0.0,0.0,0
NSUN2,0.5896467031928962,0.46612781697376554,0.0,0.7064351884815221,0.0,0.8777074164198287,0.0,0.0,0.0,0.0,0.0,0.0,0.0,0.0,0
CGGBP1,0.6287549593803137,0.28031904772777433,0.0,0.5278309732377134,0.0,0.9039492672637661,0.0,0.0,0.0,0.0,0.0,0.0,0.0,0.0,0
GGA1,0.4948044587190629,0.12403893721792203,0.027153883728823956,0.04204059503277404,0.06246036591715781,0.0,0.8423721465858782,0.0,0.0,0.0,0.0,0.0,0.0,0.0,0
NBAS,0.5701870394861137,0.31730331605665535,0.046021040933816426,0.13996523380623155,0.04533637189545139,0.9098835211729958,0.0,0.0,1.0,0.0,0.0,0.0,0.0,0.0,0
TCERG1,0.6606839221613452,0.3098553173352817,0.04762138954509148,0.09824656486321225,0.0,0.0,0.8252737986454564,0.0,1.0,0.0,0.0,0.0,0.0,0.0,0
ABCD3,0.6408464009068582,0.23672549870234644,0.0,0.0,0.0,0.0,0.47818725137716167,0.0,0.0,0.0,0.0,0.0,0.0,0.0,0
ANKS1A,0.9351974305686757,0.39195074244050193,0.0565421788273382,0.0,0.09167827362814134,0.0,0.0,0.0,0.0,0.0,0.0,0.0,0.0,0.0,0
IMPA1,0.9351974305686757,0.818890182737022,0.0585377203100934,0.0,0.0,0.0,0.0,0.0,0.0,0.0,1.0,0.0,0.0,0.0,0
SIRT7,0.7232193463064425,0.4561910633148391,0.05801172730726533,0.05287197390444387,0.8717755105198097,0.0,0.9580810428709288,0.0,0.0,0.0,0.0,0.0,0.0,0.0,0
PPM1D,0.9351974305686757,0.6521420797467102,0.021014334968610236,0.03633025126259803,0.04470048957734059,0.0,0.0,0.0,0.0,1.0,0.0,0.0,0.0,0.0,0
DENND1C,0.014925373134328346,0.26611868392812293,0.5598171849093979,0.7140745177301728,0.5705267413729256,0.9486749139010938,0.8252025370458009,0.0,0.0,0.0,1.0,0.0,0.0,0.0,0
MSANTD4,0.6442471188361987,0.10165840887123137,0.11194736715340595,0.08168868408525605,0.09122402738964269,0.0,0.0,0.0,0.0,0.0,0.0,0.0,0.0,0.0,0
SUZ12,0.9351974305686757,0.28847181313788617,0.03833001248249285,0.0,0.039857742405938375,0.0,0.9122295170202301,0.0,0.0,0.0,0.0,0.0,0.0,0.0,0
TIGD2,0.42584545626298886,0.23318948786446558,0.0,0.0,0.0,0.0,0.8252592087023803,0.0,0.0,0.0,0.0,0.0,0.0,0.0,0
SSBP2,0.5505384470054789,0.26198750294921264,0.07565802822401266,0.0,0.9520263134191763,0.0,0.0,0.0,0.0,0.0,0.0,0.0,0.0,0.0,0
DNAJB2,0.5437370111467976,0.25458516945605103,0.04274876095248033,0.0,0.9511005926757973,0.0,0.8763170847324472,0.0,0.0,0.0,0.0,0.0,0.0,0.0,0
BLVRA,0.9351974305686757,0.44150360374759307,0.05962596888407918,0.7584963355921669,0.0,0.0,0.9192132569090591,0.0,0.0,0.0,0.0,0.0,0.0,0.0,0
TUBA4A,0.5184205554505952,0.25340548439390825,0.0,0.8588766562090198,0.0,0.6368339867626661,0.0,0.0,0.0,0.0,0.0,0.0,0.0,0.0,0
KLK12,0.9351974305686757,0.35809606441841535,0.0,0.0,0.0,0.0,0.39400707441492144,0.0,0.0,0.0,0.0,1.0,0.0,0.0,0
POLI,0.6278103155110523,0.2351667922460441,0.0,0.0,0.0,0.0,0.8570909298300488,0.0,0.0,0.0,0.0,0.0,0.0,0.0,0
NISCH,0.033062535424145056,0.17692688235876117,0.7299031659261646,0.9347282547685579,0.9391707689859596,0.869990461312185,0.8461224073613443,0.0,0.0,0.0,0.0,0.0,0.0,0.0,0
PIP5K1A,0.9351974305686757,0.9049630492195053,0.033207883468488464,0.20133133637775075,0.1773239287128836,0.0,0.0,0.0,0.0,0.0,0.0,0.0,0.0,0.0,0
SEMA4F,0.4827130171925184,0.3382940992914279,0.05625139803422432,0.02497736328268826,0.5276232182593067,0.0,0.920573386339548,0.0,0.0,0.0,0.0,0.0,0.0,0.0,0
PSME1,0.9351974305686757,0.30846100570054263,0.019380801384249392,0.09634196771043582,0.022345011152071728,0.0,0.0,0.0,0.0,0.0,0.0,0.0,0.0,0.0,0
VPS37D,0.8913659550349518,0.4117755401815954,0.03719525199864539,0.2164448256057311,0.8749486848384812,0.0,0.6696074213610075,0.0,0.0,0.0,0.0,0.0,0.0,0.0,0
PIGG,0.7181182694124315,0.21288824957569386,0.9703600649181479,0.9486457678453991,0.9504841390807928,0.9374333106449785,0.9010021584280428,0.0,0.0,0.0,0.0,0.0,0.0,0.0,0
NCOA5,0.8605705648970338,0.5457025214816844,0.033335004381893206,0.04457623925091928,0.0,0.8543996737021474,0.8622398524538994,0.0,0.0,0.0,0.0,0.0,0.0,0.0,0
POLM,0.9351974305686757,0.4507462459376974,0.02667811817977911,0.0,0.9033503631891231,0.0,0.0,0.0,0.0,0.0,0.0,0.0,0.0,0.0,0
LRRC49,0.9351974305686757,0.267199427662473,0.0,0.0,0.0,0.0,0.5669334742724937,0.0,0.0,0.0,0.0,0.0,0.0,0.0,0
PTPN11,0.9351974305686757,0.3084884048374698,0.0,0.0,0.0,0.0,0.4613739380417605,0.0,0.0,1.0,0.0,1.0,0.0,0.0,0
RPE,0.5184205554505952,0.2621351538537647,0.07793137992385571,0.07016468828698973,0.04099388471271192,0.0,0.9093566115194954,0.0,0.0,1.0,0.0,0.0,0.0,0.0,0
RHBDD3,0.9351974305686757,0.16239011804461484,0.0,0.9428830826159449,0.0,0.7822455444210312,0.0,0.0,0.0,0.0,0.0,0.0,0.0,0.0,0
ACSF3,0.5392027205743435,0.012388976413909514,0.6388607483346368,0.8422793112911938,0.8384301915315981,0.6048307209884333,0.8677354036054948,0.0,0.0,0.0,0.0,0.0,1.0,0.0,0
PRIMPOL,0.5144530511996976,0.22014749868712474,0.0,0.0,0.0,0.0,0.9348579244642667,0.0,0.0,0.0,0.0,0.0,0.0,0.0,0
MAX,0.5607406007935009,0.23924165277682646,0.040036349758193125,0.0,0.0,0.0,0.0,0.0,0.0,0.0,0.0,0.0,0.0,0.0,0
PLCH1,0.7389004345361798,0.43927057408802733,0.0,0.0,0.21343605515439157,0.705183225093259,0.0,0.0,0.0,0.0,0.0,0.0,0.0,0.0,0
ABCD4,0.4989608917438126,0.22410058527600824,0.0,0.0,0.0,0.6767920455214012,0.0,0.0,0.0,0.0,0.0,0.0,0.0,0.0,0
NEK11,0.5237105611184584,0.37481410446682045,0.0,0.0,0.0,0.0,0.9209912495229691,0.0,0.0,0.0,1.0,0.0,0.0,0.0,0
TFEB,0.9351974305686757,0.4122732911691059,0.03909203179552486,0.05394186534417142,0.5444738767087643,0.0,0.9369330535558426,0.0,0.0,0.0,0.0,0.0,0.0,0.0,0
MOSPD3,0.9351974305686757,0.39758735377613386,0.05124089508740094,0.3860583833047444,0.12887275585089586,0.0,0.0,0.0,0.0,0.0,0.0,0.0,0.0,0.0,0
ZNF790,0.8549027016814661,0.40601563272979124,0.06323750770457987,0.0,0.21759855688926022,0.0,0.0,0.0,0.0,0.0,0.0,0.0,0.0,0.0,0
STOML2,0.9351974305686757,0.3145192593099984,0.04950795090389483,0.7938900162003604,0.04133453174250688,0.0,0.0,0.0,0.0,0.0,0.0,0.0,0.0,0.0,0
MSI2,0.9351974305686757,0.5592118181610614,0.0,0.0,0.09905234301597816,0.0,0.5532796031389436,0.0,0.0,0.0,0.0,0.0,0.0,0.0,0
TSPAN3,0.9351974305686757,0.2822598199267834,0.03568779172945462,0.035041937770651024,0.055318218368934906,0.0,0.0,0.0,0.0,0.0,0.0,0.0,0.0,0.0,0
SSU72,0.0253164556962025,0.15959540607804193,0.9215221580222305,0.9240609205452697,0.8864969601187499,0.7957400733648248,0.8090909601686257,0.0,0.0,0.0,0.0,0.0,0.0,0.0,0
CCDC14,0.529378424334026,0.35499843977136947,0.08969109643483868,0.0,0.0,0.9137710427985376,0.0,0.0,0.0,0.0,1.0,0.0,0.0,0.0,0
NDUFAF4,0.8613262799924428,0.22188886605627461,0.04653781300304507,0.0,0.12780594853028968,0.0,0.0,0.0,0.0,0.0,0.0,0.0,0.0,0.0,0
SF3B5,0.6788210844511618,0.22321620202296952,0.020319476601002313,0.0,0.10504946356511832,0.0,0.0,0.0,0.0,0.0,0.0,0.0,0.0,0.0,0
PRMT9,0.5701870394861137,0.2465374340708268,0.030991241084775776,0.5164528827312171,0.0,0.0,0.0,0.0,0.0,1.0,0.0,0.0,0.0,0.0,0
AGO4,0.6245985263555639,0.2387469461378633,0.047620903957176,0.20565973997058715,0.3372423457844583,0.0,0.0,0.0,0.0,0.0,0.0,0.0,0.0,0.0,0
HARS2,0.6606839221613452,0.3108218979991019,0.0,0.0,0.0,0.0,0.9049852953425508,0.0,0.0,0.0,0.0,0.0,0.0,0.0,0
BRWD1,0.8016247874551294,0.3748612918693062,0.0,0.03804970597974008,0.8971225286889555,0.9179018947830793,0.9248324162829519,0.0,0.0,0.0,1.0,0.0,0.0,0.0,0
RAD1,0.7007368222180238,0.4603679095219615,0.0,0.0,0.0,0.9426380060734145,0.0,0.0,0.0,0.0,1.0,0.0,0.0,0.0,0
ATP9B,0.5273002078216512,0.2181884603968307,0.6967160752647368,0.9516494848181813,0.913407518833345,0.9014686695077927,0.908358938154417,0.0,0.0,0.0,0.0,0.0,0.0,0.0,0
DLAT,0.47232193463064426,0.06937157035108918,0.04002790466575332,0.0,0.029136470334966975,0.0,0.0,0.0,0.0,0.0,0.0,0.0,0.0,0.0,0
RIOK1,0.7167957679954657,0.3905975295111538,0.0,0.0,0.0,0.0,0.9008752274078358,0.0,0.0,0.0,0.0,0.0,0.0,0.0,0
PTDSS2,0.4813905157755526,0.23148465267788515,0.4849945725771446,0.8636143944761477,0.9009819409326163,0.741658765882676,0.879430173163594,0.0,0.0,0.0,0.0,0.0,0.0,0.0,0
DCAF7,0.9351974305686757,0.5839806379432385,0.03257612165375639,0.11509572426147979,0.0,0.0,0.8904295171793105,0.0,1.0,0.0,0.0,1.0,0.0,0.0,0
ZDHHC14,0.9351974305686757,0.2037019278337176,0.9106171826541856,0.8535409872169413,0.8443341438278811,0.28222245184549916,0.5812418033116177,0.0,0.0,0.0,1.0,0.0,0.0,0.0,0
BTBD10,0.5497827319100699,0.276734327313134,0.0,0.0,0.0,0.8749304817588001,0.0,0.0,0.0,0.0,0.0,0.0,0.0,0.0,0
P4HA1,0.8904213111656906,0.30766795290392795,0.029840598673921227,0.04865727712510085,0.9541878148323819,0.0,0.0,0.0,0.0,0.0,1.0,1.0,0.0,0.0,0
ARL2BP,0.52635556395239,0.026673059798616394,0.03573953127568312,0.033823945002650374,0.02393343989096102,0.0,0.0,0.0,0.0,0.0,0.0,0.0,0.0,0.0,0
PPP5C,0.5446816550160589,0.32014217107716664,0.06094778203552795,0.043199169248711165,0.02980536957595318,0.0,0.0,0.0,0.0,0.0,0.0,0.0,0.0,0.0,0
HGS,0.7232193463064425,0.4613284014886866,0.8948895097806235,0.8800270701103997,0.9296517107291611,0.9667449903929175,0.9151430797671631,0.0,0.0,0.0,0.0,0.0,0.0,0.0,0
C12orf75,0.6793878707727187,0.3124399692520797,0.028098753437083766,0.11883500493805133,0.10439933171296041,0.0,0.8849159500781925,0.0,0.0,0.0,0.0,1.0,0.0,0.0,0
FOXJ2,0.8717173625543171,0.3720193925002474,0.037703048656759906,0.0,0.42310704775401115,0.0,0.7068525795814802,0.0,0.0,0.0,0.0,0.0,0.0,0.0,0
FOXN2,0.4823351596448139,0.3426292516230183,0.0,0.0,0.12290235379341027,0.0,0.0,0.0,0.0,0.0,0.0,0.0,0.0,0.0,0
ARL15,0.5662195352352163,0.2858917277439094,0.039602407845347555,0.2787794242245713,0.19327756490586276,0.6367785497188589,0.0,0.0,1.0,0.0,0.0,0.0,0.0,0.0,0
TUBB2A,0.6689967882108445,0.34766917064334696,0.05150698674152632,0.0,0.6192794170981486,0.0,0.0,0.0,0.0,0.0,0.0,1.0,0.0,0.0,0
ZFP90,0.52635556395239,0.02070309229703693,0.03991675095954067,0.4078332592302857,0.08406739047375784,0.9497397543190516,0.9160879496833257,0.0,0.0,0.0,0.0,0.0,0.0,0.0,0
CYTH1,0.9351974305686757,0.4868385201421713,0.02993704563116052,0.6472639893277164,0.0,0.0,0.0,0.0,0.0,0.0,0.0,0.0,0.0,0.0,0
UGGT1,0.496315888909881,0.2564224338044463,0.023396660035683293,0.03992269038970646,0.04410557225167468,0.0,0.0,0.0,0.0,0.0,0.0,0.0,0.0,0.0,0
MAN2A1,0.546948800302286,0.2797284441095661,0.04196000581802862,0.0,0.05233488934676144,0.0,0.0,0.0,0.0,0.0,0.0,0.0,0.0,0.0,0
PLAGL2,0.6168524466276214,0.5063162621488537,0.0,0.5491227940948015,0.0,0.5347855543903106,0.7557516397651496,0.0,0.0,0.0,0.0,0.0,1.0,0.0,0
ACOX3,0.608539580578122,0.20965210706973839,0.5451240317853149,0.7182023990487141,0.8286484409254335,0.806705356773744,0.891827150346488,0.0,0.0,0.0,0.0,0.0,0.0,0.0,0
LPXN,0.9125259777064046,0.2822308986155825,0.0,0.8987260253263988,0.0,0.5709362107334494,0.0,1.0,0.0,0.0,0.0,0.0,0.0,0.0,0
RALA,0.9351974305686757,0.4457596030169495,0.0,0.0,0.4968852537813081,0.0,0.8460760429296613,0.0,0.0,0.0,0.0,1.0,0.0,0.0,0
MTX2,0.9351974305686757,0.27963254713032093,0.03784186612792384,0.0,0.025986775040304035,0.0,0.0,0.0,0.0,0.0,1.0,0.0,0.0,0.0,0
GTPBP3,0.9351974305686757,0.34119079693434107,0.053184330161145474,0.06135466627727398,0.2687634155458778,0.0,0.8300583293830134,0.0,0.0,0.0,0.0,0.0,0.0,0.0,0
NIPSNAP1,0.9351974305686757,0.16182386921478636,0.02642550317931418,0.14749787809922132,0.0,0.0,0.0,0.0,0.0,0.0,0.0,0.0,0.0,0.0,0
PFKL,0.9351974305686757,0.3661194450152598,0.6914984353723284,0.7387260148646051,0.7876714523970895,0.8254821093137127,0.7456682869319045,0.0,0.0,0.0,1.0,0.0,0.0,0.0,0
ZNF57,0.5486491592669563,0.2221933009110213,0.030490746315954297,0.0,0.0,0.0,0.0,0.0,0.0,0.0,0.0,0.0,0.0,0.0,0
CREBRF,0.7574154543737012,0.3628376372810923,0.030325104247650326,0.05797308051749818,0.022687772092528317,0.0,0.0,0.0,1.0,0.0,0.0,1.0,0.0,0.0,0
HBP1,0.6153410164368034,0.3793638833710071,0.09284403689541264,0.050747328129170405,0.051843649104722354,0.0,0.0,0.0,0.0,0.0,0.0,1.0,0.0,0.0,0
NCDN,0.608539580578122,0.24030108607134426,0.0,0.0,0.0,0.0,0.5187274054552755,0.0,0.0,1.0,0.0,0.0,0.0,0.0,0
PLOD1,0.4502172680899301,0.1461728733322679,0.01641318138851169,0.13061338200787553,0.9501253866139199,0.0,0.0,0.0,0.0,0.0,0.0,0.0,0.0,0.0,0
EML4,0.5405252219913093,0.33693327549071095,0.0,0.0,0.0,0.0,0.6202180446619633,0.0,0.0,1.0,1.0,0.0,0.0,0.0,0
ATXN7L3B,0.9351974305686757,0.3759329025580138,0.029384264279402005,0.0,0.0,0.0,0.0,0.0,0.0,0.0,0.0,0.0,0.0,0.0,0
EIF1AD,0.9351974305686757,0.3618360466089763,0.0,0.0,0.0,0.8409117280339637,0.0,0.0,0.0,0.0,0.0,0.0,0.0,0.0,0
CALM3,0.5273002078216512,0.32066123250450945,0.0,0.0,0.0,0.0,0.832856599014916,0.0,0.0,0.0,0.0,1.0,0.0,0.0,0
TBC1D17,0.5870017003589647,0.34302958345701007,0.0,0.9329567574713487,0.0,0.0,0.9130872315119944,0.0,0.0,0.0,0.0,0.0,0.0,0.0,0
MSL2,0.5582845267334215,0.3843961915199672,0.02381509230300192,0.03511197152767932,0.0,0.0,0.0,0.0,0.0,0.0,0.0,0.0,0.0,0.0,0
SLC41A3,0.529378424334026,0.35278063185454106,0.0,0.5015832687563906,0.0,0.0,0.0,0.0,0.0,0.0,0.0,0.0,0.0,0.0,0
ZFYVE9,0.5297562818817305,0.2601913373062082,0.035474792132336834,0.049647536393378655,0.11845375280345409,0.0,0.8949225790514729,0.0,0.0,0.0,0.0,0.0,0.0,0.0,0
NEDD4,0.4885698091819384,0.20655904894551375,0.03300530723915029,0.9169871510325562,0.33207517502138206,0.0,0.0,0.0,0.0,0.0,0.0,0.0,0.0,0.0,0
MPC2,0.9072359720385414,0.879839562831549,0.0,0.0,0.0,0.8765898410787036,0.0,0.0,0.0,0.0,0.0,0.0,0.0,0.0,0
PRKCH,0.5607406007935009,0.2640363495216567,0.0,0.0,0.0,0.0,0.6616885866429533,0.0,0.0,0.0,0.0,0.0,0.0,0.0,0
LYPLA2,0.4783676553939165,0.14646056427000334,0.03388158343607295,0.29769703517455465,0.06036730103458718,0.0,0.468021134316032,0.0,0.0,0.0,0.0,1.0,0.0,0.0,0
GADD45B,0.47024371811826937,0.21590215463768447,0.03320110921387996,0.15904971525146364,0.0,0.0,0.0,0.0,0.0,0.0,0.0,0.0,0.0,0.0,0
AAR2,0.9351974305686757,0.5318461690678966,0.025116781027710026,0.3390012666148361,0.0,0.0,0.9007121888568144,0.0,0.0,0.0,0.0,0.0,0.0,0.0,0
FBXW9,0.9351974305686757,0.3339696021797536,0.0329479264395887,0.4371523881346361,0.2235493018563235,0.0,0.0,0.0,1.0,0.0,1.0,0.0,0.0,0.0,0
LLGL1,0.9351974305686757,0.10616556689575349,0.036013823574412664,0.8193342682850948,0.015674205341454483,0.9218115799331325,0.0,0.0,0.0,0.0,0.0,0.0,0.0,0.0,0
IMP4,0.5571509540903079,0.2613999436795518,0.0,0.0,0.0,0.0,0.9271702152251929,0.0,0.0,0.0,0.0,0.0,0.0,0.0,0
DARS2,0.7895333459285849,0.8635796972395373,0.0,0.0,0.0,0.0,0.9132989481166387,0.0,0.0,0.0,0.0,0.0,0.0,0.0,0
HEATR1,0.9351974305686757,0.8893957729220421,0.029460176540947604,0.5666665547930707,0.09871224770548939,0.8831608368719464,0.0,0.0,0.0,0.0,0.0,0.0,0.0,0.0,0
SLC12A6,0.7763083317589269,0.20248266624045785,0.019307293006899866,0.6308171179162613,0.5437329900024531,0.0,0.0,0.0,0.0,0.0,0.0,0.0,0.0,0.0,0
RUSC1,0.9351974305686757,0.8960217975356,0.0,0.0,0.7944518063540452,0.0,0.0,0.0,0.0,0.0,1.0,0.0,0.0,0.0,0
HM13,0.9351974305686757,0.5038929607050714,0.03738356195023293,0.04768289091913042,0.7819283658673672,0.8147139697466405,0.6671174929594234,0.0,0.0,0.0,1.0,0.0,0.0,0.0,0
SLC22A18,0.0,0.22988332534191847,0.7879815528673128,0.9034438373640249,0.8952357953843715,0.9322514683760071,0.5922532838249694,1.0,0.0,0.0,0.0,0.0,0.0,0.0,0
HYOU1,0.018326091063668976,0.06509426064190046,0.032833793202429455,0.948034749639833,0.044022189082034126,0.0,0.0,0.0,0.0,0.0,0.0,0.0,0.0,0.0,0
SNAI3,0.5392027205743435,0.012388976413909514,0.0,0.0,0.5415458847010859,0.0,0.0,0.0,0.0,0.0,0.0,0.0,0.0,0.0,0
STX4,0.7266200642357831,0.5930390970462212,0.026446026397755475,0.0,0.2009961150111813,0.8932468535758953,0.8242142929740758,1.0,0.0,0.0,0.0,1.0,0.0,0.0,0
FOXP4,0.9351974305686757,0.40629114627333673,0.6882807149701756,0.9221936071328463,0.7327865217948702,0.8551454538370726,0.6734489201697045,0.0,0.0,0.0,0.0,0.0,0.0,0.0,0
R3HDM1,0.447194407708294,0.24249149485124555,0.0,0.0,0.0,0.0,0.9435691448912861,0.0,0.0,1.0,0.0,0.0,0.0,0.0,0
TMEM50A,0.7560929529567353,0.1550106171655594,0.0,0.0,0.8281940219586496,0.0,0.0,0.0,0.0,0.0,0.0,1.0,0.0,0.0,0
PIM1,0.7829208388437559,0.3963315600003044,0.05559281752098305,0.0,0.06594208315291945,0.0,0.7209217267162421,0.0,0.0,0.0,0.0,0.0,0.0,0.0,0
DICER1,0.7651615341016437,0.25432183330669533,0.0,0.8296437906388513,0.0,0.0,0.0,0.0,0.0,0.0,0.0,1.0,0.0,0.0,0
PTPN23,0.4332136784432269,0.1928031600337921,0.0,0.0,0.0,0.0,0.4657457530557889,0.0,0.0,0.0,0.0,0.0,0.0,0.0,0
ANKLE2,0.48573587757415454,0.29756223790061725,0.7409952683737223,0.8974179712239648,0.9357865472501855,0.0,0.8613252679029619,0.0,0.0,0.0,0.0,0.0,0.0,0.0,0
NIT2,0.6043831475533723,0.36315120518148125,0.03789358235464937,0.2932546753457481,0.0,0.0,0.9179203971006339,0.0,0.0,0.0,0.0,0.0,0.0,0.0,0
LIMA1,0.07122614774230113,0.3157704865630066,0.02550502636923762,0.028071026748158406,0.5606482351442932,0.0,0.0,0.0,0.0,0.0,0.0,0.0,0.0,0.0,0
EHD3,0.82259588135273,0.34031098020412365,0.0,0.0,0.0,0.0,0.9099170503302166,0.0,0.0,0.0,0.0,1.0,0.0,0.0,0
PCYOX1,0.5905913470621575,0.3333774763872716,0.03399510398509513,0.13724060399753643,0.058428376474642926,0.0,0.8840178083284671,0.0,0.0,0.0,0.0,0.0,0.0,0.0,0
PLAG1,0.9351974305686757,0.694804058116614,0.0,0.0,0.0,0.7317807623491986,0.0,0.0,0.0,0.0,0.0,1.0,0.0,0.0,0
ZNF683,0.4502172680899301,0.14403269630339985,0.0,0.0,0.9082783884877373,0.0,0.12047088273225673,0.0,0.0,0.0,0.0,0.0,0.0,0.0,0
DOT1L,0.47024371811826937,0.20419054577558576,0.9012360733834721,0.8207759581645341,0.6603234182083764,0.9310145667030245,0.5604541850867027,0.0,0.0,1.0,1.0,1.0,0.0,0.0,0
MTA2,0.6523710561118459,0.29235487971017804,0.029659404900377523,0.3009092754092275,0.0,0.8059413221330208,0.8496270443334744,0.0,0.0,0.0,0.0,0.0,0.0,0.0,0
RASGRP4,0.9351974305686757,0.41938793372453215,0.10610549974875177,0.19916457651385738,0.6224505249122605,0.9118084523559317,0.7923803713895334,0.0,0.0,0.0,0.0,0.0,0.0,0.0,0
RAPGEF1,0.48932552427734743,0.2783828420515864,0.0,0.8311388986159324,0.8233499148569249,0.768697350800821,0.0,0.0,0.0,0.0,0.0,0.0,0.0,0.0,0
ARPP19,0.9351974305686757,0.2362231811920147,0.041170955257664336,0.06840090801758568,0.468161565620808,0.0,0.0,0.0,0.0,0.0,0.0,1.0,0.0,0.0,0
BTBD8,0.5860570564897034,0.2274280582383877,0.052650287788697306,0.31432605024793103,0.0,0.0,0.936644014054636,0.0,0.0,0.0,0.0,0.0,0.0,0.0,0
TMEM216,0.9351974305686757,0.3369165315736999,0.034448660180274704,0.2662977199151832,0.043541202772558206,0.0,0.0,0.0,0.0,0.0,0.0,0.0,0.0,0.0,0
TNFAIP1,0.9351974305686757,0.41521260969168367,0.0,0.0,0.0,0.0,0.9248408340621214,0.0,0.0,0.0,0.0,0.0,0.0,0.0,0
MTCH1,0.8055922917060269,0.3944288421581386,0.03102486313741544,0.0,0.14871766995602093,0.8453336750652619,0.0,0.0,0.0,0.0,0.0,0.0,0.0,0.0,0
NUP37,0.6567164179104477,0.3085097152773021,0.0,0.9346377656373404,0.0,0.9412290105320557,0.0,0.0,0.0,0.0,1.0,0.0,0.0,0.0,0
SMIM15,0.5505384470054789,0.265958855629381,0.0,0.9036184658428853,0.0,0.8237092884180166,0.0,0.0,0.0,0.0,0.0,0.0,0.0,0.0,0
RAB29,0.9351974305686757,0.9275916919728141,0.0,0.9134692239843317,0.0,0.8258467053606271,0.0,0.0,0.0,0.0,0.0,0.0,0.0,0.0,0
LRWD1,0.5739656149631589,0.3736968285499007,0.0,0.0,0.0,0.0,0.9166842168051712,0.0,0.0,0.0,0.0,0.0,0.0,0.0,0
TPST1,0.4651426412242584,0.41179532844715394,0.025865346941179805,0.11241094298711515,0.3250550486926814,0.8805241342290717,0.5262452903969378,0.0,0.0,0.0,0.0,0.0,0.0,0.0,0
THEG,0.47402229359531456,0.20921524305317718,0.8031776505229522,0.7204183943386776,0.6802878229193853,0.5521232125249912,0.5678320958189471,0.0,0.0,1.0,0.0,0.0,0.0,0.0,0
GNPTAB,0.6567164179104477,0.30658416482103035,0.05978944789476754,0.0,0.20622220217084247,0.0,0.0,0.0,0.0,0.0,1.0,0.0,0.0,0.0,0
FARSA,0.9351974305686757,0.3346043488519001,0.046104318587877384,0.0,0.4276530406859897,0.0,0.8708919098993992,0.0,0.0,0.0,0.0,1.0,0.0,0.0,0
NUB1,0.6888343094653315,0.359851131356029,0.029592239094610673,0.4284061147878323,0.0,0.0,0.8961664138291098,0.0,0.0,0.0,0.0,0.0,0.0,0.0,0
PROCR,0.9351974305686757,0.524500156022863,0.0,0.0,0.0,0.0971273454222251,0.8725760569508827,0.0,0.0,0.0,0.0,0.0,0.0,0.0,0
SLC27A5,0.9351974305686757,0.36018600969625014,0.0,0.7495028704345373,0.0,0.8694355515500077,0.9277549403401426,0.0,0.0,0.0,0.0,0.0,0.0,0.0,0
TNK1,0.03287360665029282,0.01432061556727604,0.339871557283217,0.44623730859614064,0.9656910796340629,0.957870719889077,0.9373614835840526,0.0,0.0,0.0,0.0,0.0,0.0,0.0,0
PPOX,0.9351974305686757,0.9162773705961599,0.030917925997164676,0.06382356492886909,0.8866509290341917,0.0,0.9372476173739269,0.0,0.0,0.0,0.0,0.0,0.0,0.0,0
DKKL1,0.7961458530134139,0.35332100372171615,0.0,0.0,0.7390513561800929,0.0,0.0,0.0,0.0,0.0,0.0,0.0,0.0,0.0,0
UBE2G2,0.64519176270546,0.3614798578289228,0.0,0.10295837510180386,0.0,0.0,0.0,0.0,0.0,0.0,0.0,0.0,0.0,0.0,0
CEP85,0.5973927829208389,0.1480314481204954,0.04508711911870984,0.08469091826735332,0.02932302322518167,0.7465894957116076,0.9416008059579557,0.0,0.0,0.0,0.0,0.0,0.0,0.0,0
CAMKV,0.05138862648781409,0.17786149736283297,0.2092083099789298,0.18961382851232506,0.6020733745894801,0.7573467594383126,0.6877281323516727,0.0,0.0,0.0,0.0,0.0,0.0,0.0,0
RDX,0.5509163045531835,0.07921699355359177,0.030999619832309994,0.07129197066872758,0.0,0.7367994649563303,0.0,0.0,0.0,0.0,0.0,0.0,0.0,0.0,0
NUP85,0.9351974305686757,0.4996400057842624,0.042561240239469125,0.0,0.08412420284965502,0.0,0.9091952363640403,0.0,0.0,0.0,0.0,0.0,0.0,0.0,0
CYC1,0.9351974305686757,0.8126447016918974,0.024378302286211618,0.0,0.2845746480463495,0.0,0.0,0.0,0.0,0.0,0.0,0.0,0.0,0.0,0
EVX1,0.9351974305686757,0.4436179038138078,0.0,0.5519741502893979,0.0,0.0,0.0,0.0,0.0,0.0,0.0,0.0,0.0,0.0,0
U2AF2,0.7740411864726997,0.38950765273116117,0.03204994858062657,0.0,0.28246558593560483,0.0,0.8721640098509787,0.0,0.0,0.0,0.0,0.0,0.0,0.0,0
TAF15,0.9351974305686757,0.31056617272111486,0.0,0.913343972120593,0.8398659663844958,0.9309318092595109,0.8637681523555848,0.0,0.0,0.0,0.0,0.0,0.0,0.0,0
MCAT,0.6672964292461742,0.13579773348250634,0.06021518726744958,0.0259112925643053,0.33384228851674497,0.0,0.0,0.0,0.0,0.0,0.0,0.0,0.0,0.0,0
DOCK1,0.9351974305686757,0.25601601327335977,0.140348528416908,0.7545266274873821,0.9387538437142882,0.9289494944322831,0.7872645391366475,0.0,0.0,0.0,0.0,0.0,0.0,0.0,0
ARL16,0.7232193463064425,0.4613284014886866,0.0,0.8079678520468433,0.0,0.0,0.0,0.0,0.0,0.0,0.0,0.0,0.0,0.0,0
LRRC23,0.9293406385792556,0.3982221004482803,0.05120663612928596,0.0,0.048677319823448306,0.7821693238758497,0.0,0.0,0.0,0.0,0.0,0.0,0.0,0.0,0
CABIN1,0.7230304175325901,0.17586897123851705,0.055451220002823945,0.3474715865683759,0.05342314786837998,0.7138693512866169,0.0,0.0,0.0,0.0,0.0,0.0,0.0,0.0,0
MINK1,0.5324012847156622,0.049186017307121355,0.047282662828907404,0.604472153762062,0.015798153055327946,0.8830971148437943,0.0,0.0,0.0,0.0,0.0,0.0,0.0,0.0,0
CMSS1,0.8212733799357642,0.3658941632227474,0.037864411789840006,0.04820990068177735,0.025191641213140863,0.0,0.0,0.0,0.0,0.0,0.0,0.0,0.0,0.0,0
LAD1,0.7169846967693179,0.9110547906629833,0.0,0.2726288069322583,0.0,0.0,0.0,0.0,0.0,0.0,0.0,1.0,0.0,0.0,0
PLEKHM1,0.9351974305686757,0.29606746276381185,0.02329258814018005,0.6359232615287906,0.06027505770579429,0.0,0.9024605978857788,0.0,1.0,0.0,1.0,1.0,0.0,0.0,0
CALR,0.9351974305686757,0.3346043488519001,0.03780898192359382,0.56686076699892,0.439426754793782,0.7700371708398922,0.0,0.0,1.0,0.0,0.0,0.0,0.0,0.0,0
GEMIN4,0.5597959569242396,0.047676020427578514,0.0,0.0,0.0,0.8996881715806099,0.0,0.0,0.0,0.0,0.0,0.0,0.0,0.0,0
SYT11,0.9351974305686757,0.8849571127398378,0.0,0.0,0.5726956641092948,0.0,0.0,0.0,0.0,0.0,0.0,0.0,0.0,0.0,0
NSFL1C,0.9351974305686757,0.4198978621062326,0.036450150325243784,0.8871546488498581,0.0,0.8969825708348772,0.0,0.0,0.0,0.0,0.0,0.0,0.0,0.0,0
CHMP1A,0.5392027205743435,0.007056799933024216,0.8924831454300275,0.8143569853522253,0.9628563108553762,0.0,0.729277122089586,0.0,0.0,0.0,0.0,1.0,0.0,0.0,0
ZNF160,0.5870017003589647,0.36010533445974235,0.04736017463110727,0.881402669490281,0.0,0.0,0.0,0.0,0.0,0.0,0.0,0.0,0.0,0.0,0
MCCC2,0.5505384470054789,0.25523818221948225,0.040744029550106795,0.06604209209589876,0.04585692495743831,0.0,0.0,0.0,0.0,0.0,0.0,0.0,0.0,0.0,0
CCDC137,0.7232193463064425,0.4613284014886866,0.0,0.0,0.0,0.0,0.8215911539570007,0.0,0.0,0.0,0.0,0.0,0.0,0.0,0
UBFD1,0.698658605705649,0.5980135625727794,0.0,0.0,0.0,0.0,0.94248254340342,0.0,0.0,0.0,0.0,1.0,0.0,0.0,0
KPNB1,0.9351974305686757,0.3434116491997169,0.0,0.0,0.0,0.0,0.7547123747865248,0.0,0.0,0.0,0.0,1.0,0.0,0.0,0
DDX60,0.505195541280937,0.2235252034005374,0.03735894602671892,0.0,0.04604648175124456,0.0,0.0,0.0,0.0,0.0,0.0,0.0,0.0,0.0,0
DEAF1,0.010768940109578656,0.22895175468639412,0.9027893212429221,0.9321332189667892,0.9327529549171256,0.931073541937016,0.7906484551972092,0.0,0.0,0.0,0.0,0.0,0.0,0.0,0
MKRN1,0.8312866049499339,0.40173832302060275,0.06636445772857875,0.048764263120000206,0.0,0.8730548749428811,0.0,0.0,0.0,0.0,0.0,0.0,0.0,0.0,0
G3BP2,0.5739656149631589,0.29268366935330425,0.024092912759894353,0.6906457791789786,0.5750560319041651,0.8543021225183944,0.0,0.0,0.0,1.0,0.0,1.0,0.0,0.0,0
VCP,0.9351974305686757,0.3133350077250344,0.055955599256999326,0.039364994876788545,0.6172390005283434,0.0,0.0,0.0,0.0,0.0,0.0,0.0,0.0,0.0,0
GSTZ1,0.7746079727942565,0.23634191078536582,0.0,0.0,0.0,0.0,0.5155624669904453,0.0,0.0,0.0,0.0,0.0,0.0,0.0,0
GMNN,0.82845267334215,0.3942340038511008,0.02376101740235188,0.17099415893710718,0.0,0.0,0.0,0.0,0.0,0.0,0.0,0.0,0.0,0.0,0
ABHD17B,0.5201209144152654,0.26625111308993765,0.0,0.3389738167762037,0.0,0.0,0.0,0.0,0.0,0.0,0.0,0.0,0.0,0.0,0
ABCA7,0.052711127904779886,0.1940696090295377,0.9023700741099225,0.888163770405677,0.43501278746478866,0.0,0.9257730746473266,0.0,0.0,0.0,0.0,0.0,0.0,0.0,0
DTWD2,0.546948800302286,0.27961732538758366,0.08336796007083738,0.0,0.10096259636982283,0.0,0.0,0.0,0.0,0.0,0.0,0.0,0.0,0.0,0
RALGAPA1,0.9351974305686757,0.3464483868758134,0.031014589104510878,0.0,0.0,0.0,0.0,0.0,0.0,1.0,0.0,0.0,0.0,0.0,0
CCDC117,0.9351974305686757,0.15803822179601337,0.03702418086895874,0.04460628675415127,0.03062572082499504,0.0,0.0,0.0,0.0,0.0,0.0,0.0,0.0,0.0,0
PTGES2,0.5000944643869261,0.28126736230030974,0.0,0.8115348532059865,0.0,0.9467317132859339,0.0,0.0,0.0,0.0,0.0,0.0,0.0,0.0,0
DDX46,0.6433024749669375,0.2966595885562938,0.041516588284782566,0.07277235181414823,0.042355334496762896,0.0,0.0,0.0,0.0,0.0,0.0,0.0,0.0,0.0,0
RAB18,0.8787077271868505,0.3783973027071871,0.0359777803457321,0.4938155856688327,0.0,0.0,0.9191742506622871,0.0,0.0,0.0,0.0,1.0,0.0,0.0,0
SYMPK,0.8583034196108067,0.347976649846641,0.0,0.0,0.0,0.0,0.6829526150076417,0.0,0.0,0.0,0.0,0.0,0.0,0.0,0
MAGI3,0.9351974305686757,0.2710261737866368,0.045144342029346606,0.09491129452729415,0.34227249094832696,0.0,0.0,0.0,0.0,0.0,0.0,0.0,0.0,0.0,0
ZNF133,0.9351974305686757,0.44608991483434957,0.02942397510345857,0.24773383333219165,0.0,0.0,0.0,0.0,0.0,0.0,0.0,0.0,0.0,0.0,0
KIFAP3,0.9051577555261667,0.8713032095044563,0.032492478070637244,0.05275449663392918,0.04502533587157599,0.0,0.0,0.0,0.0,0.0,0.0,0.0,0.0,0.0,0
PRKDC,0.9351974305686757,0.6690823572390803,0.9690345007781151,0.9303224861468111,0.9469381477065356,0.8197888615316942,0.8796467471292219,0.0,0.0,1.0,0.0,0.0,0.0,0.0,0
SURF2,0.5962592102777253,0.2798091193460739,0.0,0.0,0.0,0.0,0.8285551369175017,0.0,0.0,0.0,0.0,0.0,0.0,0.0,0
MRPL39,0.6797657283204233,0.3184084145793852,0.0385823262142417,0.8776346705445892,0.031848489312590655,0.0,0.0,0.0,0.0,0.0,1.0,0.0,0.0,0.0,0
ING3,0.9351974305686757,0.3969617401496297,0.046427503553355766,0.04645719581861918,0.044765205110535694,0.0,0.9242609560912833,0.0,0.0,0.0,1.0,0.0,0.0,0.0,0
IRF6,0.7511808048365766,0.894974541635272,0.06131782738643891,0.2304628038927704,0.10638798336552681,0.9035954045419906,0.3910454273681072,0.0,0.0,0.0,0.0,0.0,0.0,0.0,0
PGM2L1,0.9351974305686757,0.37369835072417446,0.0,0.0,0.0,0.8933994768371917,0.0,0.0,0.0,0.0,0.0,1.0,0.0,0.0,0
DHTKD1,0.8809748724730777,0.45249979070103763,0.048843958696722374,0.03462066654015141,0.0,0.0,0.0,0.0,0.0,0.0,0.0,0.0,0.0,0.0,0
RC3H2,0.9351974305686757,0.2875097989968871,0.028214883703203922,0.04245376945221831,0.0,0.0,0.0,0.0,1.0,0.0,1.0,0.0,0.0,0.0,0
HKDC1,0.5713206121292274,0.27212366143799804,0.8855029839260941,0.8979698135519899,0.8846988787445392,0.6050859873433636,0.0,0.0,0.0,0.0,0.0,0.0,0.0,0.0,0
CTNNBL1,0.9351974305686757,0.5391191177477909,0.024249832051791112,0.0,0.6539688842912912,0.0,0.0,0.0,0.0,0.0,0.0,0.0,0.0,0.0,0
SMNDC1,0.7457018703948611,0.21436323644694077,0.03822761088899616,0.04036946832649269,0.027740993264943548,0.9029907681945045,0.0,0.0,0.0,0.0,0.0,0.0,0.0,0.0,0
TMEM167B,0.6941243151331947,0.2561103880783311,0.0,0.0,0.0,0.0,0.8469137673055442,0.0,0.0,0.0,0.0,0.0,0.0,0.0,0
NQO2,0.9351974305686757,0.3565799788417776,0.0,0.0,0.2510624324740143,0.0,0.7275826624387999,0.0,0.0,0.0,0.0,0.0,0.0,0.0,0
ALG6,0.6899678821084452,0.2581272689910268,0.0393033196897747,0.24913364707777808,0.0,0.0,0.0,0.0,1.0,0.0,0.0,0.0,0.0,0.0,0
GK5,0.743434725108634,0.40975409274607855,0.026906833142892474,0.035980687765717154,0.7770428337413168,0.0,0.0,0.0,0.0,0.0,0.0,0.0,0.0,0.0,0
EXTL1,0.6193085206877007,0.1492400544938391,0.05533631638840475,0.49846333234175966,0.04950229912061841,0.8970244775720941,0.0,0.0,0.0,0.0,0.0,0.0,0.0,0.0,0
KIAA1586,0.6529378424334026,0.38690473472307846,0.04158256830953688,0.057691766862684526,0.0,0.0,0.0,0.0,0.0,0.0,0.0,0.0,0.0,0.0,0
RBM45,0.9036463253353486,0.28408338470671507,0.03727765789239771,0.4624281805016876,0.03584347545803402,0.0,0.9178147048892279,0.0,0.0,0.0,0.0,0.0,0.0,0.0,0
PRDM2,0.0,0.1291884527859595,0.04086506965417349,0.49332540880369424,0.546473832836872,0.0,0.8841899659581441,0.0,0.0,0.0,0.0,1.0,0.0,0.0,0
NMI,0.06404685433591534,0.2503200371410523,0.035171140740079064,0.0,0.05021474588944793,0.0,0.0,0.0,0.0,0.0,0.0,0.0,0.0,0.0,0
MRGBP,0.9351974305686757,0.6047400506884034,0.09616248548049847,0.09301289426500105,0.0,0.0,0.9706561474027166,0.0,0.0,0.0,0.0,1.0,0.0,0.0,0
PRAM1,0.8216512374834687,0.3038655615681439,0.879751571870362,0.8375722871417458,0.9133880934672367,0.6373756411838625,0.5527778688980347,0.0,0.0,0.0,0.0,1.0,0.0,0.0,0
RAB21,0.9351974305686757,0.4235449916660959,0.031871222972604085,0.10269432857091386,0.08065741171810158,0.0,0.0,0.0,0.0,0.0,0.0,0.0,0.0,0.0,0
GMPPB,0.05138862648781409,0.18001385178589088,0.026227924129223763,0.6803993229763826,0.0,0.0,0.0,0.0,0.0,0.0,0.0,0.0,0.0,0.0,0
TXNDC15,0.6433024749669375,0.29849228638186787,0.028115320683554563,0.7890518607842116,0.060165181981431774,0.0,0.0,0.0,0.0,0.0,0.0,0.0,0.0,0.0,0
CYP1B1,0.5928584923483846,0.33443082098469457,0.0,0.0,0.0,0.8374246217344702,0.0,0.0,0.0,0.0,0.0,0.0,0.0,0.0,0
GLMP,0.9351974305686757,0.8788273169395168,0.0,0.0,0.0,0.0,0.03423924779977313,0.0,0.0,0.0,0.0,0.0,0.0,0.0,0
IL23A,0.44322690345739657,0.320413118097891,0.0,0.0,0.0,0.0,0.8220183508339313,0.0,0.0,0.0,0.0,0.0,0.0,0.0,0
UBXN11,0.5973927829208389,0.1480314481204954,0.02918502724398286,0.09698030501886575,0.2961677259342711,0.0,0.8668206087159585,0.0,1.0,0.0,0.0,0.0,0.0,0.0,0
RB1CC1,0.9351974305686757,0.664757860127406,0.03499376050933506,0.034713489707220484,0.03130586205095281,0.8107664558862018,0.0,0.0,0.0,0.0,0.0,1.0,0.0,0.0,0
TCAP,0.9351974305686757,0.6545699477133139,0.0,0.6550427899345618,0.0,0.5860275631829774,0.0,0.0,0.0,0.0,0.0,0.0,0.0,0.0,0
ZNF337,0.768373323257132,0.4476912421703162,0.0,0.8369825070515318,0.0,0.7827361568886758,0.0,0.0,0.0,0.0,0.0,0.0,0.0,0.0,0
ATG13,0.6442471188361987,0.31985295796515745,0.0,0.0,0.0,0.0,0.6992891696852138,0.0,0.0,0.0,0.0,0.0,0.0,0.0,0
WDR55,0.6606839221613452,0.31088278497005123,0.028223888958062722,0.040287085444812264,0.036496962148886286,0.0,0.880038550898223,0.0,0.0,0.0,0.0,0.0,0.0,0.0,0
DDX52,0.9351974305686757,0.3518947264272287,0.0,0.0,0.0,0.9409352867421505,0.0,0.0,0.0,0.0,0.0,0.0,0.0,0.0,0
TBC1D2,0.5065180426979028,0.25725049660935684,0.04171468853986022,0.689419606305854,0.158009021541969,0.9420301960483117,0.0,0.0,0.0,0.0,0.0,0.0,0.0,0.0,0
SETD9,0.5505384470054789,0.26254461873339874,0.0,0.0,0.9235122582794154,0.0,0.9524917183482979,0.0,0.0,0.0,0.0,0.0,0.0,0.0,0
FAM104A,0.9129038352541092,0.5091444619494487,0.0,0.0,0.0,0.171672330940371,0.0,0.0,0.0,0.0,1.0,1.0,0.0,0.0,0
SP3,0.5320234271679576,0.27207951838405975,0.05205453962660194,0.023730594859013392,0.20699682671136116,0.8406166526230338,0.0,0.0,0.0,1.0,0.0,0.0,0.0,0.0,0
C2orf76,0.5803891932741356,0.2685617736374637,0.0,0.0,0.0,0.9490806170503178,0.0,0.0,0.0,0.0,0.0,0.0,0.0,0.0,0
SPATA33,0.5392027205743435,0.007056799933024216,0.709214827728832,0.9882618185842992,0.0,0.0,0.9195101718327807,0.0,0.0,0.0,1.0,0.0,0.0,0.0,0
FAM214B,0.9351974305686757,0.313377628604699,0.06014452829667655,0.28320487242932346,0.04713316138009634,0.0,0.0,0.0,0.0,0.0,0.0,0.0,0.0,0.0,0
RMDN2,0.5928584923483846,0.3343075248685222,0.05197693887699511,0.9549251037352531,0.0,0.9298221165683207,0.8944868462149862,0.0,0.0,0.0,1.0,0.0,1.0,0.0,0
ZNF70,0.7215189873417721,0.1640386327830672,0.03568177546680313,0.0,0.1258327634163283,0.9231955491516034,0.0,0.0,0.0,0.0,0.0,0.0,0.0,0.0,0
TNFAIP3,0.7177404118647269,0.24396039302539746,0.0,0.0,0.0,0.0,0.8053999385915536,0.0,0.0,0.0,0.0,0.0,0.0,0.0,0
ZNF287,0.6376346117513697,0.061517151098628764,0.07744887326797373,0.9631064454689495,0.13921576135101033,0.0,0.0,0.0,0.0,0.0,0.0,0.0,0.0,0.0,0
TMEM191B,0.5830341961080672,0.1557336499455822,0.033063359631687946,0.0,0.0,0.0,0.0,0.0,0.0,0.0,0.0,0.0,1.0,0.0,0
MED28,0.6238428112601548,0.20151151905381642,0.0,0.0,0.0,0.0,0.9634000593364042,0.0,0.0,0.0,0.0,1.0,0.0,0.0,0
TCP1,0.0034007179293406298,0.18723504654047834,0.0,0.0,0.0,0.9162787842997462,0.0,0.0,1.0,0.0,0.0,0.0,0.0,0.0,0
APC,0.546948800302286,0.2792032939851284,0.04692515580265005,0.22427125969110023,0.03035054176844058,0.0,0.0,0.0,0.0,0.0,0.0,0.0,0.0,0.0,0
HOOK2,0.9351974305686757,0.3360899909430631,0.11894881317851304,0.2718700138506186,0.42840777623203785,0.8662556193295917,0.7657372758694878,0.0,0.0,0.0,0.0,0.0,0.0,0.0,0
ANKRD52,0.44322690345739657,0.3210463425957638,0.027942740623347336,0.3173163218188307,0.0,0.0,0.0,0.0,0.0,0.0,0.0,0.0,0.0,0.0,0
PREB,0.4813905157755526,0.32235236812262635,0.07853987510124284,0.33845188956927225,0.05367378577446529,0.7769476808355972,0.0,0.0,0.0,0.0,0.0,0.0,0.0,0.0,0
ASXL2,0.5093519743056867,0.31229992921889627,0.02805386199760818,0.8953785422104699,0.0,0.9160814568141425,0.0,0.0,0.0,0.0,0.0,0.0,0.0,0.0,0
PKN2,0.5919138484791233,0.23036585458669168,0.0,0.0,0.0,0.0,0.8450834045190139,0.0,0.0,1.0,1.0,0.0,0.0,0.0,0
ADNP2,0.5273002078216512,0.21864054615612927,0.0,0.6477724557809317,0.0,0.6276953058396869,0.0,0.0,0.0,0.0,0.0,0.0,0.0,0.0,0
PSMB2,0.608539580578122,0.24125244499242715,0.029466951048639452,0.0,0.3215463120881768,0.06915738556475823,0.0,0.0,0.0,0.0,0.0,0.0,0.0,0.0,0
PTPRJ,0.6442471188361987,0.31800047187402486,0.10028903373136384,0.0,0.0,0.0,0.0,0.0,0.0,0.0,1.0,0.0,0.0,0.0,0
ZDHHC21,0.9351974305686757,0.2816174623832682,0.020771959798977807,0.3271656487117878,0.03393890202587799,0.9044086000788858,0.0,0.0,0.0,0.0,0.0,0.0,0.0,0.0,0
LSM2,0.6425467598715284,0.3823793106072713,0.020167085727237924,0.06805394242248648,0.5967597044732978,0.8860787982908435,0.8968404754037955,0.0,0.0,0.0,0.0,0.0,0.0,0.0,0
TRIOBP,0.4948044587190629,0.12652160345837987,0.040253046629056995,0.17706600553785523,0.10534048426624015,0.0,0.515380226080696,0.0,0.0,0.0,0.0,1.0,0.0,0.0,0
ZNF101,0.6928018137162291,0.3367445258807681,0.025238112732215667,0.9698661986578471,0.46438002617066,0.0,0.0,0.0,0.0,0.0,0.0,0.0,0.0,0.0,0
ZNF326,0.5919138484791233,0.2310919317152621,0.0,0.0,0.0,0.0,0.9026908817533732,0.0,0.0,0.0,0.0,0.0,0.0,0.0,0
DHCR24,0.6245985263555639,0.266812795396945,0.0,0.43817689319505854,0.0,0.5691641900747088,0.0,0.0,0.0,0.0,0.0,0.0,0.0,0.0,0
LMBR1,0.6843000188928774,0.3801675913875381,0.019552574897110687,0.04570235599584054,0.0,0.90925832922219,0.0,0.0,0.0,0.0,0.0,0.0,0.0,0.0,0
NABP2,0.44322690345739657,0.32184852843802086,0.033208120799012614,0.17293802909456438,0.19627323831081747,0.0,0.0,0.0,0.0,0.0,0.0,0.0,0.0,0.0,0
PHACTR2,0.6788210844511618,0.23127002610528868,0.08102825991018395,0.28041579573772724,0.1314095880357032,0.0,0.8846000615733803,0.0,0.0,0.0,1.0,1.0,0.0,0.0,0
PSMC6,0.9351974305686757,0.31480999459628134,0.03650844795008786,0.1122840467282024,0.06646411585842185,0.0,0.8782001293296814,0.0,0.0,0.0,1.0,0.0,0.0,0.0,0
TMEM38B,0.49499338749291516,0.25933435319009673,0.0777369912744824,0.026340471037094332,0.06624356496076343,0.0,0.0,0.0,0.0,0.0,1.0,0.0,0.0,0.0,0
RFX3,0.8671830719818628,0.2863362026318393,0.0,0.1248390537733175,0.0,0.0,0.0,0.0,0.0,0.0,1.0,0.0,0.0,0.0,0
USP45,0.9351974305686757,0.23123958261981398,0.03293510828045201,0.0,0.025182712016055528,0.0,0.0,0.0,0.0,0.0,0.0,0.0,0.0,0.0,0
MBD2,0.6278103155110523,0.2330037826030701,0.02368572513162933,0.03771110351210088,0.280587803332422,0.9145061644731083,0.0,0.0,0.0,0.0,1.0,1.0,0.0,0.0,0
NUCB2,0.8295862459852635,0.3099755691029066,0.03470155621704617,0.09557804077800315,0.0,0.0,0.9193124426217787,0.0,0.0,0.0,0.0,0.0,0.0,0.0,0
LSM14B,0.9351974305686757,0.6214946229193781,0.02745118300201508,0.0,0.016891539213312167,0.0,0.9999999999999999,0.0,0.0,0.0,0.0,0.0,0.0,0.0,0
SLC18B1,0.6861893066314,0.2424153861375588,0.033171940742617576,0.0,0.04939561864991175,0.8630838082908306,0.0,0.0,0.0,0.0,0.0,0.0,0.0,0.0,0
PLCG1,0.9351974305686757,0.5367886689347063,0.0,0.0,0.0,0.0,0.5927189466338281,0.0,0.0,0.0,0.0,0.0,0.0,0.0,0
RAB27A,0.06007935008501794,0.19935155375938995,0.0,0.0,0.5904552842273713,0.0,0.9597554419793299,0.0,0.0,0.0,0.0,0.0,0.0,0.0,0
EXOC1,0.9351974305686757,0.2963155771704302,0.0338207416321584,0.05463446887954666,0.0,0.0,0.0,0.0,0.0,0.0,0.0,0.0,0.0,0.0,0
IARS2,0.9351974305686757,0.9017269067135497,0.04402965530194743,0.0,0.055426340658279546,0.0,0.0,0.0,0.0,1.0,0.0,0.0,0.0,0.0,0
EEF2K,0.698658605705649,0.5992952333112622,0.03466906984342473,0.05120277292979287,0.23100986331284937,0.0,0.0,0.0,0.0,0.0,0.0,0.0,0.0,0.0,0
TMC6,0.9351974305686757,0.49104733200904194,0.035931304904064744,0.0,0.04905940552040189,0.780801275301724,0.0,0.0,0.0,0.0,0.0,0.0,0.0,0.0,0
RPS15,0.052711127904779886,0.19147734624137108,0.030340420055066406,0.18893573713400827,0.0,0.0,0.0,0.0,0.0,0.0,0.0,0.0,0.0,0.0,0
SUN1,0.9351974305686757,0.4357741397812636,0.43860368446435943,0.9377651785478713,0.7512261088958637,0.8454819337521592,0.8199305272924445,0.0,0.0,0.0,1.0,0.0,0.0,0.0,0
PAQR3,0.6336671075004723,0.25761429626077886,0.0,0.0,0.0,0.9166006724537703,0.0,0.0,0.0,0.0,0.0,0.0,0.0,0.0,0
ACTR3B,0.5824674097865105,0.34834653819515793,0.027886823153752162,0.29274873220859304,0.1655745396097798,0.0,0.9472323299685151,0.0,0.0,0.0,0.0,0.0,0.0,0.0,0
FAM118B,0.48460230493104095,0.0817331476280716,0.0,0.0,0.9529132867023433,0.0,0.0,0.0,0.0,0.0,0.0,0.0,0.0,0.0,0
NHSL1,0.9351974305686757,0.2531528034644686,0.9614574053226873,0.8352487978526195,0.9362826360694917,0.0,0.8374226861225391,0.0,0.0,1.0,0.0,0.0,0.0,0.0,0
ADAT1,0.52635556395239,0.01564338501114948,0.03484605686873928,0.038883289956706445,0.484605152056911,0.8271985917381308,0.0,0.0,0.0,0.0,0.0,0.0,0.0,0.0,0
GIGYF2,0.6648403551860949,0.2372156388184883,0.04278416741904333,0.10517034912752898,0.0,0.0,0.7330054795715395,0.0,0.0,1.0,0.0,1.0,0.0,0.0,0
FAXC,0.9351974305686757,0.23680921828740165,0.051193092274339894,0.3043425198060193,0.5292357467511933,0.0,0.0,0.0,0.0,0.0,0.0,0.0,0.0,0.0,0
ZFP62,0.6438692612884942,0.3612621869077791,0.03648658499451493,0.4252422173412872,0.0,0.9153294645019282,0.0,0.0,0.0,0.0,0.0,0.0,0.0,0.0,0
CLHC1,0.4823351596448139,0.34432495376395644,0.0,0.0,0.0,0.0,0.88450732330158,0.0,0.0,0.0,0.0,0.0,0.0,0.0,0
UBAP2L,0.7203854146986586,0.8872464628475316,0.0,0.0,0.0,0.9483490711562629,0.8648159733097319,0.0,0.0,0.0,0.0,0.0,0.0,0.0,0
PTTG1IP,0.64519176270546,0.35918746337268154,0.06379378365477642,0.1432006577802315,0.9181708021220045,0.48138493334227717,0.8154950866424749,0.0,0.0,0.0,0.0,1.0,0.0,0.0,0
ITFG1,0.9351974305686757,0.1720544025085431,0.0,0.0,0.0,0.9355673778996381,0.0,0.0,0.0,0.0,0.0,1.0,0.0,0.0,0
NUCB1,0.9351974305686757,0.34243441331598057,0.04063546143812662,0.0,0.2505686382679486,0.0,0.0,0.0,0.0,0.0,0.0,0.0,0.0,0.0,0
B3GNTL1,0.9351974305686757,0.4492956138548304,0.6641412689461708,0.8254070075329355,0.903679638750933,0.7122033393288412,0.8858198386446225,0.0,0.0,0.0,0.0,0.0,0.0,0.0,0
EFCAB14,0.46778764405819007,0.2584743247254378,0.02707793742549209,0.4723650284329508,0.0,0.8372220544860868,0.0,0.0,1.0,0.0,1.0,1.0,0.0,0.0,0
AP3D1,0.47024371811826937,0.20525758994147236,0.5872275746158533,0.7782347665967182,0.9201910149992619,0.8647834542643807,0.7802608373150592,0.0,0.0,0.0,0.0,0.0,0.0,0.0,0
ZW10,0.020026450028339277,0.05425029111582952,0.03704358988844642,0.0,0.08459237191208123,0.0,0.0,0.0,0.0,0.0,0.0,0.0,0.0,0.0,0
WWC1,0.6438692612884942,0.334041144370619,0.047952299130729986,0.3995442704068204,0.06739570497668644,0.0,0.4259771553970065,0.0,0.0,0.0,0.0,0.0,0.0,0.0,0
MAPK14,0.7398450784054411,0.38145535082311566,0.0403636853140825,0.8177734077653648,0.07988538141939781,0.0,0.0,0.0,0.0,0.0,1.0,1.0,0.0,0.0,0
CLCN3,0.505195541280937,0.22867319679430104,0.027453127524407404,0.0498412394722263,0.058817930081508527,0.0,0.66859007889061,0.0,0.0,0.0,1.0,1.0,0.0,0.0,0
PLXNA1,0.529378424334026,0.3528460853483116,0.8909671127446713,0.8500849260436234,0.8641978839451755,0.9488900621536834,0.8639035487673117,0.0,0.0,0.0,0.0,0.0,0.0,0.0,0
MED22,0.5962592102777253,0.28026577162819366,0.0,0.8297159053289748,0.0,0.8778112230368416,0.0,0.0,0.0,0.0,0.0,0.0,0.0,0.0,0
PAG1,0.9351974305686757,0.8426574118470829,0.03123194944271933,0.22921113454717246,0.2290187741364883,0.7658153753862612,0.0,0.0,0.0,0.0,0.0,0.0,0.0,0.0,0
TMEM67,0.9351974305686757,0.8837743833291477,0.027973189110325918,0.0,0.04240662321624206,0.0,0.0,0.0,1.0,0.0,0.0,0.0,0.0,0.0,0
RPL11,0.4783676553939165,0.14595368023685037,0.04879198109922115,0.09454537218629838,0.03706117641443118,0.0,0.0,0.0,0.0,0.0,0.0,0.0,0.0,0.0,0
PITPNM2,0.48573587757415454,0.3013098309625469,0.750473864663108,0.712042060709231,0.8415071639666716,0.8656268365725983,0.880299822542951,0.0,0.0,0.0,0.0,0.0,0.0,0.0,0
TCP11L1,0.9351974305686757,0.3758339612302213,0.03759375691069545,0.037486410454692545,0.18352626681311132,0.0,0.8017114849882397,0.0,0.0,0.0,0.0,0.0,0.0,0.0,0
TSPAN5,0.5161534101643681,0.23007968582322996,0.0,0.8776551052064464,0.0,0.7660221166391218,0.0,0.0,0.0,0.0,0.0,0.0,0.0,0.0,0
ATRN,0.9351974305686757,0.43030953413856354,0.029420226000833667,0.9614716271696596,0.040870181038951035,0.0,0.0,0.0,0.0,0.0,0.0,0.0,0.0,0.0,0
ZNF555,0.5486491592669563,0.2201840308696943,0.035366295979572616,0.0,0.0,0.0,0.0,0.0,0.0,0.0,0.0,0.0,0.0,0.0,0
EIF3H,0.9351974305686757,0.9673371844342458,0.044521377638122306,0.042088357521308434,0.03357413478735856,0.9208486785486187,0.8891071389641368,0.0,1.0,0.0,0.0,0.0,0.0,0.0,0
PCBD2,0.6433024749669375,0.2992731617842927,0.0,0.0,0.06188813229686653,0.0,0.0,0.0,0.0,0.0,0.0,0.0,0.0,0.0,0
DAB2,0.6053277914226336,0.44903684422829593,0.0,0.0,0.0,0.0,0.6309883365579722,0.0,0.0,0.0,0.0,0.0,0.0,0.0,0
RPS14,0.6363121103344039,0.3142544009863689,0.022318055564904602,0.04771759642395197,0.034926722869733896,0.5950185157315024,0.0,0.0,0.0,0.0,0.0,0.0,0.0,0.0,0
IWS1,0.496315888909881,0.255137718717416,0.03515915197311002,0.2680047245248743,0.5867700404602658,0.6917504974165343,0.0,0.0,0.0,0.0,0.0,0.0,0.0,0.0,0
LUC7L3,0.9351974305686757,0.532829493648728,0.03119942835088131,0.25732735120837064,0.043388039387288864,0.0,0.0,0.0,0.0,0.0,1.0,0.0,0.0,0.0,0
PDE12,0.03721896844889472,0.1828892389889716,0.0,0.0,0.39583118084443,0.0,0.0,0.0,0.0,0.0,0.0,0.0,0.0,0.0,0
LAG3,0.9293406385792556,0.4003683661742433,0.8153986227568658,0.6487283154918847,0.7363853081057428,0.9361419512021374,0.7985490246582001,0.0,0.0,1.0,1.0,0.0,0.0,0.0,0
TOP1,0.9202720574343473,0.5390034325029873,0.032946856365999366,0.2924068483847817,0.41924735092400717,0.0,0.9639363826949557,0.0,0.0,1.0,0.0,1.0,0.0,0.0,0
HIBADH,0.9351974305686757,0.4440045360793359,0.04118617544544469,0.05984831941706785,0.0,0.0,0.0,0.0,0.0,0.0,0.0,0.0,0.0,0.0,0
LRIG2,0.7872662006423579,0.26040291953025707,0.0,0.0,0.0,0.0,0.9435011869581087,0.0,0.0,0.0,0.0,0.0,0.0,0.0,0
TAF11,0.762516531267712,0.3875090379097502,0.0,0.03672362961166118,0.0,0.0,0.0,0.0,0.0,0.0,0.0,0.0,0.0,0.0,0
MICALL2,0.689212167013036,0.43251668683547584,0.9114823802866634,0.799458698861136,0.8074225569487604,0.7861221592761736,0.46384180464984537,0.0,0.0,0.0,0.0,0.0,0.0,0.0,0
PTBP3,0.557906669185717,0.2704584027825345,0.031211067643030766,0.0,0.03756664341565511,0.0,0.0,0.0,1.0,0.0,0.0,0.0,0.0,0.0,0
SOD2,0.0034007179293406298,0.1892153952706045,0.02943079529759216,0.0,0.0,0.955880351632378,0.8490719941840554,0.0,0.0,0.0,0.0,0.0,0.0,0.0,0
ZSCAN25,0.7286982807481579,0.397375771552085,0.029001513081665604,0.0598242669097903,0.0,0.0,0.8042365494753385,0.0,0.0,0.0,0.0,0.0,0.0,0.0,0
SLC16A9,0.8881541658794634,0.3001286237261304,0.06152313242758539,0.2285905009023119,0.9479065995595711,0.9526255795561741,0.868694858995307,0.0,0.0,0.0,0.0,0.0,0.0,0.0,0
GUSB,0.4651426412242584,0.40688479424009255,0.09237945951457256,0.6257707870074798,0.27739672727995174,0.9373102363365269,0.0,0.0,0.0,0.0,0.0,0.0,0.0,0.0,0
USP4,0.05138862648781409,0.18201246660730178,0.046951395396493026,0.0,0.2810172882665767,0.0,0.9569165640858033,0.0,0.0,0.0,0.0,0.0,0.0,0.0,0
IMPDH1,0.9351974305686757,0.4018357421741216,0.05828578482997892,0.4424282646593267,0.5455361735481729,0.9151019727981512,0.0,0.0,1.0,0.0,0.0,0.0,1.0,0.0,0
ALG1,0.7370111467976572,0.6135640949532315,0.02595631600159266,0.0,0.037924407065450194,0.7880268480165477,0.0,0.0,0.0,0.0,0.0,0.0,0.0,0.0,0
HDAC4,0.6468921216701303,0.23025169151616165,0.8540201693914404,0.8103696714557377,0.8344226092686646,0.8800153405701794,0.8896574402381489,0.0,0.0,0.0,0.0,1.0,0.0,0.0,0
SCLT1,0.5214434158322312,0.22994269013859397,0.0,0.0,0.0,0.8805912056631611,0.0,0.0,0.0,0.0,0.0,0.0,0.0,0.0,0
GON4L,0.9351974305686757,0.8818457885243284,0.0,0.0,0.0,0.037705092255551804,0.0,0.0,0.0,0.0,1.0,0.0,1.0,0.0,0
PPM1L,0.7166068392216134,0.43778645417113804,0.0,0.0,0.6936972357407778,0.0,0.0,0.0,0.0,0.0,0.0,0.0,0.0,0.0,0
TP73,0.4515397695068959,0.1635119604843559,0.7192634235233896,0.712894145083561,0.6910863579094284,0.6569910216610418,0.6872573443100651,0.0,0.0,0.0,0.0,0.0,0.0,0.0,0
REST,0.9351974305686757,0.29177797566043334,0.042997888690015106,0.12306022129747507,0.0,0.0,0.0,0.0,0.0,0.0,0.0,0.0,0.0,0.0,0
ZNF212,0.6888343094653315,0.37676096536292447,0.037881564589326934,0.11119154829035578,0.05379387802832471,0.0,0.0,0.0,0.0,0.0,0.0,1.0,0.0,0.0,0
ZNF557,0.9351974305686757,0.3061610003729327,0.0,0.956631482978259,0.0,0.0,0.0,0.0,0.0,0.0,0.0,0.0,0.0,0.0,0
YY1AP1,0.9351974305686757,0.8793083240100159,0.0,0.0,0.0,0.8616308418550377,0.0,0.0,0.0,0.0,0.0,0.0,0.0,0.0,0
CCDC71,0.05138862648781409,0.18244476410104185,0.030482907166049185,0.5825847487879916,0.5901982015357347,0.7006925097278308,0.0,0.0,0.0,0.0,0.0,0.0,0.0,0.0,0
KANSL3,0.7007368222180238,0.31901880646315195,0.05024689274396689,0.07053828821421393,0.07864389063809471,0.0,0.0,0.0,0.0,0.0,0.0,0.0,0.0,0.0,0
ZNF697,0.9351974305686757,0.39523863887176447,0.6678098190621992,0.8509997432925571,0.6496274224996746,0.8731234104971145,0.9283218265056777,0.0,0.0,0.0,0.0,0.0,0.0,0.0,0
POR,0.9351974305686757,0.3972813967471135,0.0,0.0,0.0,0.7182512570970938,0.9176187076224281,0.0,0.0,0.0,1.0,0.0,0.0,0.0,0
CCDC88B,0.8736066502928396,0.2772320783006446,0.0,0.7381980791148453,0.0,0.6197345636396546,0.9397048575950776,0.0,0.0,0.0,0.0,0.0,0.0,0.0,0
MTDH,0.9351974305686757,0.8817392363251673,0.0,0.0,0.14920971269958316,0.0,0.0,0.0,0.0,0.0,0.0,1.0,0.0,0.0,0
UBE2E3,0.4536179860192707,0.2749259842759397,0.0,0.6857472572163594,0.0,0.8172559428560771,0.0,0.0,0.0,0.0,0.0,1.0,0.0,0.0,0
TRAF3IP1,0.04515397695068957,0.2239635895913723,0.024685618680486136,0.09941321481722536,0.025071591633664018,0.0,0.8878645191687318,0.0,0.0,0.0,0.0,0.0,0.0,0.0,0
SEZ6L,0.6860003778575476,0.145396564452664,0.0,0.0,0.49228410417840507,0.0,0.84969963419504,0.0,0.0,0.0,0.0,0.0,0.0,0.0,0
C1orf21,0.9351974305686757,0.8842508238768264,0.0,0.0,0.0,0.0,0.6916756524044125,0.0,0.0,0.0,0.0,0.0,0.0,0.0,0
WSB2,0.48573587757415454,0.3107670997252475,0.040729203511024346,0.0,0.1707175880729868,0.0,0.0,0.0,0.0,0.0,0.0,0.0,0.0,0.0,0
WDR3,0.9351974305686757,0.32427335205607694,0.0,0.0,0.0,0.0,0.9460955651371987,0.0,0.0,0.0,0.0,0.0,0.0,0.0,0
KIF6,0.9351974305686757,0.4096384075012747,0.050573148101927826,0.0,0.08783368896614503,0.910493917821075,0.0,0.0,0.0,0.0,0.0,0.0,0.0,0.0,0
PRPF38B,0.6941243151331947,0.2524069380703397,0.025817530559037866,0.04819386032224848,0.038921920748394484,0.0,0.0,0.0,0.0,1.0,0.0,0.0,0.0,0.0,0
USP33,0.5905913470621575,0.25386365885030177,0.04541065018906329,0.0,0.0,0.0,0.0,0.0,0.0,0.0,1.0,0.0,0.0,0.0,0
PEG10,0.6266767428679387,0.40065453493770503,0.9372377292840615,0.9340529714979858,0.9233130553839461,0.0,0.8660702591146291,0.0,0.0,0.0,0.0,1.0,0.0,0.0,0
CDCA7,0.023427167957679934,0.26665753362102423,0.0,0.0,0.0,0.0,0.8319611705690536,0.0,0.0,0.0,1.0,0.0,0.0,0.0,0
VAPB,0.9351974305686757,0.6422646908844595,0.03245118077298026,0.0,0.052932524490698754,0.0,0.9342428624571698,0.0,0.0,0.0,0.0,0.0,0.0,0.0,0
SLC6A6,0.9351974305686757,0.3318842234247399,0.08301405756318837,0.0,0.1267486904418381,0.0,0.8857096719221554,0.0,0.0,0.0,0.0,0.0,0.0,0.0,0
GORASP2,0.9351974305686757,0.2871383884740964,0.037252104855246125,0.6877761660260459,0.3294164688079262,0.0,0.0,0.0,0.0,0.0,0.0,0.0,0.0,0.0,0
RUFY2,0.6270546004156432,0.26643681835133304,0.02886529539244596,0.15032903054805266,0.0,0.0,0.0,0.0,0.0,0.0,1.0,0.0,0.0,0.0,0
TMEM106A,0.5473266578499906,0.247013874618505,0.050195914257737416,0.0,0.4487026214348362,0.0,0.8588963525770424,0.0,0.0,0.0,0.0,0.0,0.0,0.0,0
SCYL1,0.9351974305686757,0.3090363875760136,0.04667165593214558,0.32830016122955297,0.09095914224784292,0.0,0.9919371059886055,0.0,0.0,0.0,0.0,0.0,0.0,0.0,0
FMNL1,0.6922350273946722,0.2614197319451103,0.0,0.0,0.9217047214405798,0.0,0.8127513655529905,0.0,0.0,0.0,1.0,0.0,0.0,0.0,0
DYM,0.57320989986775,0.23791888333295264,0.038842688249805905,0.0,0.32828141205115746,0.9331553551432419,0.0,0.0,0.0,0.0,0.0,0.0,0.0,0.0,0
TMTC4,0.7691290383525411,0.2218401564795153,0.030489484996259992,0.055349592460757414,0.07784857882954177,0.0,0.0,0.0,0.0,0.0,0.0,0.0,0.0,0.0,0
ERCC4,0.698658605705649,0.6095227222564714,0.0267845700595624,0.05030389425301925,0.2010748939586205,0.0,0.0,0.0,0.0,1.0,0.0,1.0,0.0,0.0,0
TMEM175,0.7181182694124315,0.21288824957569386,0.825054576197969,0.8961207352820171,0.8600415953653038,0.9485437706511793,0.8517317642457337,0.0,0.0,0.0,0.0,0.0,0.0,0.0,0
KLHDC1,0.7895333459285849,0.3297531794415143,0.027557257626318315,0.0,0.0,0.0,0.0,0.0,0.0,0.0,0.0,0.0,0.0,0.0,0
SERTAD1,0.9351974305686757,0.39357033586775353,0.0,0.0,0.7193877842197166,0.0,0.0,0.0,0.0,0.0,0.0,0.0,0.0,0.0,0
CEP128,0.5936142074437937,0.23338737052005082,0.04590030494316014,0.0,0.014399955697210228,0.9458214262265651,0.0,0.0,0.0,1.0,0.0,0.0,0.0,0.0,0
TPRKB,0.4823351596448139,0.33498945894315446,0.05385626467187115,0.07940928056228194,0.4347153102144019,0.0,0.0,0.0,0.0,0.0,0.0,0.0,0.0,0.0,0
EFHC1,0.8242962403174003,0.4161000372932696,0.03806588691061635,0.1524659938510813,0.08067566717281217,0.3390489958274425,0.7783016288254473,0.0,0.0,0.0,0.0,1.0,0.0,0.0,0
PLAC8,0.541847723408275,0.2363616990509243,0.05691661176466066,0.9072714418876421,0.03620899089890784,0.0,0.800789684374654,0.0,0.0,0.0,0.0,0.0,0.0,0.0,0
WEE1,0.5006612507084829,0.24899726769717867,0.04987937958323201,0.0,0.0,0.0,0.0,0.0,0.0,0.0,0.0,0.0,0.0,0.0,0
SFXN3,0.5877574154543737,0.22171229384052182,0.0,0.3959545342601272,0.0,0.0,0.942864865993299,0.0,0.0,0.0,0.0,0.0,0.0,0.0,0
STK38,0.6638957113168336,0.3838862631382666,0.0254076100111194,0.04401804570612118,0.9346733624038636,0.0,0.0,0.0,0.0,0.0,0.0,0.0,0.0,0.0,0
KMT2B,0.8110712261477423,0.408026424945392,0.7780970449878004,0.8992097930008646,0.9709095027132326,0.0,0.903372443932726,0.0,0.0,0.0,0.0,0.0,0.0,0.0,0
MYO19,0.9351974305686757,0.32621260208081226,0.0,0.9080786481037744,0.0,0.9423482870325492,0.0,0.0,0.0,0.0,0.0,0.0,0.0,0.0,0
DPCD,0.5877574154543737,0.22371699735902767,0.11884196941518935,0.0,0.11807239831145623,0.0,0.9015822499014656,0.0,0.0,0.0,1.0,0.0,0.0,0.0,0
ADCY3,0.4813905157755526,0.3143076770859496,0.035388241982765384,0.5677763223351068,0.0,0.7156223640407773,0.0,0.0,0.0,0.0,0.0,1.0,0.0,0.0,0
METTL17,0.6079727942565653,0.299265550912924,0.04310281176838207,0.1468144775545291,0.0441838937199248,0.0,0.9475778457349748,0.0,0.0,0.0,0.0,0.0,0.0,0.0,0
USP13,0.9351974305686757,0.4830285179350186,0.03773330011382515,0.0,0.7309094821121725,0.0,0.9204150586462156,0.0,0.0,1.0,1.0,0.0,0.0,0.0,0
TMEM144,0.4991498205176648,0.22905526253700786,0.06699200807620265,0.4091987386639881,0.0,0.0,0.8979860765104575,0.0,0.0,0.0,0.0,0.0,0.0,0.0,0
ARRDC2,0.631211033440393,0.3361082570343479,0.05863418526754648,0.0,0.8017829052501497,0.0,0.7137568040321809,0.0,1.0,0.0,0.0,0.0,0.0,0.0,0
PALB2,0.698658605705649,0.5981383808632255,0.0,0.0,0.0,0.9105357050165046,0.0,0.0,0.0,0.0,0.0,0.0,0.0,0.0,0
SLC35F5,0.8824863026638957,0.28609722127086323,0.03578840072427822,0.056831620689700546,0.04574593288814842,0.0,0.0,0.0,0.0,0.0,0.0,0.0,0.0,0.0,0
INPP4B,0.6482146230870962,0.24892268115776578,0.06388126241764351,0.3744397421995029,0.0,0.0,0.0,0.0,0.0,0.0,0.0,0.0,0.0,0.0,0
ZDHHC18,0.4502172680899301,0.1374751695321598,0.04076766650960179,0.10037369800207409,0.758286707059765,0.0,0.0,0.0,0.0,0.0,0.0,1.0,0.0,0.0,0
PDS5A,0.7273757793311921,0.22996552275269988,0.035702678032801305,0.0,0.0,0.0,0.0,0.0,0.0,0.0,1.0,1.0,0.0,0.0,0
CGRRF1,0.5624409597581712,0.28970020777678834,0.03918417546151774,0.04521550540723429,0.1131446794729877,0.0,0.9438210667489777,0.0,0.0,0.0,0.0,0.0,0.0,0.0,0
MBTPS1,0.5392027205743435,0.0037019278337176442,0.0,0.0,0.4357417071493713,0.0,0.9299365277288486,0.0,0.0,0.0,0.0,0.0,0.0,0.0,0
CASP8AP2,0.9351974305686757,0.2099352314846526,0.0850496918847538,0.07627021106496487,0.07094329440574125,0.0,0.8188480030700606,0.0,0.0,0.0,0.0,0.0,0.0,0.0,0
COQ5,0.48573587757415454,0.3014590040413727,0.033011631260159977,0.030279591926629892,0.04914366605139407,0.0,0.9503420629024769,0.0,0.0,0.0,0.0,1.0,0.0,0.0,0
TXNL1,0.7126393349707161,0.23393078673577322,0.03252481834614892,0.03279729969708878,0.11841856393140335,0.7848028575117304,0.0,0.0,0.0,0.0,0.0,1.0,0.0,0.0,0
ZNF347,0.5870017003589647,0.3612012999368298,0.059189326380562964,0.0,0.0,0.0,0.8991970646261204,0.0,0.0,0.0,0.0,0.0,0.0,0.0,0
SLC25A23,0.014925373134328346,0.26930155033449776,0.05692623206280697,0.26139608032972433,0.0,0.0,0.0,0.0,0.0,0.0,0.0,1.0,0.0,0.0,0
IZUMO4,0.47024371811826937,0.20525758994147236,0.0,0.0,0.8092832710987784,0.0,0.8823126757210219,0.0,0.0,0.0,1.0,0.0,0.0,0.0,0
ABHD3,0.5877574154543737,0.2750218812551849,0.0,0.17388673621214093,0.0,0.0,0.0,0.0,0.0,0.0,0.0,0.0,0.0,0.0,0
CSTF1,0.9351974305686757,0.6261798753339272,0.9644151278771051,0.9588814044501781,0.9622230913787334,0.9077656361221956,0.0,0.0,0.0,0.0,0.0,0.0,0.0,0.0,0
FAM219A,0.9351974305686757,0.30593419640614655,0.9002637365559114,0.7863744755897507,0.9827291722208764,0.835921082943644,0.0,0.0,0.0,0.0,0.0,0.0,0.0,0.0,0
AFF1,0.5068959002456074,0.2361485946526017,0.025405163847048662,0.041924036080651865,0.07615036699561624,0.9416722838981674,0.9370599905636872,0.0,1.0,0.0,0.0,0.0,0.0,0.0,0
TTC7A,0.6145853013413942,0.3460434885190005,0.0,0.0,0.0,0.0,0.8571860417462118,0.0,0.0,0.0,1.0,0.0,0.0,0.0,0
SESTD1,0.45909692046098616,0.27373564399388084,0.030252690118093208,0.0281674808896336,0.9008826175192657,0.937294850559543,0.0,0.0,0.0,0.0,0.0,0.0,0.0,0.0,0
PAF1,0.9351974305686757,0.43393535325859456,0.0,0.0,0.0,0.8573738300663061,0.0,0.0,0.0,0.0,0.0,0.0,0.0,0.0,0
PREX1,0.9351974305686757,0.5802010792215603,0.7463422830795416,0.7850812823891576,0.860874206802502,0.6849393799772068,0.8585059179422617,0.0,0.0,0.0,0.0,0.0,0.0,0.0,0
COQ6,0.4989608917438126,0.2232633894254553,0.0,0.0,0.8560907213017972,0.0,0.9444805402766241,0.0,0.0,0.0,0.0,0.0,0.0,0.0,0
ZNF439,0.9351974305686757,0.3168253533347033,0.14131355452702996,0.08723651202556185,0.0,0.0,0.0,0.0,1.0,0.0,0.0,0.0,0.0,0.0,0
PDHX,0.9351974305686757,0.3919781415774293,0.0,0.0,0.0,0.0,0.8546707120429583,0.0,0.0,0.0,0.0,0.0,0.0,0.0,0
SLC25A35,0.5208766295106745,0.026027657906553314,0.048605231527217775,0.48586851847803003,0.0,0.0,0.9330304750988437,0.0,0.0,0.0,0.0,0.0,1.0,0.0,0
SZRD1,0.5172869828074815,0.134803753681759,0.04340610037839159,0.24037273892373082,0.04160129611083972,0.9274809237067215,0.0,0.0,0.0,0.0,0.0,1.0,0.0,0.0,0
DSTN,0.9351974305686757,0.4510415477468016,0.0,0.0,0.6171323404576978,0.0,0.0,0.0,0.0,0.0,0.0,1.0,0.0,0.0,0
GSKIP,0.5150198375212545,0.2472909103363244,0.0,0.0,0.0,0.0,0.9084821771803666,0.0,0.0,1.0,0.0,0.0,0.0,0.0,0
ABHD17A,0.052711127904779886,0.19693281883842872,0.044607623977000556,0.25772855196542105,0.852707070531358,0.7076240370704607,0.8967209585358042,0.0,0.0,0.0,0.0,0.0,0.0,0.0,0
GPSM3,0.6425467598715284,0.3823793106072713,0.0,0.9047897638074773,0.0,0.6886542486810232,0.0,0.0,0.0,0.0,0.0,0.0,0.0,0.0,0
UIMC1,0.6438692612884942,0.37142117801067054,0.02307792050378568,0.0,0.0,0.0,0.0,0.0,0.0,0.0,0.0,0.0,0.0,0.0,0
SPPL2A,0.9351974305686757,0.23543317274394748,0.05388077684044107,0.0740953683093672,0.0,0.0,0.0,0.0,0.0,1.0,0.0,0.0,0.0,0.0,0
HINFP,0.018326091063668976,0.06471980577056227,0.03236738430747479,0.0,0.12349277938053545,0.0,0.0,0.0,0.0,0.0,0.0,0.0,0.0,0.0,0
CDKL1,0.9351974305686757,0.3272370253670343,0.0,0.0,0.0,0.0,0.6859653611880807,0.0,0.0,0.0,0.0,0.0,0.0,0.0,0
MAPKBP1,0.7763083317589269,0.18170498740400792,0.02773995629554867,0.0,0.25847079562890224,0.875130940955758,0.0,0.0,0.0,0.0,1.0,0.0,0.0,0.0,0
C18orf54,0.6278103155110523,0.23587916980615092,0.0,0.0,0.0,0.0,0.9177579336864596,0.0,0.0,0.0,0.0,1.0,0.0,0.0,0
WDR75,0.9351974305686757,0.2972654139172394,0.05329374336395369,0.03352439482930287,0.025296202116052328,0.0,0.8681019781713954,0.0,0.0,1.0,0.0,0.0,0.0,0.0,0
ULK4,0.48025694313243905,0.21611373686173324,0.02974877108542931,0.5647465219664655,0.03465452650059634,0.0,0.0,0.0,0.0,0.0,0.0,0.0,0.0,0.0,0
RPS6KL1,0.43925939920649915,0.21944577634693396,0.12559233670184738,0.6487865181003057,0.0,0.816165398581628,0.0,0.0,0.0,0.0,0.0,0.0,0.0,0.0,0
PDCD2,0.4800680143585868,0.1917772145732965,0.03410845259394323,0.08233454006404506,0.038409154963372105,0.9074878333240995,0.0,0.0,0.0,0.0,0.0,0.0,0.0,0.0,0
IFT20,0.9351974305686757,0.414612873027833,0.0,0.0,0.0,0.8210635542091371,0.0,1.0,0.0,0.0,0.0,0.0,0.0,0.0,0
MPP5,0.8715284337804647,0.2398261676979398,0.027553888220629544,0.041183788296438754,0.0,0.0,0.8913582761472514,0.0,0.0,0.0,0.0,0.0,0.0,0.0,0
PHTF2,0.9351974305686757,0.4099885075842334,0.0,0.0,0.780160354758894,0.0,0.0,0.0,0.0,0.0,0.0,1.0,0.0,0.0,0
PELI3,0.9351974305686757,0.4268663759313805,0.0,0.0,0.0,0.8604492019859722,0.0,0.0,0.0,0.0,0.0,0.0,0.0,0.0,0
AAK1,0.4823351596448139,0.33464849190583834,0.03706637301384084,0.09689264560656731,0.0,0.0,0.0,0.0,0.0,0.0,0.0,1.0,1.0,0.0,0
MPPE1,0.6374456829775175,0.2748666194792642,0.0,0.0,0.17328626509640926,0.0,0.0,0.0,0.0,0.0,0.0,0.0,0.0,0.0,0
ZNF639,0.9351974305686757,0.48711403368571693,0.0470022155488145,0.03280343905718716,0.0,0.0,0.0,0.0,0.0,0.0,0.0,0.0,0.0,0.0,0
TGFA,0.5905913470621575,0.3342420713747517,0.032215586147901785,0.09100984602723391,0.2820045374385168,0.9015173389301787,0.0,0.0,0.0,0.0,0.0,0.0,0.0,0.0,0
TRIM33,0.9351974305686757,0.2860226347314504,0.03323602885893868,0.42881083368136025,0.0,0.8938526634204261,0.0,0.0,0.0,0.0,0.0,0.0,0.0,0.0,0
WDR43,0.5813338371433969,0.3320029530180911,0.02927753913944804,0.8499601788056139,0.029290966716315068,0.0,0.0,0.0,0.0,0.0,0.0,0.0,0.0,0.0,0
CCDC186,0.7515586623842812,0.21729798844669734,0.03827688229766179,0.11578012891511788,0.0,0.0,0.0,0.0,0.0,0.0,0.0,0.0,0.0,0.0,0
DNMBP,0.4349140374078972,0.22053565312692652,0.024753613431025324,0.32486685756257433,0.46957171681171683,0.0,0.0,0.0,0.0,0.0,0.0,0.0,0.0,0.0,0
CACNB1,0.9351974305686757,0.5093590885220449,0.03973988350621461,0.8943077100364204,0.021293704677328617,0.8344369919285708,0.0,0.0,0.0,0.0,0.0,0.0,0.0,0.0,0
YEATS4,0.9351974305686757,0.44712651551476124,0.05371833007145055,0.0,0.05228211861394219,0.0,0.9048630318304228,0.0,0.0,0.0,0.0,0.0,0.0,0.0,0
LSM6,0.5701870394861137,0.24637760577208484,0.04251172929896317,0.2825278906662049,0.8094852425886653,0.0,0.8822967161772743,0.0,0.0,0.0,0.0,0.0,0.0,0.0,0
MTMR2,0.8501794823351596,0.1520469438546019,0.03819070757310146,0.0,0.5904489663311557,0.0,0.0,0.0,0.0,0.0,0.0,0.0,0.0,0.0,0
VPS18,0.7723408275080295,0.1961899977928473,0.04324513105541064,0.4667454906043167,0.06559511963076942,0.0,0.856896583022174,0.0,0.0,0.0,0.0,0.0,0.0,0.0,0
NDEL1,0.5208766295106745,0.028023228379416787,0.01946824571308752,0.04615488288262975,0.0,0.0,0.9608218713973564,0.0,0.0,0.0,0.0,0.0,0.0,0.0,0
SSH1,0.5127526922350274,0.30905617584157213,0.0,0.10297658519890868,0.0,0.6600157053550422,0.0,0.0,0.0,0.0,0.0,0.0,0.0,0.0,0
CALHM2,0.6519931985641413,0.21878058618931284,0.0,0.06221259715123021,0.0,0.0,0.0,0.0,0.0,0.0,0.0,0.0,0.0,0.0,0
FAM20B,0.7895333459285849,0.8744525880768094,0.023854006581820447,0.8382705544452755,0.04121742311236642,0.0,0.8864795163854012,0.0,0.0,0.0,0.0,0.0,0.0,0.0,0
PCNP,0.6043831475533723,0.3652091847995677,0.024530814278495728,0.05844328571214437,0.08036925535939453,0.0,0.0,0.0,0.0,0.0,0.0,1.0,0.0,0.0,0
ZNF131,0.6007935008501795,0.44396343737394517,0.030526323160969034,0.0,0.03762881123157564,0.86167327775315,0.9129995343786924,0.0,0.0,0.0,0.0,0.0,0.0,0.0,0
MRPL33,0.5392027205743435,0.3259173002717081,0.026031207838883543,0.04524258620318608,0.0,0.0,0.912484294473514,0.0,0.0,0.0,0.0,0.0,0.0,0.0,0
SLC9A5,0.52635556395239,0.014494143434481632,0.0777904662032598,0.0,0.5542302694097672,0.0,0.0,0.0,0.0,0.0,0.0,0.0,0.0,0.0,0
PPP1R7,0.04515397695068957,0.22390574696897048,0.0,0.0,0.0,0.0,0.9191454829176002,0.0,0.0,0.0,0.0,1.0,0.0,0.0,0
TRAFD1,0.5104855469488003,0.29274912284707477,0.04262966937301116,0.031630580069893284,0.055544950353920666,0.0,0.9222689128701734,0.0,0.0,0.0,0.0,0.0,0.0,0.0,0
CLPTM1,0.9351974305686757,0.342653606411398,0.05075489943249556,0.0,0.10682859744230257,0.0,0.0,0.0,0.0,0.0,0.0,0.0,0.0,0.0,0
USP12,0.9351974305686757,0.20380391351005772,0.0,0.05356296844824954,0.0,0.0,0.0,0.0,0.0,0.0,0.0,0.0,0.0,0.0,0
BCAR1,0.5596070281503873,0.021978674338424598,0.3587757910032388,0.6536092592097431,0.7402402061132928,0.8121988767552256,0.7969115763337448,1.0,0.0,1.0,0.0,0.0,0.0,0.0,0
SLC37A2,0.014169658038919314,0.06748864077448202,0.05155107343912163,0.7798749171719829,0.49457267661971127,0.0,0.0,0.0,0.0,0.0,0.0,0.0,0.0,0.0,0
SYVN1,0.9351974305686757,0.3090363875760136,0.021248423542169013,0.19561671681717108,0.05046104986220649,0.0,0.0,0.0,0.0,0.0,0.0,0.0,0.0,0.0,0
ALPK1,0.7337993576421689,0.227358038221796,0.8112782360619849,0.8951205504388904,0.9405609312174811,0.9370670592469378,0.8801377644622759,0.0,0.0,0.0,1.0,0.0,0.0,0.0,0
PDSS2,0.9351974305686757,0.29453158892161563,0.037221912969445665,0.027428586708843655,0.541686517871657,0.0,0.0,0.0,0.0,0.0,0.0,1.0,0.0,0.0,0
NBPF1,0.5172869828074815,0.13928199039508035,0.03843765867276457,0.26476765047284,0.5764091126677316,0.0,0.0,0.0,0.0,0.0,1.0,0.0,0.0,0.0,0
ACAT2,0.0034007179293406298,0.18905708914613628,0.0,0.0,0.0,0.0,0.8894042745827723,0.0,0.0,0.0,1.0,0.0,0.0,0.0,0
BMP8B,0.6559607028150387,0.2744054006743232,0.0,0.6946060616883566,0.0,0.7246611132234314,0.8936902383888123,0.0,0.0,0.0,0.0,0.0,0.0,0.0,0
ZFHX4,0.9351974305686757,0.7767061670890705,0.0,0.0,0.0,0.0,0.7893331682228442,0.0,0.0,0.0,0.0,0.0,0.0,0.0,0
UBIAD1,0.4502172680899301,0.143837857996362,0.04196667474706744,0.08794400598690591,0.034547028472587976,0.0,0.0,0.0,0.0,0.0,0.0,0.0,0.0,0.0,0
MTMR3,0.7417343661439637,0.16142505955506845,0.07642443721397281,0.08574149291774877,0.09580437656321963,0.0,0.4618846709435594,0.0,1.0,0.0,0.0,1.0,0.0,0.0,0
PMEPA1,0.9351974305686757,0.6496655022033473,0.833983039475937,0.8987369439524767,0.913257626129285,0.8818697747383635,0.8827030800954128,1.0,0.0,0.0,0.0,0.0,0.0,0.0,0
FLYWCH1,0.9038352541092008,0.6054889604310798,0.02844195751557514,0.08284759800481788,0.0,0.0,0.0,0.0,0.0,0.0,0.0,0.0,0.0,0.0,0
MEGF6,0.47685622520309845,0.16525789437632718,0.6408532966554773,0.6382278020128426,0.6242356745378492,0.819083509800799,0.6792200046916188,0.0,0.0,0.0,0.0,0.0,0.0,0.0,0
SNX17,0.4813905157755526,0.321904848886149,0.0,0.7679655353293258,0.0,0.9158559940471379,0.0,0.0,0.0,0.0,0.0,0.0,0.0,0.0,0
DYNC1LI2,0.52635556395239,0.013204861824630154,0.0,0.0,0.0,0.9436091858175071,0.0,0.0,0.0,0.0,0.0,1.0,0.0,0.0,0
ZFPM1,0.5392027205743435,0.013407311003036604,0.6291208300809554,0.8080556364415001,0.8227620323810785,0.8710182961857366,0.8664140581754436,0.0,0.0,0.0,0.0,0.0,0.0,0.0,0
ERAP1,0.5529945210655582,0.2782656346325091,0.031201633647758874,0.026044874549088586,0.08298900862362306,0.0,0.0,0.0,0.0,0.0,0.0,0.0,0.0,0.0,0
RASSF3,0.9351974305686757,0.3957500894277386,0.03916720498953125,0.0,0.0,0.0,0.769785337349129,0.0,0.0,1.0,0.0,0.0,0.0,0.0,0
RABEPK,0.9351974305686757,0.29417844449010966,0.04264667669079577,0.0,0.0484596874981508,0.0,0.0,0.0,0.0,0.0,0.0,0.0,0.0,0.0,0
AXL,0.7570375968259966,0.3388725255154463,0.05471060270910226,0.08175944631641319,0.0,0.6438518818341848,0.0,0.0,0.0,0.0,0.0,0.0,0.0,0.0,0
RTF1,0.7723408275080295,0.1857311383580307,0.09610795196478442,0.0,0.0,0.9276351585917579,0.434186026065256,0.0,0.0,0.0,0.0,0.0,0.0,0.0,0
TRIM7,0.6438692612884942,0.36281480466698635,0.06855366272456946,0.0,0.0,0.0,0.0,0.0,0.0,0.0,0.0,0.0,0.0,0.0,0
MAT2B,0.6788210844511618,0.3190066290689621,0.033926722171921254,0.15980876761733528,0.028639778441864206,0.32884114396058023,0.0,0.0,0.0,0.0,0.0,0.0,0.0,0.0,0
TPSG1,0.9351974305686757,0.6001933161327644,0.0,0.0,0.0,0.0,0.8041686393630102,0.0,0.0,0.0,0.0,0.0,0.0,0.0,0
LONP1,0.5692423956168524,0.27584994406009544,0.8354204508716051,0.6839932843534638,0.8533627374010602,0.9723326171498797,0.7946403734758957,0.0,0.0,0.0,0.0,0.0,0.0,0.0,0
RPA1,0.4496504817683733,0.04479150017885519,0.9656938901165896,0.0,0.8916081504348333,0.9333328525095755,0.9461773229468625,0.0,0.0,0.0,0.0,0.0,0.0,0.0,0
MRPL48,0.9351974305686757,0.38449817719630724,0.03607901809064621,0.0830286323624021,0.0,0.0,0.9148150867854732,0.0,0.0,0.0,0.0,1.0,0.0,0.0,0
TNRC6B,0.5590402418288305,0.12183178452100976,0.0,0.0,0.525098346246632,0.0,0.0,0.0,1.0,0.0,1.0,0.0,0.0,0.0,0
RABL2A,0.8824863026638957,0.2865295187646033,0.0,0.0,0.0,0.0,0.9482218928571505,0.0,0.0,0.0,1.0,0.0,0.0,0.0,0
ATP6V1E2,0.5040619686378236,0.34032315759831344,0.0,0.0,0.0,0.5452710708067369,0.0,0.0,0.0,0.0,0.0,0.0,0.0,0.0,0
SUPT16H,0.566030606461364,0.2971345069296984,0.0,0.9332674477765686,0.0,0.8747351981096704,0.0,0.0,0.0,0.0,0.0,0.0,0.0,0.0,0
GRAMD1A,0.8658605705648971,0.42384181564947376,0.0,0.0,0.0,0.0,0.2872778464871441,0.0,0.0,0.0,0.0,0.0,0.0,0.0,0
PCGF5,0.5208766295106745,0.22654367498534908,0.023515068188584537,0.08689854018298283,0.0,0.8963454813699736,0.0,0.0,1.0,0.0,0.0,1.0,0.0,0.0,0
CBX1,0.9351974305686757,0.4199800595170142,0.02497795686294047,0.7920114905428215,0.048375057836759036,0.9326259894397683,0.0,0.0,0.0,0.0,0.0,1.0,0.0,0.0,0
ZNF699,0.8216512374834687,0.3133593625134142,0.03586559180474791,0.0,0.061064466070697036,0.9108162882533962,0.0,0.0,0.0,0.0,0.0,0.0,0.0,0.0,0
PLEKHM2,0.4579633478178726,0.13289342496822468,0.04177847625066681,0.0,0.06811227426993266,0.0,0.9234336746196087,0.0,0.0,0.0,0.0,0.0,0.0,0.0,0
TRMT10C,0.6043831475533723,0.3652091847995677,0.04543067023128425,0.07943672935343705,0.0,0.0,0.8298248440135358,0.0,0.0,0.0,0.0,0.0,0.0,0.0,0
ATP6V1C2,0.5669752503306253,0.31623322754222133,0.06644873656308944,0.0,0.10460313536239632,0.0,0.8654304249510099,0.0,0.0,0.0,0.0,0.0,0.0,0.0,0
DDX24,0.5150198375212545,0.2461995113820582,0.0,0.8760618258867755,0.0,0.0,0.0,0.0,0.0,0.0,0.0,0.0,0.0,0.0,0
DCAF12,0.9351974305686757,0.2996567497012733,0.05157009009510924,0.07873979707109117,0.9431017250450329,0.6356991512555541,0.0,0.0,0.0,0.0,0.0,0.0,0.0,0.0,0
RCSD1,0.7753636878896656,0.8831533362254647,0.0,0.0,0.0,0.0,0.8156806972485283,0.0,0.0,0.0,0.0,1.0,0.0,0.0,0
UBAC1,0.5962592102777253,0.2859358707978476,0.030909362526773863,0.35819079809561505,0.0,0.7309236945498633,0.0,0.0,0.0,0.0,0.0,1.0,0.0,0.0,0
RAB3GAP1,0.07424900812393725,0.23970591593031487,0.031721094957823465,0.06925758345710915,0.0,0.0,0.0,0.0,1.0,0.0,0.0,0.0,0.0,0.0,0
PHF1,0.6425467598715284,0.3853338508725863,0.03809323070274189,0.3195329120227273,0.0513372842566259,0.8274846559074115,0.8686091772676566,0.0,0.0,0.0,0.0,0.0,0.0,0.0,0
SLC23A2,0.9351974305686757,0.44521009810413215,0.028170797992729934,0.47133565659781335,0.0,0.0,0.0,0.0,0.0,0.0,0.0,1.0,0.0,0.0,0
OSBPL8,0.8363876818439449,0.34964343067637815,0.07566508526466836,0.12291456694441985,0.13165305224948623,0.0,0.0,0.0,0.0,0.0,0.0,0.0,0.0,0.0,0
CORO1A,0.7266200642357831,0.5957135572451693,0.03747492284775674,0.06078114404326922,0.0,0.0,0.6502094028943154,0.0,0.0,0.0,1.0,0.0,0.0,0.0,0
MIER3,0.5505384470054789,0.26254461873339874,0.033924576890304425,0.0,0.21997386218302784,0.0,0.0,0.0,0.0,0.0,0.0,0.0,0.0,0.0,0
SIDT2,0.018326091063668976,0.051384036958390944,0.01871002502852444,0.04457061229153605,0.07892486894434278,0.0,0.42185054096219093,0.0,0.0,1.0,0.0,0.0,0.0,0.0,0
ESCO1,0.5877574154543737,0.27548005571157846,0.027273480614964308,0.07075449193121434,0.0,0.7449899554046001,0.0,0.0,0.0,0.0,0.0,1.0,0.0,0.0,0
ZNF527,0.9351974305686757,0.41358083887024233,0.04195519150915519,0.0699122242959188,0.0,0.0,0.0,0.0,0.0,0.0,0.0,0.0,0.0,0.0,0
RAD21,0.9351974305686757,0.9647768873058277,0.0,0.0,0.0,0.6977445000955871,0.0,1.0,0.0,0.0,0.0,0.0,0.0,0.0,0
RFNG,0.9351974305686757,0.4643940604759841,0.0,0.8992541642505755,0.0,0.0,0.0,0.0,0.0,0.0,0.0,0.0,0.0,0.0,0
DOCK7,0.8981673908936331,0.2692574072805596,0.0,0.9221218166088779,0.0,0.0,0.0,0.0,0.0,1.0,0.0,0.0,0.0,0.0,0
GPRIN3,0.42584545626298886,0.23316056655326467,0.0654059828719418,0.5876226103585759,0.03635562537902155,0.8657624283318356,0.0,0.0,0.0,0.0,0.0,0.0,0.0,0.0,0
METAP2,0.653882486302664,0.32483960088590547,0.026901603433310356,0.07127361338877401,0.06618438530366834,0.0,0.0,0.0,0.0,0.0,0.0,0.0,0.0,0.0,0
SIDT1,0.6801435858681277,0.3746010000684979,0.054697379897956394,0.04587260699398296,0.13621239513800795,0.0,0.0,0.0,0.0,0.0,0.0,0.0,0.0,0.0,0
ARNTL,0.5497827319100699,0.2775334688068436,0.06068220680186095,0.07791773652226029,0.724431429035191,0.0,0.9299920206372142,0.0,0.0,0.0,0.0,0.0,0.0,0.0,0
OXCT1,0.6007935008501795,0.44506549154812763,0.0,0.0,0.0,0.9078413711756431,0.0,0.0,0.0,0.0,0.0,0.0,0.0,0.0,0
THOC6,0.7370111467976572,0.5979130990707127,0.0,0.0,0.28302692470438895,0.0,0.0,0.0,0.0,0.0,0.0,0.0,0.0,0.0,0
MAN1A2,0.9351974305686757,0.3232732835582346,0.03910483154404466,0.0,0.11651104302497407,0.0,0.0,0.0,0.0,1.0,0.0,0.0,0.0,0.0,0
SYNJ1,0.7385225769884753,0.33101810626298606,0.0,0.0,0.0,0.8846435918368106,0.0,0.0,0.0,0.0,0.0,0.0,0.0,0.0,0
MFF,0.5505384470054789,0.24355092814576346,0.0,0.0,0.9178976109708938,0.0,0.0,0.0,0.0,0.0,0.0,0.0,0.0,0.0,0
POLR3C,0.9351974305686757,0.7961991308384903,0.0,0.0,0.0,0.9367534266480145,0.9409274208698022,0.0,0.0,0.0,0.0,0.0,0.0,0.0,0
ZNF774,0.9351974305686757,0.3260192859480482,0.029648467668768674,0.24328672437369636,0.0,0.0,0.0,0.0,0.0,0.0,0.0,0.0,0.0,0.0,0
NIPA1,0.9351974305686757,0.21851268351713588,0.08699738392103637,0.04209605342947554,0.9236432108391537,0.0,0.8199877074329405,0.0,0.0,0.0,0.0,0.0,0.0,0.0,0
ZNF775,0.6888343094653315,0.366232085911516,0.0,0.6116672402177696,0.0,0.0,0.8534462564035152,0.0,0.0,0.0,0.0,0.0,0.0,0.0,0
C1QTNF2,0.6589835631966748,0.31362574301131735,0.037425895291602486,0.10293103315357255,0.44479528812603997,0.0,0.0,0.0,0.0,0.0,0.0,0.0,0.0,0.0,0
AZI2,0.47874551294162104,0.26615826045923996,0.0,0.0,0.0,0.8999976241814779,0.0,0.0,0.0,0.0,0.0,0.0,0.0,0.0,0
FAM131B,0.8074815794445493,0.38759884619190055,0.0428318920141256,0.9050017990441055,0.0,0.41105576691167683,0.0,0.0,0.0,0.0,0.0,0.0,0.0,0.0,0
PSTPIP2,0.6153410164368034,0.24020518909209904,0.03927336144790817,0.05160866762675301,0.2985919701530035,0.7000798154247058,0.9282415945300421,0.0,0.0,0.0,0.0,0.0,0.0,0.0,0
FAM210B,0.9351974305686757,0.6095425105220298,0.023885876174285166,0.05236039217818794,0.0,0.0,0.0,0.0,0.0,0.0,0.0,0.0,0.0,0.0,0
PUF60,0.9351974305686757,0.8270840468525248,0.0,0.0,0.8332971916901297,0.6302352289700336,0.8828026924268885,0.0,0.0,0.0,0.0,0.0,0.0,0.0,0
RB1,0.0,0.0843086664992273,0.0,0.7727312676929339,0.0,0.0,0.0,0.0,0.0,1.0,0.0,0.0,0.0,0.0,0
VWA5B2,0.7882108445116192,0.461855073787398,0.10998903668714807,0.0,0.3702971942043268,0.6357665608294955,0.4781226465840312,0.0,0.0,0.0,1.0,0.0,0.0,0.0,0
FCGBP,0.9351974305686757,0.4275330882632752,0.7951756923681282,0.7263720057975497,0.7510891590409341,0.8087460852063401,0.8778608826167029,0.0,0.0,0.0,0.0,0.0,0.0,0.0,0
DYNC1LI1,0.5248441337615719,0.2674018768408795,0.030676358685097403,0.14527549204873852,0.04364054807742694,0.0,0.0,0.0,0.0,0.0,0.0,0.0,0.0,0.0,0
EIF4G3,0.4953712450406197,0.13891819074365833,0.0,0.0,0.0,0.949785418710915,0.0,0.0,0.0,0.0,0.0,1.0,0.0,0.0,0
GALNS,0.5392027205743435,0.012388976413909514,0.8647646690046491,0.9320404739414149,0.8636596809707168,0.8449126266767939,0.8121854632996602,0.0,0.0,0.0,0.0,0.0,0.0,0.0,0
LIPA,0.5208766295106745,0.21678349354217563,0.031133349316316613,0.018643467951333776,0.05318315448693681,0.0,0.0,0.0,0.0,0.0,0.0,0.0,0.0,0.0,0
HYKK,0.9351974305686757,0.28507888668173614,0.031139185655591664,0.036614447842520506,0.612535350883847,0.0,0.0,0.0,0.0,0.0,1.0,0.0,0.0,0.0,0
MFAP3L,0.505195541280937,0.22482209588175756,0.07774032729648213,0.867241475129694,0.8587448369751912,0.7975799316824642,0.8375204296183524,0.0,0.0,0.0,0.0,0.0,0.0,0.0,0
LNPEP,0.6219535235216324,0.28040124513855597,0.0,0.0,0.0,0.0,0.91953622139862,0.0,0.0,0.0,0.0,0.0,0.0,0.0,0
PHC2,0.6578499905535613,0.22811760318438853,0.05009486607086248,0.6222877886806765,0.0,0.6508894080696283,0.0,0.0,1.0,0.0,0.0,1.0,0.0,0.0,0
PRMT7,0.9351974305686757,0.029810260976779024,0.0,0.0,0.0,0.0,0.8656214665215826,0.0,0.0,0.0,0.0,0.0,0.0,0.0,0
GRSF1,0.7708293973172113,0.28717948717948716,0.043399222639948914,0.04426133335273777,0.8069320352298797,0.9295951292257068,0.0,0.0,0.0,0.0,0.0,0.0,0.0,0.0,0
ZZZ3,0.5905913470621575,0.2530447290910336,0.03541441144444593,0.0,0.0,0.0,0.0,0.0,0.0,0.0,0.0,0.0,0.0,0.0,0
UACA,0.9351974305686757,0.26324634107358946,0.04447832033334644,0.0,0.0,0.0,0.0,0.0,0.0,0.0,0.0,0.0,0.0,0.0,0
MAPKAP1,0.9351974305686757,0.29502325121203127,0.09524357770589173,0.0,0.0956589764312615,0.0,0.0,0.0,0.0,0.0,0.0,0.0,0.0,0.0,0
YRDC,0.6109956546382014,0.24960918175521912,0.0,0.0,0.0,0.9236912291316322,0.0,0.0,0.0,0.0,0.0,0.0,0.0,0.0,0
ZNF562,0.9351974305686757,0.3213462109276891,0.06433853411162821,0.0693462663415775,0.060883897831746005,0.0,0.0,0.0,0.0,0.0,0.0,0.0,0.0,0.0,0
TAF7,0.6606839221613452,0.3119193856504631,0.0,0.9136954169192543,0.0,0.71748053938477,0.0,0.0,0.0,0.0,0.0,0.0,0.0,0.0,0
AHCTF1,0.7343661439637257,0.8826266639267535,0.12102761070674346,0.03527461912212196,0.405122882832665,0.7813511263032676,0.0,0.0,0.0,1.0,0.0,0.0,0.0,0.0,0
WNT4,0.4502172680899301,0.1394631291336546,0.895214196803944,0.9597115985046879,0.0,0.7357239741065703,0.7152532845846482,0.0,0.0,0.0,1.0,0.0,0.0,0.0,0
PNRC1,0.7466465142641224,0.20578121789163634,0.0,0.0,0.32034414832072894,0.0,0.0,0.0,0.0,0.0,0.0,0.0,0.0,0.0,0
UBE3B,0.5127526922350274,0.30945498550129,0.0,0.0,0.0,0.0,0.9306710903013601,0.0,0.0,0.0,0.0,0.0,0.0,0.0,0
CAB39,0.05686756092952955,0.22605810139202837,0.030417045810786653,0.7101549873890991,0.0,0.0,0.9563485019884275,0.0,0.0,0.0,0.0,0.0,0.0,0.0,0
SLC35G1,0.5749102588324202,0.22700793813883752,0.06297998472671786,0.04905072285867772,0.7481183236145266,0.0,0.8757764904228087,0.0,0.0,0.0,0.0,1.0,0.0,0.0,0
OSCP1,0.6315888909880975,0.2531269265018151,0.051560631042800224,0.39398098446863394,0.2693642311692617,0.0,0.0,0.0,0.0,0.0,0.0,1.0,0.0,0.0,0
ZDHHC13,0.7432457963347818,0.32239803335083833,0.04974289643162153,0.20091996462034747,0.0972477906998694,0.0,0.0,0.0,0.0,0.0,0.0,0.0,0.0,0.0,0
ATP6V0E1,0.7574154543737012,0.366454323355481,0.02567669851063043,0.19507595243032955,0.0,0.0,0.0,0.0,0.0,0.0,0.0,0.0,0.0,0.0,0
COMMD4,0.9351974305686757,0.2694781225502507,0.059033258973585606,0.7289616778803731,0.2470138642585253,0.0,0.0,0.0,0.0,0.0,0.0,0.0,0.0,0.0,0
SMPDL3A,0.9351974305686757,0.249438698236561,0.04222216571692326,0.5821636506757198,0.0,0.0,0.0,0.0,0.0,0.0,0.0,0.0,0.0,0.0,0
EBNA1BP2,0.920083128660495,0.2858688951298034,0.0,0.0,0.0,0.9037250107533492,0.0,0.0,1.0,0.0,0.0,0.0,0.0,0.0,0
ODF2,0.6478367655393917,0.2817468471965355,0.044733859008807136,0.6485427768424009,0.0,0.0,0.0,0.0,0.0,0.0,0.0,0.0,0.0,0.0,0
PLXDC2,0.6816550160589457,0.40622112625674534,0.10554255130140483,0.0,0.0,0.0,0.0,0.0,0.0,0.0,0.0,0.0,0.0,0.0,0
STIM2,0.039863971282826344,0.18616495802604444,0.028437129217077764,0.31388272330372424,0.01434750388005573,0.0,0.0,0.0,0.0,0.0,0.0,1.0,0.0,0.0,0
BTG2,0.9351974305686757,0.9262826220974041,0.0,0.0,0.2453456953694995,0.0,0.38916719897931873,0.0,0.0,0.0,0.0,0.0,0.0,0.0,0
PSMD2,0.7882108445116192,0.4613040467003068,0.038215140012114374,0.0,0.2683616625712204,0.0,0.933794256218151,0.0,0.0,0.0,0.0,0.0,0.0,0.0,0
BTC,0.9351974305686757,0.3066937613687391,0.06619204758108473,0.0,0.04968816164298589,0.0,0.0,0.0,1.0,0.0,0.0,0.0,0.0,0.0,0
F2R,0.5505384470054789,0.25569940102442323,0.0,0.0,0.0,0.0,0.8726025650678094,0.0,0.0,0.0,0.0,0.0,0.0,0.0,0
NEK9,0.48875873795579067,0.22139263724303793,0.0,0.0,0.0,0.10515154947945848,0.0,0.0,0.0,1.0,0.0,0.0,0.0,0.0,0
HDDC2,0.7848101265822786,0.23922795320836276,0.030358741991148647,0.7394644788105792,0.8168962753082644,0.9175849652272426,0.0,1.0,0.0,0.0,0.0,0.0,0.0,0.0,0
STX3,0.9125259777064046,0.29108995288870626,0.0,0.0,0.0,0.0,0.9244375328163155,0.0,0.0,0.0,0.0,1.0,0.0,0.0,0
SREBF2,0.5590402418288305,0.11912992518513435,0.0,0.0,0.0,0.9135861876364634,0.0,0.0,0.0,0.0,0.0,0.0,0.0,0.0,0
PPA1,0.5779331192140562,0.2698495330730415,0.03243077763007164,0.04567674641672052,0.03717840600567466,0.0,0.0,0.0,0.0,0.0,0.0,0.0,0.0,0.0,0
NPAS2,0.7007368222180238,0.3104611426962273,0.041343085813017634,0.0,0.0,0.0,0.0,0.0,0.0,0.0,0.0,1.0,0.0,0.0,0
DYRK3,0.9351974305686757,0.9288535744457381,0.0,0.0,0.0,0.8811692767075076,0.9001274279960648,0.0,0.0,0.0,1.0,0.0,0.0,0.0,0
JOSD1,0.4948044587190629,0.1274014201885973,0.03601236491506978,0.3305355817346905,0.3188144550929728,0.0,0.9490431301090735,0.0,1.0,0.0,0.0,1.0,0.0,0.0,0
PLEKHA1,0.8479123370489325,0.23933298323325047,0.10401480604674053,0.06390908651281765,0.0,0.0,0.0,0.0,0.0,1.0,0.0,0.0,0.0,0.0,0
SCAMP1,0.5505384470054789,0.25554261707422876,0.0,0.0,0.0,0.0,0.8616390920602244,0.0,0.0,0.0,0.0,0.0,0.0,0.0,0
THUMPD2,0.681088229737389,0.3292569506282775,0.020429110873495842,0.0,0.23747949017411596,0.0,0.0,0.0,0.0,0.0,0.0,0.0,0.0,0.0,0
OSTC,0.7337993576421689,0.2287493055079876,0.055103709985293785,0.06100533990291205,0.0,0.0,0.0,0.0,1.0,0.0,0.0,1.0,0.0,0.0,0
LTN1,0.6727753636878896,0.3203476646041205,0.034894926316914494,0.06638843361633485,0.2679027991651365,0.8792440370129548,0.0,0.0,1.0,0.0,0.0,0.0,0.0,0.0,0
GOLGA5,0.5987152843378046,0.24135290849449353,0.02580605591019263,0.0,0.030867655070675994,0.0,0.4094109468559322,0.0,0.0,0.0,0.0,0.0,0.0,0.0,0
ASL,0.4651426412242584,0.40834455936860214,0.041388148294714384,0.2233181377003999,0.04355838493825711,0.0,0.635010521037741,0.0,0.0,0.0,0.0,0.0,0.0,0.0,0
AKNA,0.6776875118080483,0.28229026341225805,0.0,0.0,0.0,0.7017816924516067,0.0,0.0,0.0,0.0,0.0,0.0,0.0,0.0,0
SNX6,0.8909880974872473,0.3456264127679978,0.031415290909144244,0.0,0.3176251031199513,0.0,0.0,0.0,0.0,0.0,0.0,0.0,0.0,0.0,0
NUS1,0.9351974305686757,0.23693099222930025,0.060821964775842126,0.5639044357046684,0.0,0.0,0.8902026065600233,0.0,0.0,0.0,0.0,0.0,0.0,0.0,0
SLK,0.6519931985641413,0.21966344726807774,0.031114808899904364,0.041173991320289316,0.04173705040618522,0.0,0.0,0.0,0.0,0.0,0.0,0.0,0.0,0.0,0
KIAA0895L,0.52635556395239,0.016191367749693486,0.10450614818859744,0.6648623252965477,0.48245778073243706,0.6187934508563899,0.0,0.0,0.0,0.0,0.0,0.0,0.0,0.0,0
RSBN1,0.9351974305686757,0.2746306824668356,0.0,0.0,0.0,0.0,0.9314453532712735,0.0,0.0,0.0,0.0,0.0,0.0,0.0,0
TBC1D16,0.9351974305686757,0.4938313887556989,0.8818548415282574,0.7500019677898693,0.789637269720224,0.6592649910668897,0.9280722247011177,0.0,0.0,0.0,0.0,0.0,0.0,0.0,0
AP3M1,0.8894766672964293,0.3099694804058117,0.0,0.0,0.0,0.7863281630795771,0.0,0.0,0.0,0.0,0.0,0.0,0.0,0.0,0
NCOA2,0.9351974305686757,0.7742189343257915,0.04368335860885478,0.04260881770213182,0.18637351185884277,0.8581559586364124,0.0,0.0,0.0,0.0,0.0,1.0,0.0,0.0,0
TBC1D24,0.9351974305686757,0.6089701729951065,0.03364342536386994,0.0,0.0,0.8857319469801849,0.0,0.0,0.0,0.0,0.0,0.0,0.0,0.0,0
SNAP47,0.7320989986774986,0.8919712917931975,0.0,0.0,0.0,0.0,0.8940424712919036,0.0,0.0,0.0,0.0,0.0,0.0,0.0,0
WWOX,0.9351974305686757,0.013191162256166289,0.03391860705172266,0.0,0.0,0.0,0.0,0.0,0.0,0.0,0.0,0.0,0.0,0.0,0
SS18,0.927451350840733,0.2789353913129514,0.044625502263059946,0.0,0.019586188711100367,0.0,0.0,0.0,0.0,0.0,0.0,1.0,0.0,0.0,0
RPL27,0.7326657849990553,0.2535242139872594,0.03315262811916581,0.048424050307438786,0.03202676656233725,0.0,0.9047525973344748,0.0,0.0,0.0,0.0,0.0,0.0,0.0,0
HNRNPA2B1,0.9351974305686757,0.4513946921783076,0.0,0.13474591563793265,0.0,0.5363937166435383,0.0,0.0,0.0,0.0,0.0,0.0,0.0,0.0,0
NKIRAS1,0.5307009257509918,0.2788836373876445,0.0,0.0,0.0,0.7810962952288254,0.0,0.0,0.0,0.0,0.0,0.0,0.0,0.0,0
ADAM9,1.0,0.7109208393268946,0.0,0.0,0.0,0.8408656055631711,0.8081213646118146,0.0,1.0,0.0,0.0,0.0,0.0,0.0,0
GPT2,0.9351974305686757,0.15811889703252105,0.03000975010987488,0.0,0.5187859730060603,0.0,0.0,0.0,0.0,0.0,0.0,0.0,0.0,0.0,0
RPL13,0.5392027205743435,0.007056799933024216,0.0,0.0,0.4260749493554666,0.0,0.0,0.0,0.0,0.0,0.0,0.0,0.0,0.0,0
DDX58,0.754392593992065,0.27313134080720897,0.031021284691034018,0.0,0.05135095211248892,0.0,0.0,0.0,0.0,0.0,0.0,0.0,0.0,0.0,0
NT5DC2,0.033062535424145056,0.17785693084001178,0.8789659647313057,0.6541125042692715,0.5582102369086623,0.8476786039440634,0.9317206855315313,0.0,0.0,0.0,0.0,0.0,0.0,0.0,0
GFM1,0.9351974305686757,0.44467885928259926,0.032029490326681086,0.8182140428480945,0.02017827184201797,0.0,0.0,0.0,0.0,0.0,0.0,0.0,0.0,0.0,0
RNF40,0.7266200642357831,0.5937880067888976,0.0,0.0,0.9586677344391317,0.0,0.7992378424702641,0.0,0.0,0.0,0.0,0.0,0.0,0.0,0
CYP2J2,0.9351974305686757,0.27148434824303036,0.03995106692503243,0.0,0.0,0.0,0.0,0.0,0.0,0.0,0.0,0.0,0.0,0.0,0
UFSP1,0.9351974305686757,0.391626519320197,0.02723615575424861,0.782994724931978,0.0,0.0,0.0,0.0,0.0,0.0,0.0,0.0,0.0,0.0,0
SCARB2,0.6625732098998678,0.29551186915389943,0.0,0.46974976637143734,0.0,0.7140982474440966,0.0,0.0,0.0,0.0,0.0,1.0,0.0,0.0,0
MRPS23,0.9351974305686757,0.5184540798075974,0.037256576210069677,0.06884791079649988,0.5309014931338683,0.0,0.0,0.0,0.0,0.0,0.0,0.0,0.0,0.0,0
KIAA2026,0.8671830719818628,0.2764085820185552,0.0,0.0,0.2499208319164396,0.0,0.0,0.0,0.0,0.0,0.0,0.0,0.0,0.0,0
IL4R,0.7266200642357831,0.5939691455274716,0.0,0.8745259181009861,0.0,0.0,0.0,0.0,0.0,0.0,0.0,0.0,0.0,0.0,0
DEK,0.9351974305686757,0.43160642661978377,0.03146302610299444,0.0,0.07672506642471978,0.0,0.0,0.0,0.0,0.0,0.0,0.0,0.0,0.0,0
MAP4K4,0.9351974305686757,0.30711844799111054,0.06291283201987372,0.20137452506287817,0.3150534277791922,0.0,0.0,0.0,0.0,0.0,1.0,1.0,1.0,0.0,0
MYCBPAP,0.9351974305686757,0.5380292409677985,0.0,0.0,0.0,0.0,0.2704511112101619,0.0,0.0,0.0,0.0,0.0,0.0,0.0,0
TPBG,0.5832231248819195,0.2178033503055764,0.10876212314875576,0.0,0.0,0.0,0.0,0.0,0.0,0.0,0.0,0.0,0.0,0.0,0
SNRPA,0.9351974305686757,0.37324778713914963,0.0,0.0,0.0,0.0,0.6431905248448181,0.0,0.0,0.0,0.0,1.0,0.0,0.0,0
BRK1,0.5936142074437937,0.33784201353212934,0.03001117211154015,0.05620609275925749,0.0,0.0,0.8828411118838791,0.0,0.0,0.0,0.0,0.0,0.0,0.0,0
C4orf47,0.5144530511996976,0.21816410560845115,0.0,0.0,0.0,0.0,0.8183847268078307,0.0,1.0,0.0,0.0,0.0,0.0,0.0,0
CEP57,0.8501794823351596,0.1490665266266335,0.0,0.0,0.0,0.0,0.9169387924833496,0.0,0.0,0.0,0.0,0.0,0.0,0.0,0
CUL9,0.9351974305686757,0.4031387233524365,0.05722313044223067,0.5904167185302189,0.0,0.0,0.9226046886043691,0.0,0.0,0.0,0.0,0.0,0.0,0.0,0
TCFL5,0.9351974305686757,0.6036790952196118,0.03863978338732776,0.7121525516911722,0.6875488205960391,0.9443923108491878,0.0,0.0,0.0,0.0,1.0,0.0,0.0,0.0,0
OGFOD3,0.9351974305686757,0.4646802292394458,0.915608020480025,0.5342686521435863,0.9272702713057954,0.8927643490509172,0.8467378436688997,0.0,0.0,0.0,0.0,0.0,0.0,0.0,0
SAR1B,0.6433024749669375,0.2940262270627364,0.027422747627401368,0.9500236858390496,0.0,0.0,0.0,0.0,0.0,0.0,0.0,0.0,0.0,0.0,0
IPO13,0.7460797279425657,0.2787527304001035,0.0,0.9340051924600008,0.0,0.8571661352894779,0.0,0.0,0.0,0.0,0.0,0.0,0.0,0.0,0
OSBPL11,0.5826563385603627,0.353572162476882,0.023291010498368934,0.10241138039335279,0.06359014053292629,0.0,0.0,0.0,0.0,1.0,0.0,1.0,0.0,0.0,0
RINT1,0.6266767428679387,0.3862304115198149,0.036755902413936496,0.0,0.1002783537963941,0.0,0.0,0.0,0.0,1.0,0.0,0.0,0.0,0.0,0
MRPL27,0.9351974305686757,0.5363959479720835,0.0,0.0,0.0,0.8867919609088795,0.0,0.0,0.0,0.0,0.0,0.0,0.0,0.0,0
ITCH,0.9351974305686757,0.5100075347626551,0.019632433955294456,0.4899533112480598,0.35575562035146757,0.936154971759116,0.6121287486977266,0.0,0.0,0.0,0.0,1.0,1.0,0.0,0
STK39,0.5153976950689589,0.2800009133045642,0.04413569227491244,0.048303982512770474,0.11103786200722643,0.47649639583827264,0.0,0.0,0.0,1.0,0.0,0.0,0.0,0.0,0
POP7,0.9351974305686757,0.39758735377613386,0.02902761196265106,0.0,0.4001107052387079,0.0,0.0,0.0,0.0,0.0,0.0,0.0,0.0,0.0,0
SLC25A36,0.6196863782354053,0.4077067683479082,0.04224400669501647,0.0,0.0,0.0,0.0,0.0,0.0,0.0,0.0,0.0,0.0,0.0,0
MPHOSPH10,0.4823351596448139,0.3315356455160552,0.0,0.0,0.0,0.0,0.6237068350748329,0.0,0.0,0.0,0.0,0.0,0.0,0.0,0
SUSD1,0.557906669185717,0.272971512508467,0.0,0.0,0.5974714321233578,0.9331749388825435,0.0,0.0,0.0,0.0,0.0,0.0,0.0,0.0,0
RAVER2,0.5053844700547894,0.25186352185461713,0.03771024804592354,0.9234468348067809,0.18049721843109043,0.0,0.767132071872034,0.0,0.0,0.0,0.0,0.0,0.0,0.0,0
SOCS4,0.5624409597581712,0.28769854860683,0.0,0.0,0.0,0.9655034475999144,0.0,0.0,0.0,0.0,0.0,0.0,0.0,0.0,0
SPG7,0.5392027205743435,0.007056799933024216,0.572207385805822,0.8156194993070739,0.9068079796386079,0.8785860017403305,0.957074531628724,0.0,0.0,0.0,0.0,0.0,0.0,0.0,0
GRAMD1C,0.5648970338182505,0.367877556301421,0.03789832844132743,0.138995701920151,0.07977800167050265,0.8238883654684046,0.0,0.0,0.0,0.0,1.0,0.0,0.0,0.0,0
CCDC149,0.5040619686378236,0.1967212366143799,0.02820322636149193,0.11021064533792732,0.4963702030410127,0.0,0.0,0.0,0.0,0.0,0.0,0.0,0.0,0.0,0
SENP8,0.9351974305686757,0.27994154850788866,0.0,0.0,0.9011510577489655,0.0,0.0,0.0,0.0,0.0,0.0,0.0,0.0,0.0,0
GPR155,0.9351974305686757,0.27793380064083534,0.0,0.0,0.8804629713399011,0.873218453375881,0.0,0.0,0.0,0.0,0.0,0.0,0.0,0.0,0
CCDC113,0.52635556395239,0.01821890388230557,0.0570593608731931,0.8906624427776481,0.07122826835330102,0.0,0.9088957538740904,0.0,0.0,0.0,0.0,0.0,0.0,0.0,0
TRIM45,0.9351974305686757,0.31051441879580793,0.062427452005366264,0.05434896689271789,0.1446262938784007,0.9061831251036104,0.0,0.0,0.0,0.0,0.0,0.0,0.0,0.0,0
RAB36,0.6552049877196297,0.162195279737577,0.0,0.0,0.0,0.0,0.8759007086599279,0.0,0.0,0.0,0.0,0.0,0.0,0.0,0
VAMP4,0.729453995843567,0.8627394570404368,0.04655308250217196,0.03988029410432215,0.04722422548692726,0.9263921777367478,0.0,0.0,0.0,0.0,0.0,0.0,0.0,0.0,0
EIF4H,0.8913659550349518,0.41123364614014657,0.035020180137472164,0.07679198990840737,0.028333385243030796,0.0,0.5626952983245264,0.0,0.0,0.0,0.0,1.0,0.0,0.0,0
KIF21B,0.7169846967693179,0.9051198331697003,0.9495915495205147,0.6077545260953722,0.4728117065663048,0.8858210829235975,0.8837335798904425,0.0,0.0,0.0,0.0,0.0,1.0,0.0,0
API5,0.6058945777441904,0.3238106110768622,0.05193110978196955,0.0,0.04464641790643566,0.0,0.879138501139304,0.0,0.0,1.0,0.0,0.0,0.0,0.0,0
KCTD5,0.9351974305686757,0.6073855895761507,0.9222140508581884,0.6782325199813783,0.8892190130897194,0.8571309228102588,0.8377499532180053,0.0,0.0,1.0,0.0,0.0,0.0,0.0,0
GDE1,0.7364443604761005,0.6140131363639827,0.03638974056148574,0.03352387644789436,0.03690123769349494,0.0,0.0,0.0,0.0,0.0,0.0,0.0,0.0,0.0,0
CBL,0.015681088229737378,0.061673935048823375,0.016436519786469556,0.053931607659504735,0.0,0.8038855346416656,0.0,0.0,0.0,0.0,0.0,0.0,0.0,0.0,0
LCLAT1,0.9351974305686757,0.3369347976649847,0.047695066624288726,0.14010489225451905,0.926683475764735,0.0,0.0,0.0,0.0,0.0,0.0,1.0,0.0,0.0,0
RNF130,0.6438692612884942,0.3677496936624275,0.0527361232648212,0.14112507844297462,0.18568663750427633,0.7230961355722672,0.0,0.0,0.0,0.0,0.0,0.0,0.0,0.0,0
CBWD2,0.8824863026638957,0.2891872350465405,0.05086591233047605,0.0,0.22894957280871914,0.8955984939189794,0.0,0.0,1.0,0.0,0.0,0.0,0.0,0.0,0
ZNF276,0.5392027205743435,0.007056799933024216,0.046230822748082996,0.0,0.33131389157455565,0.0,0.8267379486051504,0.0,0.0,0.0,0.0,0.0,0.0,0.0,0
SUSD6,0.07878329869639145,0.21416230944280812,0.03769080884816775,0.3347833028660506,0.0,0.0,0.0,0.0,0.0,0.0,0.0,0.0,0.0,0.0,0
PNN,0.6920460986208199,0.31680556506914476,0.0,0.49086180360658727,0.0,0.0,0.9205452374716685,0.0,0.0,0.0,0.0,0.0,0.0,0.0,0
FIGNL1,0.9178159833742678,0.44682208066001483,0.11717173719418064,0.0,0.9119518930706731,0.9436078134084077,0.0,0.0,0.0,0.0,0.0,0.0,0.0,0.0,0
DDAH1,0.7936897789533346,0.2337557366942941,0.04233525491186603,0.304287347368478,0.17156454114411818,0.0,0.0,0.0,0.0,0.0,0.0,1.0,0.0,0.0,0
SRSF3,0.6638957113168336,0.3829303376943626,0.03434206670692465,0.04508437636972308,0.05402720482684226,0.0,0.0,0.0,0.0,1.0,0.0,0.0,0.0,0.0,0
PGS1,0.9351974305686757,0.49667785464757885,0.039211860839431,0.5675219164572083,0.4417833340725584,0.6551854462391019,0.6873145218908019,0.0,0.0,0.0,0.0,0.0,0.0,0.0,0
CLP1,0.9351974305686757,0.29762312487156656,0.030177333787126726,0.26874163850599636,0.0,0.9121809729168914,0.8814693010457761,0.0,0.0,0.0,0.0,0.0,0.0,0.0,0
GLT8D1,0.03910825618741731,0.17804263610140714,0.0,0.0,0.0,0.959302647487512,0.0,0.0,0.0,0.0,0.0,0.0,0.0,0.0,0
CDC27,0.8924995276780654,0.2935954517432701,0.03275792882223913,0.0,0.061723641797648346,0.8758736625036945,0.0,0.0,0.0,0.0,0.0,0.0,0.0,0.0,0
RFXANK,0.6928018137162291,0.3327214192752928,0.0,0.0,0.6383892448188568,0.9422164584563145,0.0,0.0,0.0,0.0,0.0,0.0,0.0,0.0,0
NECAB3,0.5873795579066692,0.48808822522090567,0.0,0.4069324651624508,0.0,0.6973649873864692,0.0,0.0,0.0,0.0,1.0,0.0,0.0,0.0,0
USP39,0.750047232193463,0.3429412973491335,0.028634415642480714,0.24850632656518234,0.0,0.0,0.9123788898575795,0.0,0.0,0.0,0.0,0.0,0.0,0.0,0
PTPN6,0.9293406385792556,0.3958992625065644,0.0,0.0,0.1892747023732179,0.0,0.2745605708670844,0.0,0.0,0.0,0.0,0.0,0.0,0.0,0
USE1,0.9351974305686757,0.34118927476006733,0.023463348091570746,0.04235936388370906,0.4085292735033177,0.0,0.949678529869543,0.0,0.0,0.0,0.0,0.0,0.0,0.0,0
TECPR1,0.6393349707160401,0.3888759504075622,0.0,0.0,0.0,0.887947294630453,0.8942137875916419,0.0,0.0,0.0,0.0,0.0,0.0,0.0,0
VSIG10,0.48573587757415454,0.3092647137170735,0.05423487188099559,0.0,0.0,0.3910335898956094,0.8958379856557612,0.0,0.0,0.0,0.0,0.0,0.0,0.0,0
DCLRE1B,0.9351974305686757,0.2738330631473997,0.0,0.0,0.0,0.0,0.9238460022303204,0.0,0.0,0.0,0.0,1.0,0.0,0.0,0
HPS3,0.8344983941054223,0.42966413224650085,0.027490508581714743,0.07319387060652574,0.0,0.0,0.0,0.0,0.0,0.0,0.0,0.0,0.0,0.0,0
CTSV,0.49499338749291516,0.2555456614227763,0.06004060023702817,0.6606421545906606,0.0,0.0,0.0,0.0,0.0,0.0,0.0,0.0,0.0,0.0,0
TMX1,0.8018137162289817,0.31434420926851914,0.035504682487490155,0.03338027979392668,0.3189431867814625,0.0,0.777205295971439,0.0,1.0,0.0,0.0,0.0,0.0,0.0,0
ZMIZ2,0.8993009635367467,0.4495330730415325,0.029630528333639654,0.0,0.0,0.0,0.8738583439986469,0.0,1.0,0.0,1.0,0.0,0.0,0.0,0
MDM2,0.9351974305686757,0.446382172294906,0.030637190770800193,0.08505635631256249,0.066518217822102,0.0,0.0,0.0,0.0,0.0,0.0,0.0,0.0,0.0,0
ATR,0.6140185150198375,0.40401549573410667,0.03483801648910532,0.10296399991654141,0.03500612172189564,0.0,0.0,0.0,0.0,0.0,1.0,0.0,0.0,0.0,0
CD79A,0.7570375968259966,0.34799948246074697,0.0,0.8554176976449512,0.0,0.8200173706758014,0.0,0.0,0.0,0.0,0.0,0.0,0.0,0.0,0
GPAA1,0.9351974305686757,0.8212662967783186,0.04266661256288905,0.05541340918179496,0.08937132026516939,0.0,0.802629493533838,0.0,0.0,0.0,0.0,0.0,0.0,0.0,0
ISCU,0.5127526922350274,0.3074548485056054,0.039235932055038475,0.0,0.7738225830228861,0.0,0.1378576212089014,0.0,0.0,0.0,0.0,0.0,0.0,0.0,0
ZC2HC1C,0.48875873795579067,0.22139263724303793,0.0,0.0,0.9472294646124039,0.0,0.0,0.0,0.0,0.0,0.0,1.0,0.0,0.0,0
HDAC7,0.6058945777441904,0.3328538484371076,0.041465454451221066,0.8879285591977248,0.3058881130793293,0.6123560762156398,0.5504703143767637,0.0,0.0,0.0,0.0,0.0,0.0,0.0,0
TECTA,0.018326091063668976,0.06653423750485157,0.8946148276776513,0.8950407429689877,0.8437634759393581,0.8986651906102622,0.8601454632977348,0.0,0.0,0.0,0.0,0.0,0.0,0.0,0
BAIAP2,0.8883430946533156,0.4626618261524764,0.8655395878003896,0.7958021654453623,0.578352595400691,0.9071558548999759,0.7610403269317928,1.0,0.0,0.0,1.0,0.0,0.0,0.0,0
LIN7C,0.6867560929529568,0.3194206604714174,0.0,0.0,0.0,0.8862641266326172,0.0,0.0,0.0,0.0,0.0,1.0,0.0,0.0,0
MYBBP1A,0.5324012847156622,0.046577010601943636,0.030943951515233856,0.5214263367847576,0.0,0.9175612381041686,0.9571744698861177,0.0,0.0,0.0,0.0,0.0,0.0,0.0,0
IPO8,0.9351974305686757,0.4098104131942066,0.0,0.0,0.0,0.8781200858791134,0.0,0.0,1.0,1.0,0.0,0.0,0.0,0.0,0
CLIC1,0.6425467598715284,0.3823793106072713,0.0,0.0,0.776944590520235,0.19549596500651198,0.7128028522716596,0.0,0.0,0.0,0.0,0.0,0.0,0.0,0
TIMM13,0.47024371811826937,0.212597514289411,0.06413352780983952,0.0,0.0,0.0,0.0,0.0,0.0,0.0,0.0,0.0,0.0,0.0,0
SCAF8,0.7579822406952579,0.21255184906119895,0.03708113682348391,0.11379157732376856,0.03569578760809987,0.0,0.9268221827749413,0.0,0.0,0.0,0.0,0.0,0.0,0.0,0
CUL5,0.5509163045531835,0.09143853079739081,0.0,0.8859494596455236,0.0,0.0,0.9541193059527178,0.0,0.0,0.0,0.0,0.0,0.0,0.0,0
PRKCQ,0.8809748724730777,0.4507127581036755,0.0,0.44293461045792065,0.0,0.0,0.0,0.0,0.0,0.0,0.0,0.0,0.0,0.0,0
KCTD11,0.03287360665029282,0.013608238007169149,0.07014958555900423,0.0,0.0,0.0,0.0,0.0,0.0,0.0,0.0,0.0,0.0,0.0,0
TRMT11,0.9351974305686757,0.2557770319123836,0.04097558704532224,0.42734423437807173,0.0,0.0,0.0,0.0,0.0,0.0,0.0,0.0,0.0,0.0,0
RBFOX2,0.5002833931607784,0.12745012976535683,0.03002632465046925,0.07378925914641661,0.05948174287498571,0.9147676125480674,0.0,0.0,0.0,0.0,0.0,0.0,0.0,0.0,0
DUSP26,1.0,0.23230967113424808,0.10491214835503627,0.26736780216887074,0.32894662951944487,0.8437632485544647,0.0,0.0,0.0,0.0,0.0,0.0,0.0,0.0,0
RBM43,0.06404685433591534,0.25035200280080067,0.025843285234201423,0.0,0.10715055382384234,0.9140661957036205,0.0,0.0,1.0,0.0,0.0,0.0,0.0,0.0,0
ZCCHC4,0.036463253353485686,0.19026417334520626,0.027121222230536705,0.0,0.08064998758985396,0.0,0.0,0.0,0.0,0.0,0.0,0.0,0.0,0.0,0
PPP1R9B,0.9351974305686757,0.5280924873088721,0.05702665555327643,0.192084519302726,0.03706926676651942,0.7610506565768991,0.7501866084591762,0.0,0.0,0.0,0.0,0.0,0.0,0.0,0
FBXO15,0.5273002078216512,0.21940011111872185,0.0,0.8332073603941004,0.0,0.0,0.0,0.0,0.0,0.0,0.0,0.0,0.0,0.0,0
PDCD7,0.9351974305686757,0.24933366821167355,0.03613711470935971,0.07001752674423424,0.04396769431174109,0.0,0.0,0.0,0.0,0.0,0.0,0.0,0.0,0.0,0
ABHD4,0.9351974305686757,0.3203339650356569,0.0,0.0,0.0,0.0,0.9265181799559127,0.0,0.0,0.0,0.0,0.0,0.0,0.0,0
PTGES3,0.44322690345739657,0.322735956039607,0.03676546345000549,0.050932894680283655,0.05268909704850611,0.0,0.0,0.0,1.0,1.0,0.0,0.0,0.0,0.0,0
ACADVL,0.03287360665029282,0.012020610239666107,0.0,0.0,0.0,0.0,0.5026694960245497,0.0,0.0,0.0,0.0,0.0,0.0,0.0,0
ANKRD24,0.5429812960513887,0.24756642387987,0.7849496751951901,0.9334063995599302,0.5914282582590826,0.3879124978152129,0.5821083030098008,0.0,0.0,0.0,0.0,0.0,0.0,0.0,0
RRP9,0.03910825618741731,0.17618558348745336,0.0,0.0,0.0,0.8935280174111374,0.0,0.0,0.0,0.0,0.0,0.0,0.0,0.0,0
TMEM150B,0.7944454940487437,0.3800564726655555,0.0,0.0,0.935404343049625,0.0,0.7181781638126891,0.0,0.0,0.0,0.0,0.0,0.0,0.0,0
TSKU,0.9351974305686757,0.43063680160741613,0.0,0.5897849219231168,0.2643431666332577,0.8650758849580306,0.6219093463676961,0.0,0.0,0.0,0.0,0.0,0.0,0.0,0
TRMT13,0.6395238994898923,0.22547815299373622,0.0,0.0,0.0,0.0,0.9240530605852695,0.0,0.0,0.0,0.0,0.0,0.0,0.0,0
ZNF620,0.47874551294162104,0.2276716061221849,0.043342161248778564,0.17868773244202624,0.03968890219392758,0.9274133331016249,0.0,0.0,0.0,0.0,0.0,0.0,0.0,0.0,0
STK38L,0.9351974305686757,0.42710687946663006,0.053611922666626,0.651173442202389,0.08329684546515327,0.0,0.0,0.0,0.0,0.0,0.0,0.0,0.0,0.0,0
PTPN4,0.5803891932741356,0.2695466203925687,0.036986551646732084,0.27950355809568883,0.0,0.0,0.0,0.0,0.0,1.0,0.0,0.0,0.0,0.0,0
CAMLG,0.6433024749669375,0.2966595885562938,0.017264210465843872,0.06758061369743952,0.03956938724212305,0.0,0.866982026998689,0.0,1.0,0.0,0.0,0.0,0.0,0.0,0
XPO1,0.51464197997355,0.35281868621138435,0.0319259407381687,0.06654759530521775,0.18841018339668247,0.041994945591128416,0.0,0.0,1.0,0.0,1.0,0.0,0.0,0.0,0
SEL1L,0.49008123937275644,0.23473906127512542,0.06746302323777693,0.0,0.5097146164368126,0.9250197518678204,0.0,0.0,0.0,0.0,0.0,1.0,0.0,0.0,0
UBE2V2,0.9351974305686757,0.6663317883264455,0.034329451011717596,0.18482603045139812,0.05551819975468417,0.0,0.0,0.0,0.0,0.0,0.0,0.0,0.0,0.0,0
TAF13,0.6941243151331947,0.2592734662191474,0.032685804582587366,0.048061579946757506,0.39579611066029463,0.0,0.0,0.0,0.0,0.0,0.0,0.0,0.0,0.0,0
NLRP3,0.7343661439637257,0.8762046106658754,0.0,0.0,0.0,0.29665878408869817,0.0,0.0,0.0,0.0,0.0,0.0,0.0,0.0,0
GXYLT2,0.03721896844889472,0.20689088293718738,0.0,0.10093613512753684,0.0,0.0,0.7762522404462646,0.0,0.0,0.0,0.0,0.0,0.0,0.0,0
WDTC1,0.4524844133761572,0.14269622729106263,0.0,0.0,0.0,0.0,0.9388013213638026,0.0,0.0,1.0,0.0,0.0,0.0,0.0,0
FAM114A2,0.6589835631966748,0.3129590306794225,0.0,0.0,0.0,0.8915844237829196,0.0,0.0,0.0,0.0,0.0,0.0,0.0,0.0,0
ZYX,0.8074815794445493,0.3866733642334711,0.0,0.0,0.9000012572729389,0.0,0.6249065733645579,0.0,0.0,0.0,0.0,0.0,0.0,0.0,0
COA5,0.7007368222180238,0.31193460739320045,0.0,0.8975633517037979,0.0,0.9457738835442683,0.0,0.0,0.0,0.0,0.0,0.0,0.0,0.0,0
ABCC10,0.9351974305686757,0.40455130107846043,0.039733100835294105,0.0,0.0,0.0,0.872646559795483,0.0,0.0,0.0,1.0,0.0,0.0,0.0,0
CEP120,0.670130360853958,0.28866208492210277,0.04163640036459355,0.5067422358328145,0.06691859907208365,0.0,0.0,0.0,0.0,1.0,0.0,0.0,0.0,0.0,0
PLB1,0.5458152276591726,0.3328051388603482,0.029949691716461446,0.21382054602756978,0.03340304279646477,0.8285346609650899,0.7860561164628743,0.0,0.0,0.0,0.0,1.0,0.0,0.0,0
PATL2,0.8216512374834687,0.1928853574445739,0.0,0.0,0.0,0.0,0.600553000824563,0.0,0.0,0.0,1.0,1.0,0.0,0.0,0
TMEM30A,0.6109956546382014,0.24617363441940465,0.0,0.0,0.0,0.6993875230111617,0.0,0.0,0.0,0.0,0.0,0.0,0.0,0.0,0
PPP2CB,0.8632155677309654,0.13354187120883465,0.050687132002133144,0.33291345094516184,0.1962924501031392,0.0,0.0,0.0,0.0,0.0,0.0,1.0,0.0,0.0,0
PARD6G,0.5273002078216512,0.21864054615612927,0.11572049701736357,0.8617185512852255,0.0,0.0,0.0,0.0,0.0,0.0,0.0,0.0,0.0,0.0,0
UBXN4,0.447194407708294,0.2425462931250999,0.03555232227898914,0.46268847432937105,0.0,0.0,0.0,0.0,0.0,0.0,0.0,0.0,0.0,0.0,0
PDE8A,0.9351974305686757,0.30522486319458714,0.05418317137907815,0.0,0.4935733829774871,0.0,0.0,0.0,0.0,0.0,0.0,0.0,0.0,0.0,0
JARID2,0.9081806159078027,0.43213614326704264,0.9154520084877754,0.914277048645675,0.9081399592826103,0.9292124232739628,0.94331730494289,0.0,0.0,0.0,0.0,0.0,0.0,0.0,0
LEMD3,0.9351974305686757,0.3981231591204878,0.020099108217997673,0.047819136398157956,0.9066544368388013,0.0,0.8519443583323727,0.0,0.0,0.0,0.0,0.0,0.0,0.0,0
WNK1,0.9293406385792556,0.41501168268755095,0.03170574747691154,0.025383326772666838,0.04094270584640401,0.0,0.0,0.0,0.0,0.0,1.0,0.0,0.0,0.0,0
EIF2AK2,0.4823351596448139,0.3317502720886515,0.047815395459862235,0.09494836294188906,0.34612823693896105,0.0,0.0,0.0,0.0,0.0,0.0,0.0,0.0,0.0,0
LTBR,0.9293406385792556,0.3989268671370185,0.10003702128958439,0.0,0.22961734946570628,0.0,0.0,0.0,0.0,0.0,0.0,1.0,0.0,0.0,0
DCDC2B,0.6924239561685244,0.2248038297904727,0.0,0.0,0.0,0.0,0.41385853249598725,0.0,0.0,0.0,0.0,0.0,0.0,0.0,0
TARBP1,0.9351974305686757,0.9054714554269324,0.022260636438121217,0.0,0.4370300905905517,0.0,0.0,0.0,0.0,0.0,0.0,0.0,0.0,0.0,0
CSMD3,0.9351974305686757,0.9459932567679677,0.0,0.0,0.30385291013146715,0.0,0.11440094148611991,0.0,0.0,0.0,0.0,0.0,0.0,0.0,0
CACTIN,0.052711127904779886,0.2252452603298552,0.19110393918392546,0.9250739474276246,0.6659952306415013,0.9036096705533606,0.6483599242094399,0.0,0.0,0.0,0.0,0.0,0.0,0.0,0
NEURL4,0.03287360665029282,0.014244506853589411,0.6535079399373419,0.7642094194118829,0.7785212833131794,0.9322690614263653,0.0,0.0,0.0,0.0,0.0,0.0,0.0,0.0,0
CDC42,0.4502172680899301,0.14176770098408578,0.0,0.0,0.0,0.0,0.73418117635734,0.0,1.0,0.0,0.0,1.0,0.0,0.0,0
OPRL1,0.9351974305686757,0.6040794270536035,0.8977963921319515,0.937243798108994,0.7505495182231178,0.4363803142894108,0.9120066239784673,0.0,0.0,0.0,0.0,0.0,0.0,0.0,0
SLC29A3,0.7050821840166257,0.2923137810047872,0.07421427988625805,0.0,0.0,0.7029178025710839,0.6574346373265941,0.0,0.0,0.0,0.0,0.0,0.0,0.0,0
UBXN10,0.4502172680899301,0.13722857729981508,0.0,0.0,0.0,0.0,0.9107058420891707,0.0,0.0,0.0,0.0,0.0,0.0,0.0,0
FAM118A,0.5890799168713394,0.1331826380802336,0.03705373630451204,0.8250134126888645,0.0,0.0,0.0,0.0,0.0,0.0,1.0,0.0,0.0,0.0,0
ELAC2,0.6221424522954846,0.034469636428674344,0.021970382140762097,0.046342570392703106,0.0481752154538704,0.8985778256090112,0.0,0.0,0.0,0.0,0.0,0.0,0.0,0.0,0
ARHGEF18,0.9351974305686757,0.30271784216574954,0.0,0.0,0.0,0.0,0.9850755467327637,0.0,0.0,0.0,0.0,0.0,0.0,0.0,0
RBL2,0.9351974305686757,0.09018425919583525,0.06662283841833061,0.09492265108592786,0.044125301811201854,0.0,0.0,0.0,0.0,0.0,0.0,0.0,0.0,0.0,0
CDC14A,0.7394672208577366,0.22665022718451033,0.04071539364102063,0.06287408538006095,0.506577947745225,0.0,0.0,0.0,0.0,1.0,0.0,1.0,0.0,0.0,0
QDPR,0.4819573020971094,0.19972296428218062,0.05379264432388143,0.0,0.9484791295540956,0.0,0.0,0.0,0.0,0.0,0.0,0.0,0.0,0.0,0
PISD,0.5989042131116569,0.1445974229589545,0.03516931726300701,0.43377464478253874,0.4739286511457812,0.7012165400129322,0.14084964746350248,0.0,0.0,0.0,1.0,0.0,0.0,0.0,0
OTUD6B,0.9351974305686757,0.8657427068825111,0.0,0.0,0.0,0.0,0.9476283353973324,0.0,0.0,0.0,0.0,0.0,0.0,0.0,0
TLE3,0.9351974305686757,0.25951244758012343,0.04992515149460615,0.26130050321019044,0.0,0.6322496713405953,0.0,0.0,1.0,0.0,0.0,0.0,0.0,0.0,0
THAP1,1.0,0.603898288315029,0.0,0.9066365958540313,0.0,0.9282782542257558,0.0,0.0,0.0,0.0,0.0,0.0,0.0,0.0,0
PEX2,0.9351974305686757,0.7831023433872949,0.03569176542238741,0.0,0.4442833738249775,0.9503897266884636,0.0,0.0,0.0,0.0,0.0,0.0,0.0,0.0,0
GUCY2D,0.5208766295106745,0.023497804263609867,0.6635824228939885,0.5864838162024494,0.8403712058943548,0.9025181652130727,0.7962021214309815,0.0,0.0,0.0,0.0,0.0,0.0,0.0,0
FGFR2,0.9351974305686757,0.259623566302106,0.061457398645188746,0.5273508645982207,0.034489829486880626,0.87107490030157,0.0,0.0,0.0,0.0,0.0,0.0,0.0,0.0,0
R3HCC1,0.5618741734366144,0.06681888409403985,0.034655562850188185,0.4763101236180781,0.0,0.0,0.0,0.0,0.0,0.0,0.0,0.0,0.0,0.0,0
TAF5,0.6519931985641413,0.21878058618931284,0.04981454662755887,0.9529683678135716,0.05163562512533048,0.0,0.9042306032601682,0.0,0.0,0.0,0.0,0.0,0.0,0.0,0
ITPR2,0.9351974305686757,0.4376966458889878,0.0507989589428054,0.035299450802333876,0.14745250862181516,0.0,0.0,0.0,0.0,0.0,0.0,0.0,0.0,0.0,0
RNF24,0.9351974305686757,0.4318545410264022,0.03214124801530602,0.11675560323510205,0.021079313281845334,0.7514392878445977,0.0,0.0,0.0,0.0,0.0,0.0,0.0,0.0,0
PPM1M,0.6108067258643491,0.18356660654078272,0.0,0.0,0.0,0.0,0.575984341825643,0.0,0.0,0.0,0.0,1.0,0.0,0.0,0
SLC25A1,0.5830341961080672,0.1557336499455822,0.05161013585603361,0.6875685035259325,0.0,0.0,0.0,0.0,0.0,0.0,0.0,0.0,0.0,0.0,0
UGGT2,0.9351974305686757,0.21942598808137545,0.03355042404257001,0.0,0.3252811463627306,0.0,0.0,0.0,0.0,1.0,1.0,0.0,0.0,0.0,0
TMEM17,0.51464197997355,0.34941510453531827,0.04456395531847863,0.8069932985368422,0.05959278255875841,0.0,0.0,0.0,1.0,0.0,0.0,0.0,0.0,0.0,0
MAN1B1,0.5962592102777253,0.29068048800907215,0.887070886355731,0.8919642348636583,0.0,0.855770040046955,0.8810584303979145,0.0,0.0,0.0,0.0,0.0,0.0,0.0,0
RPL10A,0.9297184961269601,0.38815900632463407,0.043567841124053375,0.048059315265901126,0.0,0.0,0.0,0.0,0.0,0.0,0.0,0.0,0.0,0.0,0
ANKH,0.7831097676176081,0.48166769413430177,0.0,0.2510631846417319,0.4534997855394496,0.0,0.0,0.0,1.0,0.0,0.0,0.0,0.0,0.0,0
CLTCL1,0.5830341961080672,0.1557336499455822,0.0,0.0,0.0,0.8215799200596715,0.6515425433282411,0.0,0.0,0.0,0.0,0.0,0.0,0.0,0
RNF207,0.47931229926317775,0.1571310059288689,0.0,0.0,0.8146557712362832,0.0,0.8346345576886615,0.0,0.0,0.0,0.0,0.0,0.0,0.0,0
FBXO3,0.9351974305686757,0.37986315653279146,0.0,0.0,0.0,0.7904727922999705,0.0,0.0,0.0,0.0,0.0,0.0,0.0,0.0,0
RNF214,0.018326091063668976,0.05196094100813564,0.0,0.0,0.7235897403746687,0.0,0.0,0.0,0.0,0.0,0.0,0.0,0.0,0.0,0
ARSB,0.5505384470054789,0.2547860964601837,0.0320181302727671,0.6505247172011903,0.17789060297679282,0.0,0.0,0.0,0.0,0.0,0.0,0.0,0.0,0.0,0
GALK2,0.9351974305686757,0.21772876376616365,0.0,0.0,0.8827536163154545,0.0,0.0,0.0,0.0,0.0,0.0,0.0,0.0,0.0,0
PCBP4,0.03910825618741731,0.1757730742592718,0.0,0.0,0.9327459647024917,0.0,0.0,0.0,0.0,0.0,0.0,0.0,0.0,0.0,0
ENO1,0.5488380880408086,0.1535782511739768,0.0,0.0,0.5252422102292292,0.0,0.0,0.0,0.0,0.0,0.0,0.0,0.0,0.0,0
PRICKLE1,0.7307764972605328,0.366516732500704,0.06563574130778234,0.42186088028392504,0.0,0.7608727573925222,0.0,0.0,0.0,0.0,0.0,0.0,0.0,0.0,0
NOB1,0.52635556395239,0.024936258952287238,0.06597394877255143,0.03950233581413227,0.8869419008872202,0.8624923809783805,0.8737850299855623,0.0,0.0,0.0,0.0,0.0,0.0,0.0,0
ZBTB26,0.9351974305686757,0.28872753841587323,0.07770301976315938,0.7579701103206957,0.04146934707376414,0.0,0.0,0.0,0.0,0.0,0.0,0.0,0.0,0.0,0
HSPA1L,0.6425467598715284,0.3823793106072713,0.0,0.5065147390997661,0.0,0.7694253502225662,0.8063617203500206,0.0,0.0,0.0,0.0,0.0,0.0,0.0,0
TPCN1,0.5104855469488003,0.3001758111286161,0.0,0.0,0.054884043148755945,0.0,0.0,0.0,0.0,0.0,0.0,1.0,0.0,0.0,0
PRTFDC1,0.8787077271868505,0.3895061305568876,0.0,0.0,0.0,0.919726972224729,0.0,0.0,0.0,0.0,0.0,0.0,0.0,0.0,0
NFKB2,0.6516153410164368,0.22208066001476512,0.038597826684187236,0.46278936600243403,0.032424960391823035,0.0,0.0,0.0,0.0,0.0,0.0,0.0,0.0,0.0,0
NSRP1,0.9351974305686757,0.37575633034226086,0.0,0.0,0.0,0.0,0.9189813028705542,0.0,0.0,0.0,0.0,0.0,0.0,0.0,0
CDHR3,0.6266767428679387,0.38759427966907933,0.05106095638636655,0.0,0.4208281083124202,0.0,0.8065541879263544,0.0,0.0,0.0,0.0,0.0,0.0,0.0,0
PPP2R5A,0.9351974305686757,0.8892511663660373,0.0333639056370622,0.3049558771459589,0.09052036997470259,0.0,0.7651217255175716,0.0,0.0,1.0,0.0,0.0,0.0,0.0,0
SMIM20,0.039863971282826344,0.1853110182584804,0.08890477199888343,0.0,0.07018477692838954,0.5481802704406828,0.0,0.0,0.0,0.0,0.0,0.0,0.0,0.0,0
RPLP2,0.47591158133383715,0.2353007435821328,0.0,0.0,0.0,0.0,0.7744190891215889,0.0,0.0,0.0,0.0,0.0,0.0,0.0,0
ABLIM2,0.608539580578122,0.20894581820672647,0.6401724560667971,0.778210816182711,0.40938201477868463,0.7636010468738705,0.7086913501528912,0.0,0.0,0.0,1.0,0.0,0.0,0.0,0
ZNF473,0.5870017003589647,0.34302958345701007,0.0,0.0,0.0,0.0,0.9357155705992843,0.0,0.0,0.0,0.0,0.0,1.0,0.0,0
CAAP1,0.9351974305686757,0.26906256897352177,0.048624624843473255,0.044891734318707396,0.0,0.0,0.0,0.0,0.0,0.0,0.0,0.0,0.0,0.0,0
DSP,0.7167957679954657,0.392064905511032,0.0,0.0,0.3933218185287285,0.748823000718221,0.7116481703829208,0.0,0.0,0.0,0.0,0.0,0.0,0.0,0
CEP41,0.8074815794445493,0.4029103972113768,0.06279718371704486,0.21353852524095351,0.0,0.0,0.9397568470534223,0.0,0.0,0.0,0.0,1.0,0.0,0.0,0
ZNF136,0.9351974305686757,0.32652464780692747,0.02797793247005946,0.23700105163274587,0.2418953374985137,0.0,0.8934625205567462,0.0,0.0,0.0,0.0,0.0,0.0,0.0,0
AGTPBP1,0.5201209144152654,0.2683501914134149,0.04244064489182568,0.8864870206498929,0.5287605092556128,0.0,0.0,0.0,0.0,0.0,0.0,0.0,0.0,0.0,0
HEXIM1,0.9351974305686757,0.26496792017718107,0.047129301059339185,0.0,0.0,0.0,0.0,0.0,1.0,0.0,0.0,0.0,0.0,0.0,0
IK,0.6606839221613452,0.31088278497005123,0.0,0.0,0.0,0.924767359243564,0.0,0.0,0.0,0.0,0.0,0.0,0.0,0.0,0
MED12L,0.8344983941054223,0.4364728177729068,0.057944135857656225,0.0,0.0,0.0,0.7084535349939843,0.0,0.0,0.0,0.0,1.0,0.0,0.0,0
KCTD1,0.8171169469110146,0.2783158663835422,0.10989398137416861,0.0,0.6061083514210273,0.0,0.9453436621053334,0.0,0.0,0.0,1.0,0.0,0.0,0.0,0
CHMP7,0.5618741734366144,0.06681888409403985,0.01840347320858997,0.0,0.07230117404609132,0.0,0.9182416942453353,0.0,0.0,0.0,0.0,0.0,0.0,0.0,0
YTHDC2,0.546948800302286,0.2803905899186398,0.058472097018097496,0.03494626228191458,0.048723050431413464,0.0,0.0,0.0,0.0,1.0,0.0,0.0,0.0,0.0,0
ACTR2,0.5106744757226525,0.3379835757395865,0.0,0.0,0.0,0.0,0.8793556749844786,0.0,1.0,0.0,0.0,0.0,0.0,0.0,0
POLR2B,0.9351974305686757,0.2924964419176352,0.0,0.0,0.04070827811787224,0.0,0.0,0.0,1.0,0.0,0.0,0.0,0.0,0.0,0
RELA,0.9351974305686757,0.3090363875760136,0.0,0.0,0.7306407030678284,0.6862544896800035,0.7959710005181041,0.0,0.0,0.0,0.0,0.0,0.0,0.0,0
HIP1R,0.5325902134895144,0.29799757974290475,0.04044840285830395,0.055606565301468014,0.05401468287886711,0.0,0.7455234100704887,0.0,0.0,1.0,0.0,0.0,0.0,0.0,0
FOLH1,0.9351974305686757,0.3230084252346051,0.0,0.0,0.8606340191599222,0.8296081131558656,0.0,0.0,0.0,0.0,0.0,0.0,0.0,0.0,0
ZNF16,0.9351974305686757,0.8050079533605812,0.03892114457539273,0.0,0.32200587970286415,0.9673276404316913,0.0,0.0,0.0,0.0,0.0,0.0,0.0,0.0,0
SIRT5,0.9351974305686757,0.44714325943177224,0.028811439028276153,0.083437205652884,0.05122932118984708,0.812628809318603,0.0,0.0,0.0,0.0,0.0,0.0,0.0,0.0,0
INTS1,0.689212167013036,0.4323294593998067,0.7070837116920368,0.8603474297233535,0.8896840702620846,0.8778632305278172,0.9351250083268917,0.0,0.0,0.0,0.0,0.0,0.0,0.0,0
DLD,0.511052333270357,0.37988751132117116,0.0476196664944224,0.41341216045361023,0.043697232094378424,0.0,0.0,0.0,0.0,0.0,0.0,0.0,0.0,0.0,0
CSF3R,0.6315888909880975,0.2571104565761734,0.0,0.0,0.9150387436103662,0.0,0.7506920861245424,0.0,0.0,0.0,0.0,0.0,0.0,0.0,0
PLEKHA8,0.9351974305686757,0.4513185834646209,0.09442732719593364,0.0,0.0748949681464544,0.0,0.0,0.0,0.0,1.0,0.0,0.0,0.0,0.0,0
TBCC,0.9351974305686757,0.4045680449954715,0.0,0.11263775425387255,0.0,0.0,0.0,0.0,0.0,0.0,0.0,0.0,0.0,0.0,0
SLC4A2,0.6888343094653315,0.3656780144758774,0.03245192667227438,0.0,0.6292131198255078,0.0,0.4935560635816337,0.0,0.0,1.0,1.0,0.0,0.0,0.0,0
PIGX,0.7086718307198187,0.4665220601106622,0.0,0.0,0.0,0.8893880215850228,0.9505168724810922,0.0,0.0,0.0,1.0,0.0,0.0,0.0,0
MRFAP1L1,0.608539580578122,0.21017725719417607,0.03375211418646321,0.0871951429033114,0.055660326851778394,0.0,0.0,0.0,0.0,0.0,0.0,0.0,0.0,0.0,0
FYCO1,0.4764783676553939,0.2030382598503701,0.07359632894676418,0.37794853937680584,0.4871592637077073,0.9188697871533549,0.0,0.0,0.0,0.0,0.0,0.0,0.0,0.0,0
RHOG,0.47591158133383715,0.24102868537418853,0.03896343321341049,0.24061369431251364,0.0,0.5857091865188463,0.0,0.0,0.0,0.0,0.0,0.0,0.0,0.0,0
NR2C2,0.9351974305686757,0.33601844875219766,0.0,0.0,0.0,0.0,0.8905407434962084,0.0,1.0,0.0,1.0,0.0,0.0,0.0,0
RAB8A,0.7062157566597392,0.3352284403041304,0.036220864639044316,0.6737762367142995,0.0,0.0,0.8651325205150245,0.0,0.0,0.0,0.0,0.0,0.0,0.0,0
ZBTB49,0.608539580578122,0.20483290331910098,0.0,0.0,0.0,0.0,0.9417250630204838,0.0,0.0,0.0,0.0,0.0,0.0,0.0,0
NUDT14,0.7640279614585301,0.27617873370322166,0.0,0.0,0.7819908482092229,0.0,0.0,0.0,0.0,0.0,0.0,0.0,0.0,0.0,0
GATB,0.6467031928962781,0.23884132094283478,0.04017497470021557,0.028422274420046367,0.4897941455375723,0.0,0.0,0.0,0.0,0.0,0.0,1.0,0.0,0.0,0
ZNF530,0.9351974305686757,0.3692338135793167,0.06767282938607545,0.39172907694750336,0.0,0.0,0.7773988904394646,0.0,0.0,0.0,0.0,0.0,0.0,0.0,0
ATP6V1H,0.9351974305686757,0.6748224764253259,0.04064434703281818,0.0409850506296339,0.8958301485202079,0.0,0.0,0.0,0.0,0.0,0.0,0.0,0.0,0.0,0
KLHL23,0.4753447950122804,0.2784726503337367,0.02512236220508148,0.3360283278844335,0.38746242080135396,0.0,0.8719465192096633,0.0,0.0,0.0,0.0,0.0,0.0,0.0,0
CAPRIN2,0.9351974305686757,0.40953185530211356,0.0,0.0,0.0,0.7054614724442166,0.0,0.0,0.0,0.0,1.0,0.0,0.0,0.0,0
SEC23B,0.9351974305686757,0.4423499326437885,0.039141833196576443,0.0413383991068956,0.4418274896563534,0.0,0.8695243157106436,0.0,0.0,1.0,0.0,0.0,0.0,0.0,0
NPRL3,0.7370111467976572,0.5975158115852687,0.025029458539478182,0.0,0.053331632725532166,0.0,0.0,0.0,0.0,0.0,0.0,0.0,0.0,0.0,0
RAD23B,0.49499338749291516,0.2580100615719494,0.04890408338053571,0.09829285002905964,0.03796448838099801,0.0,0.0,0.0,0.0,0.0,0.0,0.0,0.0,0.0,0
CKMT1B,0.03400717929340635,0.17812178916364138,0.0,0.32543741127608616,0.0,0.0,0.8333497821389758,0.0,0.0,0.0,0.0,0.0,0.0,0.0,0
C11orf24,0.9351974305686757,0.45016477536513155,0.0,0.0,0.0,0.47156013565350124,0.0,0.0,0.0,0.0,0.0,0.0,0.0,0.0,0
TMEM9B,0.5006612507084829,0.2517584918297296,0.0,0.0,0.0,0.6778720998350423,0.0,0.0,0.0,0.0,0.0,0.0,0.0,0.0,0
IPO5,0.9351974305686757,0.23231880417989054,0.03731509843838791,0.0,0.0,0.9250739814058003,0.9443823999320938,0.0,0.0,0.0,0.0,0.0,1.0,0.0,0
ENO3,0.5324012847156622,0.04641870447747548,0.0,0.0,0.8553503459910748,0.0,0.8911116161463463,0.0,0.0,0.0,0.0,1.0,0.0,0.0,0
ICE2,0.9351974305686757,0.23882914354864493,0.0,0.0,0.0,0.8739156817140206,0.0,0.0,0.0,0.0,0.0,0.0,0.0,0.0,0
MAPK7,0.9351974305686757,0.1719402394380132,0.0,0.0,0.9598785817137205,0.0,0.9080762657379358,0.0,0.0,0.0,0.0,0.0,0.0,0.0,0
MRPL18,0.0034007179293406298,0.18723504654047834,0.0,0.0,0.0,0.8016251461788441,0.0,0.0,0.0,0.0,0.0,0.0,0.0,0.0,0
OSBPL7,0.9351974305686757,0.3584887853810383,0.8982742995235138,0.9819742408104578,0.8341882325474155,0.8965807342718349,0.8517430029889245,0.0,0.0,0.0,1.0,0.0,0.0,0.0,0
CTNNB1,0.48025694313243905,0.22569582391487997,0.04920543794294823,0.909899603082074,0.04323449507061399,0.9043629308063867,0.19043672583703583,0.0,0.0,0.0,0.0,0.0,0.0,0.0,0
SNF8,0.9351974305686757,0.4819569072463109,0.024399185037858297,0.04170645522822548,0.3491624686140577,0.8728871981468954,0.0,0.0,0.0,0.0,0.0,0.0,0.0,0.0,0
RAB11FIP3,0.7370111467976572,0.5975158115852687,0.7765987119702994,0.8343127622949881,0.7651968020330168,0.847246749913979,0.8201417626668753,0.0,0.0,0.0,0.0,0.0,0.0,0.0,0
P2RX4,0.48573587757415454,0.2941008136021493,0.018351800776296442,0.924782841809522,0.0,0.0,0.0,0.0,0.0,0.0,0.0,0.0,0.0,0.0,0
LPIN2,0.7084829019459664,0.2804271221012094,0.022912352869193138,0.6149223864140099,0.01977289234234911,0.9481879589247447,0.0,0.0,0.0,0.0,1.0,0.0,0.0,0.0,0
SERPINB1,0.9351974305686757,0.3527517105433401,0.0364252589726644,0.2890567256165579,0.08470980975446095,0.0,0.0,0.0,0.0,0.0,0.0,0.0,0.0,0.0,0
HS1BP3,0.5204987719629699,0.32139796485299604,0.020978148484245566,0.04098604106596859,0.09212502266825127,0.0,0.0,0.0,0.0,0.0,0.0,0.0,0.0,0.0,0
KAT5,0.9351974305686757,0.3090363875760136,0.03055211830396934,0.042622705768462645,0.16386970367369824,0.0,0.0,0.0,0.0,0.0,0.0,0.0,0.0,0.0,0
SNAPC3,0.9351974305686757,0.27336423347109007,0.034958219356983955,0.09807528572589136,0.0,0.0,0.0,0.0,0.0,0.0,0.0,0.0,1.0,0.0,0
TEX9,0.4823351596448139,0.19964381121994662,0.03175546761524154,0.061810424485679485,0.06537872823128404,0.0,0.0,0.0,0.0,0.0,0.0,0.0,0.0,0.0,0
PTPN18,0.5571509540903079,0.2613999436795518,0.049841961284456185,0.41019547281087815,0.40869914813857044,0.9218214661937092,0.9899537096425102,0.0,0.0,0.0,0.0,1.0,0.0,0.0,0
ADAP1,0.9351974305686757,0.43596136721693274,0.0,0.0,0.8665932374862041,0.0,0.0,0.0,0.0,0.0,0.0,0.0,0.0,0.0,0
LYPD6B,0.5074626865671641,0.25172804834425494,0.05716551554753054,0.2057067025473081,0.14201695777055973,0.0,0.0,0.0,0.0,0.0,0.0,1.0,0.0,0.0,0
CUTA,0.6425467598715284,0.3853338508725863,0.03766372704282586,0.17788042970031337,0.0,0.0,0.0,0.0,1.0,0.0,0.0,0.0,0.0,0.0,0
MSH2,0.4823351596448139,0.3435288566187943,0.030724180523775162,0.033612026170967466,0.42304955331545824,0.0,0.7921487228061667,0.0,0.0,1.0,0.0,0.0,0.0,0.0,0
TCOF1,0.6363121103344039,0.3149774337663919,0.029377424738816615,0.18438141101998856,0.11174399654514611,0.0,0.0,0.0,0.0,0.0,0.0,0.0,0.0,0.0,0
SLC25A11,0.5324012847156622,0.047902824394364774,0.0,0.9239917455128257,0.0,0.9091679867679607,0.0,0.0,0.0,0.0,0.0,0.0,0.0,0.0,0
SPECC1,0.9351974305686757,0.19871071839014853,0.0401986519136412,0.0,0.4853080775532424,0.7765569433947298,0.0,0.0,0.0,0.0,0.0,0.0,0.0,0.0,0
SRD5A1,0.5896467031928962,0.4657761947165333,0.0,0.0,0.45266745808412095,0.0,0.7306716017888366,0.0,0.0,0.0,0.0,0.0,0.0,0.0,0
ZNF614,0.7194407708293973,0.37347611328020947,0.05025998385721181,0.0,0.06564915999500168,0.0,0.0,0.0,1.0,0.0,0.0,0.0,0.0,0.0,0
NUTM2D,0.5505384470054789,0.23067485596425935,0.0,0.0,0.0,0.0,0.8795380471489651,0.0,1.0,0.0,0.0,0.0,0.0,0.0,0
ERCC1,0.9351974305686757,0.35231636870105265,0.06513301864107596,0.1364193803705043,0.31645590954012776,0.8452781694026013,0.8287685639147238,0.0,0.0,0.0,0.0,0.0,0.0,0.0,0
LRRC8A,0.49707160400529,0.2733170460686043,0.959205614365308,0.832398676231153,0.8624251238064271,0.0,0.7073205192716008,0.0,0.0,0.0,0.0,0.0,0.0,0.0,0
TTC29,0.5701870394861137,0.24435768051084167,0.08961920380175976,0.0,0.06925784054256895,0.0,0.0,0.0,0.0,1.0,0.0,0.0,0.0,0.0,0
POLR1A,0.750047232193463,0.33684346720856073,0.0,0.0,0.0,0.9439150389559461,0.0,0.0,0.0,0.0,1.0,0.0,0.0,0.0,0
ANP32E,0.9351974305686757,0.9131432137665444,0.06765183222425433,0.0,0.0,0.0,0.0,0.0,0.0,0.0,0.0,0.0,0.0,0.0,0
DPH7,0.5962592102777253,0.2884078818183894,0.07449712551070062,0.0,0.0,0.9237291704140179,0.9189329040311515,0.0,0.0,0.0,0.0,0.0,0.0,0.0,0
RELL1,0.02947288872095219,0.20696090295377917,0.03663632664138663,0.4362504341542853,0.8856599819552874,0.41078040100460345,0.0,0.0,0.0,0.0,0.0,0.0,0.0,0.0,0
RND2,0.7326657849990553,0.2547510864518879,0.0,0.0,0.0,0.0,0.7610636102892996,0.0,0.0,0.0,0.0,0.0,0.0,0.0,0
SOS1,0.681088229737389,0.3311170475907787,0.03644827220226647,0.03848887250365809,0.0,0.946111190223731,0.0,0.0,0.0,0.0,0.0,0.0,0.0,0.0,0
CNOT3,0.9351974305686757,0.3780091482673852,0.04539412810040779,0.0,0.9068651607319844,0.0,0.9598121548777131,0.0,0.0,0.0,0.0,1.0,0.0,0.0,0
ATL3,0.9351974305686757,0.2825825208728147,0.05040466895431069,0.16704510707744896,0.9154728998935661,0.0,0.0,0.0,1.0,0.0,0.0,0.0,0.0,0.0,0
MED13L,0.48573587757415454,0.30018342199998477,0.04717026152922964,0.04506095692552399,0.0,0.0,0.0,0.0,0.0,0.0,0.0,1.0,0.0,0.0,0
RAB3D,0.8242962403174003,0.3217800305957029,0.022027268553895737,0.08955670009133514,0.2198642704875609,0.8269246307464398,0.0,0.0,0.0,0.0,0.0,0.0,0.0,0.0,0
CCDC12,0.4332136784432269,0.19482156312076163,0.0264374856633165,0.0,0.11781590036361868,0.0,0.0,0.0,0.0,0.0,0.0,0.0,0.0,0.0,0
CD58,0.9351974305686757,0.2878035786317175,0.06375222599036097,0.2004245362463148,0.47918314130385475,0.9508268866998076,0.0,0.0,0.0,0.0,0.0,0.0,0.0,0.0,0
CDCA7L,0.9351974305686757,0.44026150954022736,0.054939477356464185,0.02680215769475358,0.09380604596953004,0.7985307111290233,0.0,0.0,0.0,1.0,0.0,0.0,0.0,0.0,0
PTPDC1,0.49499338749291516,0.25999802117344417,0.05405159768668007,0.07833266976197881,0.0,0.0,0.0,0.0,0.0,0.0,0.0,1.0,0.0,0.0,0
CDC73,0.933308142830153,0.874414533719966,0.04551076008440384,0.0,0.059294223640003765,0.0,0.0,0.0,0.0,0.0,0.0,0.0,0.0,0.0,0
TCF4,0.7857547704515397,0.23479538172325332,0.1058053387038726,0.0,0.0,0.0,0.0,0.0,0.0,0.0,0.0,1.0,0.0,0.0,0
RPS8,0.4615529945210655,0.26171351157994077,0.0,0.0,0.0,0.0,0.6826448132207984,0.0,1.0,0.0,0.0,0.0,0.0,0.0,0
ICE1,0.5896467031928962,0.46858156190302247,0.0,0.0,0.0,0.0,0.8564972265261459,0.0,0.0,1.0,0.0,0.0,0.0,0.0,0
MOB1A,0.4823351596448139,0.33707788204671557,0.030281560686418133,0.0,0.04520206923612021,0.0,0.0,0.0,0.0,0.0,0.0,0.0,0.0,0.0,0
PLRG1,0.5118080483657661,0.229441894802536,0.03252048584912813,0.9085659313823754,0.07614422779063013,0.0,0.0,0.0,0.0,0.0,0.0,0.0,0.0,0.0,0
CMTR2,0.52635556395239,0.01689309008988421,0.0,0.0,0.0,0.9376164034353778,0.0,0.0,1.0,0.0,0.0,0.0,0.0,0.0,0
AP4M1,0.9351974305686757,0.4032026546719334,0.0,0.0,0.0,0.0,0.8633622092420222,0.0,0.0,0.0,0.0,0.0,0.0,0.0,0
RALGAPB,0.9351974305686757,0.529578129400035,0.04541840706939711,0.2506523117237745,0.05571509717086832,0.0,0.9620829895948575,0.0,0.0,0.0,1.0,1.0,0.0,0.0,0
SLC30A2,0.4502172680899301,0.14484553736557307,0.0,0.86459522664043,0.0,0.86113688919611,0.8514975722808554,0.0,0.0,0.0,0.0,1.0,0.0,0.0,0
RPS19,0.7570375968259966,0.34799948246074697,0.032491147738229614,0.08832954136794535,0.07319800567458078,0.0,0.0,0.0,0.0,0.0,0.0,0.0,0.0,0.0,0
PRKAR2A,0.05138862648781409,0.1864815702749807,0.0,0.936471890311022,0.0,0.0,0.0,0.0,0.0,0.0,0.0,0.0,0.0,0.0,0
PPP2R5D,0.9351974305686757,0.4103355633186443,0.06318352596803828,0.059518437035945,0.0,0.6594329453146899,0.0,0.0,0.0,0.0,0.0,1.0,0.0,0.0,0
SGPP1,0.5607406007935009,0.2478191048093096,0.0392314802729896,0.14123503374529436,0.038731039883990584,0.0,0.0,0.0,0.0,0.0,0.0,0.0,0.0,0.0,0
CCDC107,0.9351974305686757,0.3129270650196741,0.0,0.5106818368490409,0.0,0.0,0.0,0.0,0.0,0.0,0.0,0.0,0.0,0.0,0
ZNF234,0.9351974305686757,0.34075241074350604,0.047318872094539326,0.31426793148295296,0.08185722129760453,0.0,0.0,0.0,0.0,0.0,0.0,0.0,0.0,0.0,0
PLEKHA3,0.45909692046098616,0.2728801820520431,0.027978858356918088,0.0,0.0,0.0,0.0,0.0,0.0,0.0,0.0,1.0,0.0,0.0,0
MIER1,0.6176081617230305,0.2566096612401153,0.025296654732697665,0.059907994778320574,0.048096737578101095,0.0,0.0,0.0,0.0,0.0,0.0,0.0,0.0,0.0,0
PDCD10,0.9351974305686757,0.45944394973780545,0.0,0.0,0.0,0.517505332252641,0.0,0.0,0.0,0.0,0.0,0.0,0.0,0.0,0
COPS5,0.9351974305686757,0.7641421406336812,0.0,0.0,0.0,0.7250264887338932,0.0,0.0,0.0,0.0,0.0,0.0,0.0,0.0,0
PSMD12,0.9351974305686757,0.5904285681667698,0.03835384966601449,0.04505953241266543,0.08906161012224893,0.0,0.0,0.0,0.0,0.0,0.0,0.0,0.0,0.0,0
RAB22A,0.9351974305686757,0.6467277058550435,0.0,0.0,0.7100268957265957,0.0,0.7737263873528444,0.0,0.0,0.0,0.0,0.0,0.0,0.0,0
NDFIP1,0.6606839221613452,0.3068703335844921,0.036512518683603924,0.15555485635857624,0.0703154280243935,0.0,0.0,0.0,0.0,0.0,0.0,1.0,0.0,0.0,0
SAE1,0.5273002078216512,0.312540432754146,0.02898133523832535,0.0,0.0,0.9031244189282639,0.0,0.0,0.0,1.0,0.0,0.0,0.0,0.0,0
HSDL2,0.557906669185717,0.2765729768401184,0.03932891424341587,0.0,0.056712202637836634,0.0,0.0,0.0,1.0,0.0,0.0,0.0,0.0,0.0,0
SLC38A2,0.8021915737766862,0.34708922224505484,0.0,0.0,0.7512363727214263,0.0,0.0,0.0,0.0,0.0,0.0,0.0,0.0,0.0,0
UBR4,0.4502172680899301,0.14014049668546552,0.0,0.0,0.0,0.8156518672292437,0.0,0.0,0.0,0.0,1.0,0.0,0.0,0.0,0
MFN1,0.9351974305686757,0.48711403368571693,0.027479835355710493,0.025958187027802983,0.0,0.0,0.0,0.0,0.0,0.0,0.0,0.0,0.0,0.0,0
STK25,0.04515397695068957,0.2242056153008958,0.045139647547641985,0.6537718680926463,0.2477720565108275,0.0,0.0,0.0,0.0,0.0,1.0,0.0,0.0,0.0,0
TPRG1L,0.4515397695068959,0.1631953482354195,0.0,0.0,0.0,0.0,0.9390319589788586,0.0,0.0,0.0,0.0,0.0,0.0,0.0,0
PRKAA1,0.6007935008501795,0.4400590603618211,0.03365770854951333,0.37457539863104106,0.0,0.0,0.0,0.0,0.0,0.0,1.0,0.0,0.0,0.0,0
TLR5,0.7362554317022483,0.8945742098012803,0.0,0.8178648647871306,0.0,0.0,0.0,0.0,0.0,0.0,0.0,1.0,0.0,0.0,0
FRMD5,0.03400717929340635,0.17871695930467085,0.06189775619269033,0.4035862121914654,0.09739273243564033,0.7403471837316228,0.0,0.0,0.0,0.0,1.0,0.0,0.0,0.0,0
C1orf131,0.9351974305686757,0.8927476006728011,0.0,0.0,0.0,0.9460843001981524,0.0,0.0,0.0,0.0,0.0,0.0,0.0,0.0,0
ACBD3,0.7320989986774986,0.8918342961085615,0.0311813675658464,0.1818705249037247,0.0,0.0,0.0,0.0,0.0,0.0,0.0,0.0,0.0,0.0,0
MRPL35,0.750047232193463,0.33534564772320785,0.0,0.0,0.0,0.0,0.2822721766241535,0.0,0.0,1.0,0.0,0.0,0.0,0.0,0
CCDC88A,0.4823351596448139,0.3441970911249629,0.05252261553209676,0.3007378507558431,0.05737552805957606,0.9232375209832354,0.0,0.0,0.0,0.0,0.0,0.0,0.0,0.0,0
PRF1,0.6083506518042698,0.2825733878271723,0.8019737089626218,0.8433097674554428,0.5281492141836779,0.9659181742847593,0.6731931362436696,0.0,0.0,0.0,0.0,0.0,0.0,0.0,0
ZNF134,0.9351974305686757,0.3733147628071938,0.0435928067550856,0.07630974206890256,0.1709559566743903,0.0,0.8455795102242051,0.0,0.0,0.0,0.0,0.0,0.0,0.0,0
AKT1,0.7640279614585301,0.2846907322419343,0.53062357065362,0.7930435625151006,0.6456552609436694,0.7630377242502956,0.8204802703596484,0.0,0.0,0.0,0.0,0.0,0.0,0.0,0
FIG4,0.9351974305686757,0.25310257171343536,0.0,0.0,0.0,0.0,0.9027168177665482,0.0,0.0,0.0,0.0,0.0,0.0,0.0,0
GTF2I,0.6410353296807103,0.40838261372544543,0.03029900467953233,0.0,0.15785163210911388,0.0,0.37868181880051954,0.0,0.0,0.0,0.0,0.0,0.0,0.0,0
PRPF19,0.9351974305686757,0.31717697559193553,0.0,0.0,0.0,0.9362166364647844,0.0,0.0,0.0,0.0,0.0,0.0,0.0,0.0,0
MCM9,0.9351974305686757,0.25316802520720594,0.0,0.0,0.0,0.9396558297424645,0.0,0.0,0.0,0.0,0.0,0.0,0.0,0.0,0
FRY,0.5701870394861137,0.16142505955506853,0.0,0.0,0.0,0.5716428966104586,0.8298632888882427,0.0,0.0,1.0,0.0,0.0,0.0,0.0,0
ZNF550,0.9351974305686757,0.3700268663759314,0.04219794440635575,0.681275756044136,0.0,0.0,0.0,0.0,0.0,0.0,0.0,1.0,0.0,0.0,0
ZBTB39,0.44322690345739657,0.31959571051289665,0.02485396277273607,0.5789757054667176,0.41794281089517565,0.9020266010955192,0.0,0.0,0.0,0.0,0.0,0.0,0.0,0.0,0
ELMO2,0.9351974305686757,0.548756003074792,0.025401591608181843,0.0,0.03675749794813201,0.38628169097381365,0.0,0.0,0.0,0.0,1.0,0.0,0.0,0.0,0
OXR1,0.9351974305686757,0.9169973590276352,0.0,0.0,0.0,0.0,0.9461695286357943,0.0,0.0,0.0,0.0,0.0,0.0,0.0,0
FAM220A,0.689212167013036,0.4196482255253403,0.0,0.0,0.7827069666812542,0.0,0.0,0.0,0.0,0.0,0.0,0.0,0.0,0.0,0
SLC38A10,0.8883430946533156,0.46495422060871766,0.5317674025827253,0.8550956505674276,0.7047695266815993,0.7085739766387217,0.9797399322686732,0.0,0.0,0.0,1.0,0.0,0.0,0.0,0
CLASP2,0.5248441337615719,0.26916303247558815,0.023430739526472046,0.32624399243283664,0.0,0.0,0.0,0.0,0.0,0.0,1.0,1.0,0.0,0.0,0
TOM1L2,0.8025694313243907,0.08714599934546469,0.0,0.21318932531556753,0.0,0.9181645452300733,0.8976133373936817,0.0,0.0,0.0,0.0,0.0,0.0,0.0,0
SIK3,0.018326091063668976,0.0510887351492868,0.0,0.17292286480033917,0.0,0.0,0.0,0.0,0.0,0.0,1.0,0.0,0.0,0.0,0
STYX,0.9351974305686757,0.3148373937332085,0.044276013048796074,0.058085889653556794,0.0,0.0,0.0,0.0,0.0,0.0,0.0,0.0,0.0,0.0,0
CACNA1S,0.7169846967693179,0.9068581561903029,0.0,0.8258578752220063,0.0,0.6780529808231099,0.0,0.0,0.0,0.0,0.0,0.0,0.0,0.0,0
RAP1A,0.8522576988475344,0.2530279851740226,0.021838236920301925,0.0,0.031341636774858246,0.6041936065420894,0.0,0.0,0.0,0.0,0.0,0.0,0.0,0.0,0
ALG12,0.5254109200831287,0.13635941578951355,0.0,0.0,0.0,0.8819298999212447,0.0,0.0,0.0,0.0,0.0,0.0,0.0,0.0,0
USP47,0.5497827319100699,0.2724387515126606,0.06203353928831286,0.42196864794783956,0.0653646982738282,0.0,0.0,0.0,0.0,0.0,0.0,0.0,0.0,0.0,0
IFT57,0.7836765539391649,0.37121872883226403,0.038240903002017275,0.06692329550417916,0.07500509921520142,0.9180028545790121,0.0,0.0,0.0,0.0,0.0,0.0,0.0,0.0,0
SLC4A3,0.5184205554505952,0.2508436650912163,0.0,0.0,0.4382439332869116,0.0,0.8938382183543852,0.0,0.0,0.0,0.0,0.0,0.0,0.0,0
USP3,0.9351974305686757,0.25105524731526513,0.042835729273915955,0.0,0.05079889907992736,0.0,0.7514418498658777,0.0,0.0,0.0,0.0,0.0,0.0,0.0,0
SPATA20,0.9351974305686757,0.5338554391092236,0.05054606068509097,0.10880414284542128,0.8478573915823607,0.7511423032199731,0.6988688002145614,0.0,0.0,0.0,0.0,0.0,0.0,0.0,0
CAMKMT,0.4823351596448139,0.3343653674909241,0.0,0.0,0.7439793503130058,0.0,0.9367447616499253,0.0,0.0,0.0,0.0,0.0,0.0,0.0,0
PPME1,0.9351974305686757,0.3679414876209178,0.0,0.0,0.0,0.0,0.9052404917496002,0.0,0.0,0.0,0.0,0.0,0.0,0.0,0
SGMS1,0.7698847534479502,0.28595565906340614,0.060831981881231345,0.0,0.0555843558787218,0.9086394642388826,0.8258422149209075,0.0,0.0,0.0,0.0,0.0,0.0,0.0,0
IRX5,0.9351974305686757,0.0915618269135633,0.07572425884182626,0.0,0.0,0.0,0.0,0.0,0.0,0.0,0.0,0.0,0.0,0.0,0
IDH2,0.9351974305686757,0.32227017071184483,0.0,0.0,0.0,0.09180358330214476,0.0,0.0,0.0,0.0,0.0,0.0,0.0,0.0,0
SRSF10,0.6149631588890988,0.15300895799560096,0.04255816016699545,0.0,0.4285866509728033,0.6475524365563,0.0,0.0,1.0,0.0,0.0,0.0,0.0,0.0,0
SLC7A6,0.5308898545248442,0.018629890936213256,0.04352515241137962,0.9309305073582528,0.08134062421513243,0.0,0.0,0.0,0.0,0.0,0.0,0.0,0.0,0.0,0
RTN3,0.9351974305686757,0.2774116948649451,0.034246731720253255,0.36306496597484755,0.03690257675966748,0.9283729467431647,0.9253349220442306,0.0,0.0,0.0,0.0,0.0,0.0,0.0,0
CYCS,0.9351974305686757,0.4417821616396862,0.03731500595925059,0.3179085490332075,0.037882520585215615,0.0,0.0,0.0,0.0,0.0,0.0,0.0,0.0,0.0,0
NAA20,0.7995465709427546,0.45662792733140034,0.038877839232113534,0.0,0.7036338641837228,0.0,0.0,0.0,0.0,0.0,0.0,0.0,0.0,0.0,0
WDR74,0.5119969771396183,0.28632250306337576,0.04694208401886876,0.08062348874034617,0.0,0.0,0.9202452549716545,0.0,0.0,0.0,1.0,0.0,0.0,0.0,0
ACSS1,0.768373323257132,0.454512105090912,0.06753016678508783,0.9450840006448216,0.3027048356499252,0.0,0.0,0.0,0.0,0.0,0.0,0.0,0.0,0.0,0
FAM81A,0.6446249763839034,0.21922049455442152,0.03813705297984455,0.2608455522919611,0.8118640782610823,0.861940390622715,0.9105020228686408,0.0,0.0,0.0,0.0,0.0,0.0,0.0,0
ERICH1,0.5618741734366144,0.07469765813487994,0.5445129037768917,0.8395171089033869,0.8950154454405698,0.9086586592427981,0.9092181228064774,0.0,0.0,0.0,0.0,0.0,0.0,0.0,0
INTS4,0.9351974305686757,0.4990448356432329,0.025701655806204347,0.046874775599340675,0.0,0.0,0.0,0.0,0.0,1.0,1.0,0.0,0.0,0.0,0
PPP1R3C,0.9351974305686757,0.2317647327442519,0.10515910480868679,0.3591071483309188,0.2409924777809016,0.9137039802873093,0.0,0.0,0.0,0.0,0.0,0.0,0.0,0.0,0
GLG1,0.52635556395239,0.0164136051936582,0.03221013583516015,0.0,0.05249112106746924,0.0,0.0,0.0,0.0,0.0,0.0,0.0,0.0,0.0,0
PRR12,0.7961458530134139,0.36161989786210624,0.7673588354315091,0.8623503566878382,0.930120072987759,0.0,0.0,1.0,0.0,0.0,0.0,0.0,0.0,0.0,0
NANP,0.768373323257132,0.44988317312449116,0.0,0.9560944945110893,0.0,0.0,0.0,0.0,0.0,0.0,0.0,0.0,0.0,0.0,0
SPESP1,0.9351974305686757,0.25610886590405735,0.0,0.0,0.0,0.0,0.9063559497053758,0.0,0.0,0.0,0.0,0.0,0.0,0.0,0
PDLIM1,0.0,0.21702399707742537,0.056230431338741914,0.38957483341797666,0.9146433575934876,0.8035488579558051,0.0,0.0,0.0,0.0,0.0,0.0,0.0,0.0,0
EFCAB12,0.9351974305686757,0.3697772297950393,0.05823360450177775,0.0,0.39069812477668525,0.0,0.0,0.0,0.0,0.0,0.0,0.0,0.0,0.0,0
NAB2,0.6569053466843,0.32430836206437275,0.0,0.0,0.1415019008910997,0.0,0.6716675670865917,0.0,0.0,0.0,0.0,0.0,0.0,0.0,0
DHCR7,0.9351974305686757,0.49660479028243965,0.8605947527348751,0.7609693865398384,0.0,0.8729927649403829,0.941243601114948,0.0,0.0,0.0,0.0,0.0,0.0,0.0,0
FLNB,0.0,0.18773888622508372,0.21719838222619764,0.9726405865029544,0.5863721761640175,0.7613798564956825,0.9609599932965389,0.0,0.0,0.0,0.0,0.0,0.0,0.0,0
TMEM70,0.9351974305686757,0.7744426939440301,0.039253302302573505,0.08430633842314786,0.029517500550509133,0.0,0.9607252845045725,0.0,0.0,0.0,1.0,0.0,0.0,0.0,0
ILF2,0.85187984129983,0.8862737934866166,0.0535163916635129,0.05588474863741789,0.06096878000824407,0.0,0.0,0.0,0.0,0.0,0.0,0.0,0.0,0.0,0
YIPF1,0.6378235405252219,0.2733048686744145,0.03125213046505368,0.0,0.0,0.8941117920168111,0.0,0.0,0.0,0.0,0.0,0.0,0.0,0.0,0
ERC2,0.03721896844889472,0.18118897032521233,0.05287110943676111,0.2874027730757277,0.927416941110034,0.7225111241577676,0.0,0.0,0.0,0.0,0.0,0.0,0.0,0.0,0
MATN1,0.4502172680899301,0.17912033548721001,0.0,0.939292762503866,0.0,0.9193513147972382,0.0,0.0,0.0,0.0,0.0,0.0,0.0,0.0,0
PLD3,0.9351974305686757,0.3964639891621191,0.7026559096763838,0.6962940172742191,0.0,0.9561035726517081,0.978100544707494,0.0,0.0,0.0,0.0,0.0,0.0,0.0,0
CHMP2A,0.9351974305686757,0.36018600969625014,0.03612203717154795,0.3947557410087007,0.02965160481824605,0.8889377879421393,0.0,0.0,0.0,0.0,0.0,0.0,0.0,0.0,0
TEX30,0.5682977517475911,0.20951206703655506,0.12934858461012627,0.0,0.0,0.0,0.0,0.0,0.0,0.0,0.0,0.0,0.0,0.0,0
TCF3,0.0,0.1896857471211878,0.8788240699414158,0.7259408214995965,0.8591976192137151,0.913948125976046,0.700089861545088,0.0,0.0,0.0,0.0,0.0,0.0,0.0,0
PHRF1,0.010768940109578656,0.2303932537236189,0.4045088389267395,0.8787777523587468,0.9193309551190426,0.8504104948923912,0.9513212679564979,0.0,0.0,0.0,0.0,0.0,0.0,0.0,0
SEC22C,0.019648592480634774,0.2108120038663226,0.0,0.0,0.0,0.9037647103327234,0.0,0.0,0.0,0.0,0.0,0.0,0.0,0.0,0
TRMT61B,0.5813338371433969,0.3320029530180911,0.038954530624895956,0.05626413034696361,0.046545564634453786,0.0,0.0,0.0,0.0,0.0,0.0,0.0,0.0,0.0,0
IREB2,0.9351974305686757,0.28575929858209465,0.03357872505352955,0.11208186185928662,0.03766638731059188,0.0,0.89601002355284,0.0,0.0,0.0,0.0,0.0,0.0,0.0,0
ZNF793,0.9351974305686757,0.41737561933465767,0.0,0.0,0.0,0.9802415357940163,0.0,0.0,0.0,0.0,0.0,0.0,0.0,0.0,0
MCU,0.8088040808615152,0.30181062629860494,0.043675579690023655,0.12576852855429066,0.03998973129086927,0.0,0.5336958232792076,0.0,0.0,0.0,0.0,1.0,0.0,0.0,0
CTDP1,0.5273002078216512,0.21864054615612927,0.9305427398883124,0.9223060413066191,0.8672054709790483,0.7919461981814162,0.9253683504171847,0.0,0.0,0.0,0.0,0.0,0.0,0.0,0
PSMG3,0.689212167013036,0.4334513018395477,0.0,0.7080366961860557,0.0,0.6171420733321209,0.0,0.0,0.0,0.0,0.0,0.0,0.0,0.0,0
GLI1,0.6434914037407897,0.32786720551635956,0.0,0.0,0.0,0.3225535414035456,0.0,0.0,0.0,0.0,0.0,0.0,0.0,0.0,0
ECHS1,0.6980918193840921,0.23820352992214083,0.03953349298998398,0.0,0.0,0.0,0.0,0.0,0.0,0.0,0.0,0.0,0.0,0.0,0
PRDM15,0.6251653126771207,0.35401054866771703,0.6683543703362222,0.8600267603422246,0.6712604743860199,0.945047211478033,0.9147369866908621,0.0,0.0,0.0,0.0,0.0,0.0,0.0,0
ATIC,0.5221991309276404,0.26013045033525883,0.0,0.0,0.17807244743022724,0.0,0.0,0.0,0.0,0.0,0.0,0.0,0.0,0.0,0
VIPAS39,0.7746079727942565,0.23685031699279252,0.0,0.0,0.0,0.8480242702288264,0.0,0.0,0.0,0.0,0.0,0.0,0.0,0.0,0
DIAPH1,0.6606839221613452,0.3115205759907452,0.0,0.0,0.9084260847207815,0.0,0.88900311721296,0.0,0.0,1.0,0.0,0.0,0.0,0.0,0
FCHSD2,0.9351974305686757,0.3961230221248031,0.0336333241696042,0.02848771817276026,0.0,0.946123675145963,0.0,0.0,0.0,0.0,0.0,0.0,0.0,0.0,0
HMCES,0.9351974305686757,0.3721229003508612,0.0,0.0,0.0,0.0,0.8779356478487584,0.0,0.0,0.0,0.0,0.0,0.0,0.0,0
TNFAIP8,0.546948800302286,0.2790312882921966,0.08540342914711392,0.3453314263031057,0.3231027549489097,0.8475830257880835,0.9052135146507708,0.0,0.0,0.0,1.0,0.0,0.0,0.0,0
FAM3C,0.6266767428679387,0.39090805306299514,0.04600975669043642,0.07501567638324923,0.10224797572897462,0.9187160871835319,0.0,0.0,0.0,0.0,0.0,1.0,0.0,0.0,0
ZC3H7A,0.7664840355186094,0.6308255512173593,0.0,0.7811086491470206,0.0,0.3860973599727384,0.0,0.0,0.0,0.0,1.0,0.0,0.0,0.0,0
SLC25A44,0.774230115246552,0.8766977951305649,0.09129086812016768,0.04083042306967864,0.5011675863221321,0.8644854081724381,0.9022266324319437,0.0,0.0,0.0,0.0,1.0,0.0,0.0,0
LEKR1,0.931796712639335,0.44543233554809686,0.015147181001241393,0.253535973643726,0.0,0.0,0.9178426803953414,0.0,1.0,0.0,0.0,0.0,0.0,0.0,0
UPF3A,0.6064613640657472,0.22026166175765466,0.041336899022504016,0.21218910769634783,0.04069248853560372,0.0,0.8981722689725564,0.0,0.0,0.0,0.0,0.0,0.0,0.0,0
BSN,0.05138862648781409,0.18044614927963096,0.0,0.0,0.8151974826690622,0.8068392517049594,0.6246899397817752,0.0,0.0,0.0,0.0,1.0,0.0,0.0,0
PREPL,0.4823351596448139,0.3314427928853575,0.0,0.0,0.0,0.9193615347974026,0.0,0.0,0.0,0.0,0.0,0.0,0.0,0.0,0
GFPT1,0.5682977517475911,0.3373792725529146,0.020933747196597335,0.0370473227998931,0.855535803685003,0.0,0.0,0.0,0.0,0.0,0.0,0.0,0.0,0.0,0
FAM219B,0.7736633289249952,0.2668645493222519,0.04701392804475178,0.8937947114482443,0.6843978805320308,0.8323287570765591,0.0,0.0,0.0,0.0,0.0,0.0,0.0,0.0,0
CAPN5,0.9351974305686757,0.46465739662533967,0.021834803531486653,0.1646643652252894,0.7793739627808333,0.7475281316736933,0.8652127028205502,0.0,0.0,0.0,0.0,0.0,0.0,0.0,0
POMP,0.8781409408652938,0.19169501716251494,0.01853725282474006,0.13322895730481735,0.017262253333771214,0.0,0.8921817715571042,0.0,0.0,0.0,0.0,0.0,0.0,0.0,0
ZACN,0.7415454373701115,0.4879375299678062,0.0,0.0,0.4093705582484906,0.0,0.0,0.0,0.0,0.0,0.0,0.0,0.0,0.0,0
PDZD8,0.5237105611184584,0.2144149903722477,0.04191225602424838,0.0,0.054108069990952204,0.0,0.0,0.0,0.0,0.0,0.0,0.0,0.0,0.0,0
SNAP23,0.8913659550349518,0.18449208849921234,0.0,0.0,0.0,0.0,0.13413153929809965,0.0,0.0,0.0,0.0,1.0,0.0,0.0,0
INPP5A,0.9351974305686757,0.2506062059045141,0.8670037665422449,0.8837559042574276,0.8798233604569693,0.8308624898980616,0.8672218526492799,0.0,0.0,1.0,0.0,0.0,0.0,0.0,0
CNOT4,0.8074815794445493,0.3958688190210898,0.0432874694236385,0.021848715216277233,0.07322264999214,0.0,0.0,0.0,0.0,0.0,0.0,0.0,0.0,0.0,0
ZBTB34,0.5367466465142641,0.29164706867289236,0.0,0.054386686699557665,0.30951559527262434,0.0,0.9261048695761633,0.0,1.0,0.0,0.0,1.0,0.0,0.0,0
INTS12,0.4490836954468166,0.2188475618573571,0.0,0.0,0.0,0.9512980320591866,0.0,0.0,0.0,0.0,0.0,0.0,0.0,0.0,0
ATP6V0D1,0.52635556395239,0.014069456812110248,0.0,0.689341340957552,0.0,0.0,0.0,0.0,0.0,0.0,0.0,0.0,0.0,0.0,0
RPL6,0.5104855469488003,0.29186169524548866,0.03457727352408052,0.6532846826909209,0.22271613678344587,0.7599943434396577,0.12011551875520836,0.0,0.0,0.0,0.0,0.0,0.0,0.0,0
TOPORS,0.8071037218968449,0.27325159257483383,0.0,0.8967293447776667,0.0,0.0,0.0,0.0,0.0,0.0,0.0,0.0,0.0,0.0,0
ZNF224,0.9351974305686757,0.34206604714173733,0.048840477960182996,0.04661556573003584,0.05898869027580935,0.0,0.8879838866547791,0.0,0.0,1.0,0.0,0.0,0.0,0.0,0
DIS3,0.5635745324012846,0.1561309374310264,0.0,0.0,0.0,0.9139524634322771,0.0,0.0,0.0,0.0,0.0,0.0,0.0,0.0,0
ZNF568,0.8549027016814661,0.40447519236477386,0.07180455212820748,0.0,0.09272596046388398,0.0,0.0,0.0,1.0,0.0,0.0,0.0,0.0,0.0,0
ODF2L,0.5365577177404118,0.22960781179837275,0.03164150358178788,0.1572274294547305,0.0499562347817675,0.0,0.0,0.0,0.0,0.0,0.0,0.0,0.0,0.0,0
CHFR,0.48573587757415454,0.29756223790061725,0.7092296420251989,0.802351470683842,0.7730117170927685,0.700954201643175,0.9564977498150078,0.0,0.0,0.0,0.0,1.0,0.0,0.0,0
NR5A1,0.9351974305686757,0.28849921227481334,0.5307380084123229,0.7170866233508851,0.9314760110241866,0.8572585084028259,0.8064753785570185,0.0,0.0,0.0,0.0,0.0,0.0,0.0,0
RFC5,0.48573587757415454,0.3107670997252475,0.0263631205890831,0.109618513171659,0.0,0.6971351080197361,0.9041491636650755,0.0,0.0,0.0,0.0,0.0,0.0,0.0,0
CRNKL1,0.7995465709427546,0.4567344795305617,0.0,0.0,0.0,0.9485598071104154,0.0,0.0,0.0,0.0,0.0,0.0,0.0,0.0,0
C1orf216,0.608539580578122,0.24119308019575159,0.04185074464656714,0.0728725183337427,0.9338737891298229,0.3756387548866024,0.0,0.0,0.0,0.0,0.0,0.0,0.0,0.0,0
MCM7,0.9351974305686757,0.4032026546719334,0.0,0.5428559417234239,0.0,0.8557176305187965,0.5655802772932957,0.0,0.0,0.0,0.0,1.0,0.0,0.0,0
SEMA3F,0.4385036841110901,0.1821448957691166,0.0,0.0,0.0,0.0,0.6131986693609764,0.0,0.0,1.0,0.0,0.0,0.0,0.0,0
P4HA2,0.6433024749669375,0.2899452778348593,0.051726441344296194,0.27617243831707994,0.18742897124956195,0.5785802983423176,0.0,0.0,0.0,0.0,0.0,0.0,0.0,0.0,0
CHCHD3,0.8074815794445493,0.3962493625895229,0.0,0.9537919689409633,0.0,0.9407377144256363,0.0,0.0,0.0,0.0,0.0,0.0,0.0,0.0,0
NPTN,0.9351974305686757,0.2768987221346972,0.035074422289682244,0.0,0.47040558796193777,0.0,0.0,0.0,1.0,0.0,0.0,0.0,0.0,0.0,0
REN,0.9351974305686757,0.9311809789102755,0.0,0.39425232596481485,0.0,0.5539585670041636,0.9914634787372962,0.0,0.0,0.0,0.0,0.0,0.0,0.0,0
UMPS,0.529378424334026,0.35348539854327926,0.036446386873922425,0.059231713410564074,0.03137924664183629,0.0,0.0,0.0,0.0,0.0,0.0,0.0,0.0,0.0,0
KCTD9,0.5618741734366144,0.06960446301497059,0.0,0.27872801021322435,0.0,0.8986821234852547,0.0,0.0,0.0,0.0,0.0,1.0,0.0,0.0,0
STX17,0.49499338749291516,0.25088780814515454,0.0,0.0,0.0,0.0,0.8709554099468386,0.0,0.0,0.0,0.0,0.0,0.0,0.0,0
SERPINE2,0.45172869828074813,0.24454795229505827,0.10897616263065013,0.870704665870399,0.4686162074786289,0.9012889055491642,0.0,0.0,0.0,0.0,0.0,0.0,0.0,0.0,0
ANK3,0.9351974305686757,0.3223691120396374,0.0,0.0,0.0,0.6348094851795958,0.0,0.0,0.0,0.0,1.0,1.0,0.0,0.0,0
MCC,0.546948800302286,0.27770547449977545,0.05243384596866601,0.12483395093649238,0.22806327325022419,0.8844421535952551,0.8930445517902665,0.0,0.0,1.0,0.0,0.0,0.0,0.0,0
TMEM38A,0.9351974305686757,0.3395681591585421,0.0,0.0,0.08751093758782552,0.0,0.0,0.0,0.0,0.0,0.0,0.0,0.0,0.0,0
YWHAB,0.9351974305686757,0.5353426033746606,0.0,0.0,0.0,0.6729214176506422,0.0,0.0,0.0,0.0,0.0,0.0,0.0,0.0,0
ACO2,0.5590402418288305,0.12316064266197832,0.0,0.0,0.20428107542284105,0.0,0.0,0.0,0.0,0.0,0.0,0.0,0.0,0.0,0
EP300,0.5590402418288305,0.12242695466203926,0.05221493355214867,0.0,0.03824373807912719,0.0,0.0,0.0,0.0,0.0,0.0,0.0,0.0,0.0,0
LMTK2,0.6393349707160401,0.3899171176107953,0.549428455916539,0.8651860413115617,0.7778497067006582,0.9132082104570595,0.8341602489514468,0.0,0.0,0.0,0.0,0.0,0.0,0.0,0
TDRD6,0.9351974305686757,0.39955095858924883,0.0,0.0,0.0,0.0,0.8269465173876392,0.0,0.0,0.0,0.0,1.0,0.0,0.0,0
RAD21L1,0.9351974305686757,0.41676522745089084,0.0796547408810539,0.6907723732292174,0.0,0.0,0.0,0.0,0.0,0.0,0.0,0.0,0.0,0.0,0
MTIF2,0.4823351596448139,0.34432495376395644,0.03260259145821302,0.054367372569852246,0.5907888053663537,0.0,0.0,0.0,0.0,0.0,0.0,0.0,0.0,0.0,0
RNASEH2C,0.9351974305686757,0.3090363875760136,0.08303102011994515,0.2263610115772148,0.0,0.0,0.0,0.0,0.0,0.0,0.0,0.0,0.0,0.0,0
POLR1E,0.8071037218968449,0.2870851123745157,0.042569932508755536,0.0,0.1918921101695736,0.0,0.822251431096471,0.0,0.0,0.0,0.0,0.0,0.0,0.0,0
AKR1D1,0.8341205365577177,0.40015982829874197,0.0,0.0,0.0,0.0,0.9492776696553845,1.0,0.0,0.0,0.0,0.0,0.0,0.0,0
TNK2,0.7035707538258077,0.4603785647418773,0.7660985670061984,0.7874922538714247,0.7618890933844179,0.6045850741101453,0.8477140287665079,0.0,0.0,0.0,1.0,1.0,0.0,0.0,0
NUP155,0.7007368222180238,0.4547206429664134,0.03240583661039801,0.03880826920145248,0.09027730398328,0.0,0.0,0.0,0.0,1.0,0.0,0.0,0.0,0.0,0
NRIP3,0.5006612507084829,0.2517584918297296,0.0,0.0,0.0,0.6859107765089918,0.0,0.0,0.0,0.0,0.0,0.0,0.0,0.0,0
BCL7A,0.48573587757415454,0.29558036699621737,0.03169080273686212,0.0,0.14878670161347868,0.0,0.0,0.0,0.0,0.0,0.0,1.0,0.0,0.0,0
KLHL8,0.5068959002456074,0.23654435996377218,0.03542649622329247,0.5083214590844836,0.0,0.0,0.0,0.0,0.0,0.0,0.0,0.0,0.0,0.0,0
CTNNA1,0.6013602871717363,0.3071336697338478,0.0,0.0,0.0,0.0,0.9417612602343338,0.0,0.0,1.0,0.0,1.0,0.0,0.0,0
TFAP2C,0.9351974305686757,0.6325912733748889,0.09594427764055885,0.0,0.0,0.0,0.8825806615368785,0.0,0.0,0.0,0.0,0.0,0.0,0.0,0
PHF21A,0.6442471188361987,0.3273587993089329,0.03320689786832318,0.03565017718370209,0.0,0.0,0.0,0.0,0.0,0.0,1.0,0.0,0.0,0.0,0
TICAM1,0.8261855280559229,0.2676469468989504,0.0561300253515749,0.5518026963527441,0.05735619455431611,0.7980140661039218,0.0,0.0,0.0,0.0,0.0,0.0,0.0,0.0,0
RPS18,0.6425467598715284,0.3857372270551255,0.0,0.8314486138288749,0.5758491884595588,0.0,0.0,0.0,0.0,0.0,0.0,0.0,0.0,0.0,0
HEY1,0.9351974305686757,0.8308453394829178,0.044305928951592265,0.07832406912317971,0.0,0.0,0.0,0.0,0.0,0.0,0.0,0.0,0.0,0.0,0
MTOR,0.4502172680899301,0.143837857996362,0.038478672195875724,0.04897927788743614,0.6024966917610248,0.8834355647294777,0.0,0.0,0.0,0.0,0.0,0.0,0.0,0.0,0
EPS8,0.9351974305686757,0.36179799225213294,0.052761391642816347,0.052023225177355574,0.08721415307094901,0.9145263681558292,0.0,0.0,0.0,0.0,0.0,0.0,0.0,0.0,0
PXYLP1,0.6196863782354053,0.40585580443104935,0.033615685632592304,0.0,0.9396585293756229,0.0,0.8143787104969294,0.0,0.0,0.0,0.0,0.0,0.0,0.0,0
SORT1,0.6941243151331947,0.25951244758012343,0.035404049906767654,0.11451803848187934,0.2639031743806165,0.9020346946187298,0.0,0.0,0.0,0.0,0.0,0.0,0.0,0.0,0
GDF11,0.44322690345739657,0.3174661887039447,0.07509823479267089,0.8114504698263728,0.0,0.0,0.6209284361699282,0.0,0.0,0.0,0.0,0.0,0.0,0.0,0
DDX55,0.48573587757415454,0.30353068322792276,0.022386466104662547,0.01804782896674621,0.0,0.0,0.0,0.0,0.0,0.0,1.0,0.0,0.0,0.0,0
ARL14EP,0.6937464575854903,0.33362559079389,0.0,0.0,0.0,0.0,0.8716238925898188,0.0,0.0,0.0,0.0,0.0,0.0,0.0,0
CHD9,0.9351974305686757,0.09586653575967902,0.0334903738014753,0.04180451178461584,0.056860638188879334,0.0,0.0,0.0,0.0,0.0,0.0,0.0,0.0,0.0,0
AKAP7,0.9161156244095976,0.2530371182196649,0.03946273881144113,0.0,0.28990187330240996,0.0,0.0,0.0,0.0,0.0,0.0,0.0,0.0,0.0,0
SFXN4,0.035707538258076654,0.2125883812437686,0.029621198726421043,0.07473273493386508,0.0,0.8506215375504186,0.0,0.0,0.0,0.0,0.0,0.0,0.0,0.0,0
TUBGCP2,0.6980918193840921,0.23790670593876295,0.9438318497826139,0.9019494790818482,0.8357917545339758,0.9379243079362936,0.7497304254680276,0.0,1.0,0.0,0.0,0.0,0.0,0.0,0
GZMM,0.47402229359531456,0.20688479424009254,0.0,0.8632695708187541,0.31583401417639045,0.4281111187765637,0.4773534096412929,0.0,0.0,0.0,0.0,0.0,0.0,0.0,0
LRRC42,0.6378235405252219,0.271822270931799,0.0,0.0,0.0,0.0,0.90880369806822,0.0,0.0,0.0,0.0,0.0,0.0,0.0,0
AP3B1,0.5505384470054789,0.25345723831921513,0.04113929075669858,0.0,0.07027094636511268,0.0,0.0,0.0,0.0,0.0,0.0,0.0,0.0,0.0,0
CCNL2,0.0253164556962025,0.15959540607804193,0.9544216565581871,0.9492823755528886,0.8061759574238566,0.0,0.9031719815692754,0.0,0.0,0.0,0.0,0.0,0.0,0.0,0
TESK1,0.9351974305686757,0.3121431452687018,0.0,0.0,0.0,0.0,0.7146392705652527,0.0,0.0,0.0,1.0,0.0,0.0,0.0,0
DNAH17,0.9351974305686757,0.49419518840712107,0.8834579783031133,0.8003796168491265,0.8174538419692585,0.8872601303796455,0.6911380163810922,0.0,0.0,0.0,0.0,0.0,0.0,0.0,0
GDF9,0.6433024749669375,0.29342649039888574,0.0,0.9394673398256851,0.0,0.8925741729373171,0.0,0.0,0.0,0.0,0.0,0.0,0.0,0.0,0
CWC22,0.45909692046098616,0.27584537753727423,0.041469061590540916,0.0,0.050483870662355344,0.8318366141638343,0.0,0.0,0.0,1.0,0.0,0.0,0.0,0.0,0
MEIG1,0.8809748724730777,0.43126850393101523,0.030664793752879248,0.45252383363636767,0.039349125822938216,0.0,0.8219598631367241,0.0,0.0,0.0,0.0,0.0,0.0,0.0,0
RAD9A,0.9351974305686757,0.4981208758590773,0.021692779611521284,0.04875530183366833,0.7702429818144644,0.0,0.8469187978729829,0.0,0.0,0.0,0.0,0.0,0.0,0.0,0
IPP,0.4615529945210655,0.26129339148039055,0.022713113003418016,0.08462641231688993,0.03607168849261703,0.9414817749973723,0.0,0.0,0.0,0.0,0.0,0.0,0.0,0.0,0
NPC2,0.5614963158889099,0.22522547206429663,0.0,0.0,0.0,0.8445507760481618,0.0,0.0,0.0,0.0,0.0,1.0,0.0,0.0,0
NPLOC4,0.7232193463064425,0.4591105935718582,0.0,0.0,0.8624221098392305,0.8748157049987917,0.0,0.0,0.0,0.0,0.0,0.0,0.0,0.0,0
PTER,0.6816550160589457,0.41395833809012805,0.054770341378884556,0.11001151109342097,0.9565807809943095,0.0,0.0,0.0,0.0,0.0,0.0,0.0,0.0,0.0,0
HABP4,0.49499338749291516,0.2522699423857037,0.05915715297819095,0.0,0.0,0.0,0.0,0.0,0.0,0.0,0.0,1.0,0.0,0.0,0
FKBP3,0.5318344983941055,0.29044759534519105,0.079048509932132,0.07692936775956453,0.0,0.0,0.0,0.0,1.0,0.0,0.0,1.0,0.0,0.0,0
SYDE2,0.5267334215000945,0.23105235518414496,0.050733410020096806,0.0,0.05661608211840164,0.8287489235387167,0.0,0.0,0.0,0.0,0.0,0.0,0.0,0.0,0
SLC12A2,0.670130360853958,0.295878713153869,0.0,0.0,0.06520519555029747,0.0,0.0,0.0,0.0,0.0,0.0,0.0,0.0,0.0,0
KCTD21,0.9351974305686757,0.4651977684925148,0.0,0.0,0.0,0.8657785463811091,0.0,0.0,0.0,0.0,0.0,0.0,0.0,0.0,0
MRPL10,0.9351974305686757,0.3601236005510271,0.0,0.0,0.0,0.9392907132800026,0.0,0.0,0.0,0.0,0.0,0.0,0.0,0.0,0
POLR2L,0.47591158133383715,0.23353806577315045,0.0,0.6458633008370851,0.0,0.0,0.0,0.0,0.0,0.0,0.0,1.0,0.0,0.0,0
MLLT3,0.9351974305686757,0.2757479583837553,0.05948900573739663,0.0,0.05237969264701427,0.0,0.0,0.0,1.0,0.0,0.0,0.0,0.0,0.0,0
NDUFAB1,0.698658605705649,0.5980135625727794,0.04065712804724041,0.043785760898069605,0.03943770524515528,0.8740718345138169,0.0,0.0,0.0,0.0,0.0,1.0,0.0,0.0,0
ATP6V0A2,0.7116946911014548,0.3078201703313012,0.02921507448564763,0.8066416218722438,0.0,0.8681213725543673,0.0,0.0,0.0,0.0,0.0,0.0,0.0,0.0,0
KCNIP3,0.7007368222180238,0.3229901591433203,0.20201560467291588,0.0,0.6679964764131963,0.7692686934557859,0.5128036231066716,0.0,0.0,0.0,0.0,1.0,0.0,0.0,0
ICAM3,0.9351974305686757,0.333648423407996,0.0,0.0,0.0,0.0,0.6461899482705629,0.0,0.0,0.0,0.0,0.0,0.0,0.0,0
ARSA,0.5254109200831287,0.13635941578951355,0.024932663611999868,0.4414698390484096,0.0,0.8473888322571582,0.0,0.0,0.0,0.0,0.0,0.0,0.0,0.0,0
CDR2,0.698658605705649,0.5992952333112622,0.0,0.0,0.0,0.921193036539267,0.0,0.0,0.0,0.0,0.0,0.0,0.0,0.0,0
CARS2,0.9351974305686757,0.2372871810093538,0.5946049661870476,0.8464075657119517,0.9071189929878896,0.8650623313512759,0.6575715622554299,0.0,0.0,0.0,0.0,0.0,0.0,0.0,0
SLC29A2,0.9351974305686757,0.4092137208789035,0.048447250830553006,0.2759068975888334,0.0,0.7823392494820404,0.0,0.0,0.0,0.0,0.0,1.0,0.0,0.0,0
TMA16,0.5728320423200454,0.2260428796492911,0.04263640607918018,0.0,0.04050583914796463,0.0,0.0,0.0,0.0,0.0,0.0,0.0,0.0,0.0,0
CNPPD1,0.5184205554505952,0.254676499912475,0.0,0.0,0.0,0.7562676315743978,0.0,0.0,0.0,0.0,0.0,0.0,0.0,0.0,0
SRSF4,0.4502172680899301,0.16638278116461558,0.03279586747680258,0.04671003630733857,0.4602737753001645,0.0,0.0,0.0,0.0,0.0,0.0,0.0,0.0,0.0,0
MACROD2,0.7670508218401663,0.4469758202616618,0.0,0.0,0.0,0.0,0.8827452738513981,0.0,0.0,1.0,0.0,0.0,0.0,0.0,0
ASTE1,0.5237105611184584,0.37333302889847864,0.0,0.9574965313352748,0.0,0.0,0.0,0.0,0.0,0.0,0.0,0.0,0.0,0.0,0
ROM1,0.6523710561118459,0.28792383039934244,0.0,0.0,0.8541770661769281,0.0,0.0,0.0,0.0,0.0,0.0,0.0,0.0,0.0,0
TTC27,0.9351974305686757,0.34368868491753624,0.03204643885822753,0.19017639328917993,0.03436471240022068,0.0,0.9179365660851051,0.0,1.0,0.0,0.0,0.0,0.0,0.0,0
MBTD1,0.9351974305686757,0.5348981284867306,0.0,0.0,0.0,0.7512846676571158,0.0,0.0,0.0,0.0,1.0,0.0,0.0,0.0,0
RPL37A,0.5635745324012846,0.259133426185964,0.0,0.0,0.0,0.0,0.9253477659502926,0.0,1.0,0.0,0.0,0.0,0.0,0.0,0
TSC2,0.7370111467976572,0.6056381335099057,0.8812419374911482,0.8809493966512991,0.8535530933029315,0.8223175186949027,0.919859936145917,0.0,0.0,0.0,0.0,0.0,0.0,0.0,0
TTF2,0.9351974305686757,0.30641672565091976,0.0,0.0,0.6881210458704351,0.0,0.0,0.0,0.0,0.0,0.0,0.0,0.0,0.0,0
PMM1,0.5590402418288305,0.12420637638803261,0.033982708976680945,0.3227875618528206,0.10733243850581076,0.0,0.0,0.0,0.0,0.0,0.0,0.0,0.0,0.0,0
HAUS8,0.9351974305686757,0.34579537411238215,0.0,0.0,0.0,0.9325868831344377,0.0,0.0,1.0,0.0,0.0,0.0,0.0,0.0,0
SNTA1,0.6168524466276214,0.49237314580146296,0.05005551599027174,0.8135113357675241,0.1686999251038083,0.0,0.0,0.0,0.0,0.0,0.0,0.0,0.0,0.0,0
GTF2A1,0.49008123937275644,0.2319321719143625,0.0,0.043256418653032695,0.0,0.0,0.0,0.0,0.0,0.0,0.0,1.0,0.0,0.0,0
PARP3,0.03910825618741731,0.17618558348745336,0.0,0.0,0.0,0.0,0.9160419415881406,0.0,0.0,0.0,0.0,0.0,0.0,0.0,0
BACH1,0.6727753636878896,0.31869306116857316,0.02875143612563918,0.4849506187090841,0.06550081075103135,0.8768605017218988,0.0,0.0,0.0,0.0,0.0,1.0,0.0,0.0,0
DBF4B,0.541847723408275,0.24864564543994633,0.03379788421451685,0.04308208574521404,0.0,0.0,0.0,0.0,0.0,0.0,0.0,0.0,0.0,0.0,0
TXLNA,0.6924239561685244,0.2248038297904727,0.02961938467403861,0.1880475797915273,0.1352815709628573,0.7844706774923323,0.0,0.0,0.0,0.0,0.0,0.0,0.0,0.0,0
HSPB1,0.9351974305686757,0.3942309595025534,0.03697826929906391,0.23818341492039427,0.024021089562806096,0.0,0.0,0.0,0.0,0.0,0.0,1.0,0.0,0.0,0
PEX6,0.9351974305686757,0.40997937453859085,0.06081039175884902,0.17675330649882923,0.09430052261839286,0.0,0.889777999538162,0.0,0.0,0.0,0.0,0.0,0.0,0.0,0
MEF2A,0.9351974305686757,0.34126538347375396,0.05212872686295951,0.0,0.031971450227095084,0.0,0.0,0.0,1.0,0.0,0.0,0.0,0.0,0.0,0
TBXAS1,0.9351974305686757,0.4039393870204201,0.0,0.0,0.0,0.0,0.9205172832942601,0.0,0.0,0.0,1.0,0.0,0.0,0.0,0
MLLT10,0.6816550160589457,0.4030534815931078,0.07288889374163879,0.06550256355348263,0.5832669920174184,0.0,0.0,0.0,0.0,1.0,0.0,1.0,0.0,0.0,0
SRPK1,0.7398450784054411,0.37767122557861643,0.028109924174825267,0.04064750394591969,0.35039817095563436,0.633761686027747,0.0,0.0,0.0,0.0,0.0,0.0,0.0,0.0,0
USP21,0.9351974305686757,0.9162773705961599,0.0,0.0,0.0,0.9178086786223404,0.9533599008289118,0.0,0.0,0.0,0.0,0.0,0.0,0.0,0
PEX1,0.5671641791044777,0.4072014064890289,0.0,0.0,0.0,0.9317315762625382,0.0,0.0,0.0,0.0,0.0,0.0,0.0,0.0,0
ZDHHC6,0.7515586623842812,0.21493709614813797,0.0,0.8738069021252333,0.0,0.9483515109127797,0.0,0.0,0.0,0.0,0.0,0.0,0.0,0.0,0
URM1,0.6478367655393917,0.2805047529891697,0.03215123971052778,0.0,0.0,0.0,0.0,0.0,0.0,0.0,0.0,0.0,0.0,0.0,0
RILPL2,0.48573587757415454,0.29923510742744935,0.046003176327637854,0.0,0.04120441632332277,0.0,0.0,0.0,0.0,0.0,0.0,0.0,0.0,0.0,0
ZNF500,0.9285849234838466,0.6168261144218403,0.0371883337956074,0.4505486848470916,0.0,0.0,0.0,0.0,0.0,0.0,0.0,0.0,0.0,0.0,0
LENG9,0.7205743434725108,0.3685701455959693,0.04944247247484749,0.0,0.0,0.0,0.0,0.0,0.0,0.0,0.0,0.0,0.0,0.0,0
RAF1,0.5936142074437937,0.32939699066146083,0.025370376334135407,0.037127349607935727,0.14911442163204477,0.753637580269944,0.0,0.0,0.0,0.0,0.0,1.0,0.0,0.0,0
KCNAB2,0.0,0.15351279768020645,0.4660441362545243,0.5697022720205002,0.6921927230483026,0.5882377944967946,0.788622324725228,0.0,0.0,0.0,1.0,1.0,0.0,0.0,0
MTERF2,0.5127526922350274,0.30840468525241455,0.022887487248698622,0.05768261942567919,0.12603333467598193,0.8430898304927261,0.0,0.0,0.0,0.0,0.0,1.0,0.0,0.0,0
PGP,0.7370111467976572,0.6063809545554872,0.039251560915635204,0.0,0.04151427969035763,0.0,0.0,0.0,0.0,0.0,0.0,0.0,0.0,0.0,0
NOM1,0.6776875118080483,0.3815619030222771,0.44713167927679653,0.8933933221508085,0.8930290182910869,0.9509840823232283,0.9040978887623151,0.0,0.0,0.0,0.0,0.0,0.0,0.0,0
ESR1,0.9351974305686757,0.24926973689217669,0.05721268644599481,0.21101951265431224,0.2953200977450128,0.5503338203979202,0.0,0.0,0.0,0.0,0.0,1.0,0.0,0.0,0
PHC1,0.8717173625543171,0.3702780251310973,0.0,0.0,0.0,0.0,0.8462810071100421,0.0,0.0,0.0,0.0,1.0,0.0,0.0,0
ANKMY2,0.711127904779898,0.4263138266700154,0.0,0.7288734544852628,0.0,0.0,0.0,0.0,0.0,0.0,0.0,0.0,0.0,0.0,0
DIP2B,0.4568297751747591,0.32074038556674356,0.023440245389191636,0.18617081820859877,0.09839536001720475,0.0,0.0,0.0,0.0,0.0,0.0,0.0,0.0,0.0,0
TOP3B,0.6552049877196297,0.162195279737577,0.03775183883358972,0.0,0.0,0.8987255016984045,0.0,0.0,0.0,0.0,0.0,0.0,0.0,0.0,0
SBF1,0.5254109200831287,0.13635941578951355,0.603478023612265,0.8219349174576105,0.9315301686753505,0.7251570940773238,0.7673168579018965,0.0,0.0,0.0,0.0,0.0,0.0,0.0,0
UHRF1BP1L,0.6856225203098432,0.312563265368252,0.0,0.0,0.0,0.3640427750630353,0.0,0.0,0.0,0.0,0.0,0.0,0.0,0.0,0
BLVRB,0.9351974305686757,0.38741466310477896,0.0,0.0,0.0,0.0,0.956244413023876,0.0,0.0,0.0,0.0,0.0,0.0,0.0,0
SLC39A10,0.8596259210277726,0.29169121172683066,0.028673805826841627,0.38123038495640077,0.048028382742580984,0.0,0.7833899717092253,0.0,0.0,0.0,0.0,0.0,0.0,0.0,0
C11orf80,0.9351974305686757,0.4660319199945202,0.023355458882086972,0.34191084648605846,0.02108480474833074,0.954389811519982,0.8068106441864276,0.0,0.0,1.0,0.0,0.0,0.0,0.0,0
SRGAP1,0.9351974305686757,0.372841366608063,0.03335177355224998,0.7406063208384935,0.04217949435834597,0.0,0.7946418127193289,0.0,1.0,0.0,0.0,0.0,0.0,0.0,0
CDC42BPA,0.7320989986774986,0.8957006187638424,0.08139499864127832,0.0,0.29881392410508434,0.0,0.0,0.0,0.0,1.0,0.0,1.0,0.0,0.0,0
PDE4DIP,0.9351974305686757,0.8551331521945955,0.04433901212082015,0.1587349063586275,0.0,0.0,0.0,0.0,0.0,0.0,0.0,0.0,0.0,0.0,0
SLC5A6,0.4813905157755526,0.3224847972844411,0.0,0.4576971974435082,0.0,0.825414338447033,0.0,0.0,0.0,0.0,0.0,0.0,0.0,0.0,0
PAFAH1B1,0.4496504817683733,0.04524815246097508,0.052982525766861285,0.09017634688226436,0.1863276911059487,0.0,0.0,0.0,0.0,1.0,0.0,0.0,0.0,0.0,0
CRIP3,0.9351974305686757,0.40448889193323734,0.0,0.0,0.0,0.9219998229467772,0.0,0.0,0.0,0.0,0.0,0.0,0.0,0.0,0
ALDH5A1,0.82845267334215,0.40100311284638973,0.0,0.0,0.0,0.0,0.9299117251922536,0.0,0.0,0.0,0.0,0.0,0.0,0.0,0
SEC11A,0.9351974305686757,0.30138898402478104,0.04326743885991524,0.03672105625568455,0.025279791654062116,0.0,0.0,0.0,0.0,0.0,0.0,0.0,0.0,0.0,0
ATP9A,0.9351974305686757,0.6430318667184208,0.10086031790798106,0.0,0.6496957431276429,0.9211917587834458,0.0,0.0,0.0,0.0,0.0,0.0,0.0,0.0,0
SCUBE2,0.5006612507084829,0.2517584918297296,0.0,0.0,0.24653317096908212,0.8627263667507559,0.0,0.0,0.0,0.0,0.0,1.0,0.0,0.0,0
EXD3,0.5962592102777253,0.2926258267309024,0.6898872290203959,0.8068241720326216,0.795326210533043,0.8947517518638685,0.8148413840290429,0.0,0.0,0.0,0.0,0.0,0.0,0.0,0
ZNF14,0.6928018137162291,0.3335449155573822,0.031056487511719365,0.047326411265864746,0.03337671093314662,0.8692805920469596,0.0,0.0,0.0,0.0,0.0,0.0,0.0,0.0,0
SDHB,0.5172869828074815,0.14063368115015487,0.021816365032182095,0.0,0.4919376374911733,0.0,0.0,0.0,0.0,0.0,0.0,1.0,0.0,0.0,0
NFS1,0.9351974305686757,0.5434664474735712,0.0,0.0,0.0,0.8569702391181281,0.0,0.0,0.0,0.0,0.0,0.0,0.0,0.0,0
WDR59,0.52635556395239,0.019363578936151926,0.05068956429299303,0.0,0.4958288109593981,0.0,0.0,0.0,0.0,0.0,0.0,0.0,0.0,0.0,0
FHL3,0.9351974305686757,0.26422205478305205,0.04482098859579743,0.1179267872237698,0.43740264992026034,0.9190508740331977,0.7591623516848591,0.0,0.0,0.0,0.0,0.0,0.0,0.0,0
BCAT1,0.9351974305686757,0.4111818922148397,0.0,0.0,0.0,0.6966837271910781,0.8258674061522427,0.0,0.0,0.0,1.0,0.0,0.0,0.0,0
KRR1,0.8363876818439449,0.35414145565525795,0.03965954709108143,0.0,0.21215520775037727,0.0,0.0,0.0,0.0,1.0,0.0,1.0,0.0,0.0,0
RNF185,0.6519931985641413,0.15716906028571215,0.0,0.025042004348557877,0.0,0.0,0.0,0.0,0.0,0.0,0.0,0.0,0.0,0.0,0
NEIL1,0.9351974305686757,0.26937157035108944,0.0,0.0,0.8553348921034123,0.0,0.7217733509983895,0.0,0.0,0.0,0.0,0.0,0.0,0.0,0
PLCB2,0.7723408275080295,0.18312213165285302,0.5430825459175764,0.6827076559953088,0.7992227970861602,0.8374920688086243,0.953759828288614,0.0,0.0,0.0,0.0,0.0,0.0,0.0,0
PDE4A,0.9351974305686757,0.3352040855157507,0.0964491952310567,0.10280083822955419,0.31724049906435087,0.0,0.9240864202904354,0.0,0.0,0.0,1.0,0.0,0.0,0.0,0
XRCC6,0.5590402418288305,0.12128532395673972,0.0,0.0,0.0,0.8885794258234642,0.0,0.0,0.0,0.0,0.0,0.0,0.0,0.0,0
COMMD2,0.8344983941054223,0.43275414602217804,0.035146400280020335,0.0,0.7848096250519714,0.9326117612765894,0.0,0.0,0.0,0.0,0.0,1.0,0.0,0.0,0
PGBD4,0.8072926506706971,0.1982494995852075,0.0,0.0,0.7436530508325357,0.0,0.8967654752708941,0.0,0.0,0.0,0.0,0.0,0.0,0.0,0
CHPF2,0.6888343094653315,0.36272499638483613,0.027699946947570324,0.4551411781425101,0.511312667434117,0.8890869657220527,0.0,0.0,1.0,0.0,0.0,0.0,0.0,0.0,0
RPRD1B,0.9351974305686757,0.5380018418308712,0.0,0.0,0.0,0.0,0.908184349312412,0.0,0.0,0.0,0.0,1.0,0.0,0.0,0
NF1,0.8025694313243907,0.29986833192532214,0.0,0.0,0.0,0.0,0.8426010264637178,0.0,0.0,1.0,0.0,0.0,0.0,0.0,0
TKT,0.7285093519743058,0.19174829326209547,0.035086612994919844,0.023474524108065612,0.26808748246863373,0.5237561515415852,0.0,0.0,0.0,0.0,0.0,0.0,0.0,0.0,0
KRCC1,0.4798790855847346,0.3257605163215137,0.031423690815076864,0.30269221704058025,0.0,0.0,0.8084187600704827,0.0,1.0,0.0,0.0,0.0,0.0,0.0,0
CAPN10,0.04515397695068957,0.22606571226339703,0.7056441693236406,0.8621102652663435,0.8050247123484694,0.8930882209239381,0.827171797579898,0.0,0.0,0.0,0.0,0.0,0.0,0.0,0
ZNF121,0.8216512374834687,0.318381015442458,0.03137401482729587,0.0,0.7977235099324188,0.0,0.0,0.0,0.0,0.0,0.0,0.0,0.0,0.0,0
CHD4,0.9293406385792556,0.3978978773279753,0.0,0.0,0.5352651580055932,0.0,0.9004516699552826,0.0,0.0,0.0,0.0,0.0,0.0,0.0,0
GMEB1,0.4502172680899301,0.1573045337960744,0.03930375852185069,0.10732302188808232,0.0930886299569926,0.0,0.0,0.0,0.0,0.0,0.0,0.0,0.0,0.0,0
AP1B1,0.9351974305686757,0.16297767731427562,0.0,0.0,0.0,0.21670510885568417,0.0,0.0,0.0,0.0,0.0,0.0,0.0,0.0,0
UAP1,0.9351974305686757,0.9101171313103641,0.0,0.0,0.0,0.0,0.9520381487159817,0.0,0.0,0.0,0.0,0.0,0.0,0.0,0
PWP2,0.9351974305686757,0.35385376471752256,0.0,0.0,0.947274866053453,0.0,0.0,0.0,0.0,0.0,0.0,0.0,0.0,0.0,0
GPR35,0.04515397695068957,0.22606571226339703,0.777828479359275,0.7487865899882021,0.646554561960037,0.8127165644038177,0.3631508940197855,1.0,0.0,0.0,0.0,0.0,0.0,0.0,0
RBM15,0.5163423389382202,0.25098066077585224,0.0,0.0,0.9100360358416472,0.0,0.0,0.0,0.0,0.0,0.0,0.0,0.0,0.0,0
NFATC1,0.5273002078216512,0.21864054615612927,0.715039127083621,0.8324756529887708,0.8543370191373609,0.6488930589109102,0.8824604740820698,0.0,0.0,0.0,0.0,0.0,0.0,0.0,0
BCAS3,0.9351974305686757,0.6871201223828118,0.040958682152051194,0.030482904121299004,0.20447376143651944,0.0,0.0,0.0,0.0,0.0,0.0,1.0,0.0,0.0,0
NEU1,0.6425467598715284,0.3823793106072713,0.036400027253685074,0.7029046664245843,0.0,0.8945437574774229,0.0,0.0,0.0,0.0,0.0,0.0,0.0,0.0,0
STAG1,0.5582845267334215,0.387454239635896,0.0,0.7060542317601105,0.0,0.0,0.0,0.0,0.0,0.0,1.0,1.0,0.0,0.0,0
TTC9C,0.6523710561118459,0.29127109162728043,0.0,0.0,0.03255752406872544,0.0,0.0,0.0,0.0,0.0,0.0,0.0,0.0,0.0,0
STK17B,0.8173058756848668,0.289321186382629,0.025638381057685795,0.0,0.04632916562792734,0.0,0.0,0.0,0.0,1.0,0.0,0.0,0.0,0.0,0
NFXL1,0.49858303419610805,0.2564665768583845,0.0,0.0,0.0,0.8539121864838705,0.0,0.0,0.0,0.0,0.0,0.0,0.0,0.0,0
SGSM2,0.46476478367655394,0.04577330258541268,0.9371726310899308,0.9059457095034699,0.7938005994447492,0.0,0.959690009070612,0.0,0.0,0.0,0.0,1.0,0.0,0.0,0
NRBP1,0.4813905157755526,0.32201596760813145,0.036708471100265504,0.042674389355948666,0.06405068612653786,0.0,0.8899219493301486,0.0,0.0,0.0,0.0,0.0,0.0,0.0,0
DAZAP1,0.052711127904779886,0.19147734624137108,0.607639415218143,0.7710673245581332,0.9419029690444476,0.5783455352350328,0.550910166659763,0.0,0.0,0.0,0.0,0.0,0.0,0.0,0
AK9,0.9351974305686757,0.2600589081443934,0.0,0.0,0.0,0.9437136273494795,0.0,0.0,0.0,0.0,0.0,1.0,0.0,0.0,0
AZIN2,0.6837332325713206,0.22838550585656547,0.0,0.0,0.0,0.0,0.8390518948526504,0.0,0.0,0.0,0.0,0.0,0.0,0.0,0
PSMC3IP,0.7791422633667108,0.25165650615338947,0.0,0.0,0.06519262205195728,0.9067450560113153,0.0,0.0,0.0,0.0,0.0,0.0,0.0,0.0,0
ARID3B,0.7736633289249952,0.263613185073559,0.06293428470900728,0.04064474813390993,0.1189452164425002,0.0,0.3726088955715681,0.0,0.0,0.0,0.0,0.0,0.0,0.0,0
PDIA6,0.5669752503306253,0.3165681058824425,0.033636162366989686,0.3691019731125224,0.38038402671991944,0.8973910127391049,0.0,0.0,0.0,0.0,0.0,0.0,0.0,0.0,0
ARFRP1,0.9351974305686757,0.6040794270536035,0.0,0.0,0.7547203192913212,0.0,0.557466284468474,0.0,0.0,0.0,0.0,0.0,0.0,0.0,0
GPR63,0.8071037218968449,0.2179068581561901,0.05724430370326054,0.0702028233973681,0.2567462472651231,0.6963167216205064,0.0,0.0,0.0,0.0,0.0,0.0,0.0,0.0,0
RBM17,0.8809748724730777,0.45459125815314616,0.03710174758791439,0.025114491138189466,0.0,0.0,0.9268618714571267,0.0,0.0,0.0,0.0,0.0,0.0,0.0,0
SLC25A20,0.05138862648781409,0.18353616305530812,0.04305246540068044,0.335292048756894,0.035180116668105485,0.0,0.0,0.0,0.0,1.0,0.0,1.0,0.0,0.0,0
TM2D3,0.9351974305686757,0.3199229779817491,0.05140121817946682,0.030161443421813552,0.4668378350320532,0.0,0.0,0.0,0.0,0.0,0.0,0.0,0.0,0.0,0
HERC6,0.5766106177970904,0.2340190728436498,0.07504422584146138,0.0896337249470256,0.0,0.0,0.0,0.0,0.0,1.0,0.0,1.0,0.0,0.0,0
TXNDC11,0.7664840355186094,0.6288756459727077,0.0,0.0,0.0,0.8952195716098925,0.0,0.0,0.0,0.0,0.0,0.0,0.0,0.0,0
CASP9,0.4579633478178726,0.13493618284357375,0.055316225436821,0.0353700865315687,0.0,0.0,0.0,0.0,0.0,0.0,0.0,0.0,0.0,0.0,0
GTF2H3,0.48573587757415454,0.3036585458669163,0.0,0.0,0.0,0.0,0.934994143703284,0.0,0.0,0.0,0.0,0.0,0.0,0.0,0
C7orf31,0.9351974305686757,0.4417654177226752,0.08021688552678505,0.7447408158213952,0.0,0.6030978106377843,0.0,0.0,0.0,0.0,0.0,0.0,0.0,0.0,0
PAN2,0.44322690345739657,0.320413118097891,0.0,0.0,0.0,0.0,0.942242625488148,0.0,0.0,0.0,0.0,0.0,0.0,0.0,0
CWF19L2,0.9351974305686757,0.10611229079617304,0.04349015529268827,0.9683382941778397,0.0,0.0,0.0,0.0,0.0,0.0,0.0,0.0,0.0,0.0,0
SAC3D1,0.9351974305686757,0.3090363875760136,0.030524571425679797,0.0570103959634067,0.036636758233749886,0.8824306108484317,0.8090717224907449,0.0,0.0,0.0,0.0,0.0,0.0,0.0,0
KIF16B,0.9351974305686757,0.45508900914065664,0.03842915247684458,0.05636852358317574,0.718239787667119,0.8352939771872053,0.0,0.0,0.0,0.0,0.0,0.0,0.0,0.0,0
RHOB,0.5204987719629699,0.32140405355009094,0.06602830320983373,0.12871457442734607,0.24800575338738365,0.0,0.0,0.0,1.0,0.0,0.0,0.0,0.0,0.0,0
FAM217B,0.9351974305686757,0.6199663599485504,0.0,0.0,0.0,0.0,0.9287586288593291,0.0,0.0,0.0,0.0,1.0,0.0,0.0,0
APPL1,0.03721896844889472,0.18043244971116723,0.0,0.0,0.10802622945837727,0.0,0.0,0.0,0.0,0.0,0.0,0.0,0.0,0.0,0
HEATR3,0.9351974305686757,0.09726084739441807,0.0,0.0,0.0,0.0,0.9438277521018716,0.0,0.0,0.0,0.0,1.0,0.0,0.0,0
PRKD3,0.4823351596448139,0.3314884581135695,0.0,0.0,0.0,0.857556736672973,0.0,0.0,0.0,0.0,0.0,0.0,0.0,0.0,0
NSMAF,0.9351974305686757,0.7043587460328337,0.0449419011318104,0.3494784412759779,0.041096353875493846,0.0,0.0,0.0,0.0,0.0,0.0,0.0,0.0,0.0,0
MAP3K9,0.07878329869639145,0.21722492408155808,0.0,0.0,0.0,0.8560776291973656,0.0,0.0,0.0,0.0,0.0,1.0,0.0,0.0,0
NPRL2,0.05138862648781409,0.1777458121180294,0.0,0.0,0.9221989743589086,0.0,0.0,0.0,1.0,0.0,0.0,0.0,0.0,0.0,0
TSN,0.9351974305686757,0.27781811539603163,0.07018435542161738,0.02017212258700562,0.023489816665641306,0.0,0.8852203507934973,0.0,0.0,1.0,0.0,0.0,0.0,0.0,0
PPP1R21,0.4823351596448139,0.34280582383877134,0.0,0.0,0.0,0.0,0.7493160017260339,0.0,0.0,0.0,0.0,0.0,0.0,0.0,0
DZIP1L,0.6196863782354053,0.4021888866056275,0.05052564146946403,0.5176118799844057,0.10769494533890789,0.8653566588322156,0.0,0.0,0.0,0.0,0.0,0.0,0.0,0.0,0
BMPR2,0.4762894388815416,0.2644245039614585,0.05682009104623551,0.0,0.5690354181644657,0.0,0.0,0.0,0.0,0.0,0.0,0.0,0.0,0.0,0
DNAJC3,0.9351974305686757,0.22025709523483344,0.0,0.0,0.0,0.0,0.656917747918029,0.0,0.0,0.0,0.0,0.0,0.0,0.0,0
CDKN2D,0.8242962403174003,0.3316284981467528,0.030462655340724645,0.0,0.06194819478563667,0.0,0.0,0.0,0.0,0.0,0.0,1.0,0.0,0.0,0
ZNF684,0.7132061212922729,0.2718572809400948,0.034580800011462444,0.060317342700658055,0.05155175455854284,0.0,0.0,0.0,0.0,0.0,0.0,0.0,0.0,0.0,0
EIF2B3,0.4615529945210655,0.2645051791979664,0.04666972421308842,0.029107546467782557,0.29274340410530497,0.0,0.0,0.0,0.0,0.0,0.0,0.0,0.0,0.0,0
EXOC6B,0.5613073871150576,0.3363274501297654,0.052601852862419425,0.0,0.4650129611756985,0.0,0.0,0.0,0.0,0.0,0.0,0.0,0.0,0.0,0
RFC3,0.9351974305686757,0.16212373754671183,0.0485006998870956,0.19228360707917547,0.0,0.0,0.0,0.0,0.0,0.0,0.0,0.0,0.0,0.0,0
TNIP1,0.6363121103344039,0.31025717134354713,0.02264091180517392,0.16680685894268196,0.27090162405306034,0.7066859067300624,0.7957275626178175,0.0,0.0,0.0,0.0,0.0,0.0,0.0,0
KCNMB4,0.9351974305686757,0.45332937568022147,0.04900060697628309,0.13054517903551638,0.06047755443458593,0.0,0.0,0.0,0.0,0.0,0.0,1.0,0.0,0.0,0
C1orf56,0.9351974305686757,0.9087456522897306,0.04574512267294544,0.0,0.12061085349873986,0.0,0.0,0.0,0.0,0.0,0.0,0.0,0.0,0.0,0
GLTP,0.5127526922350274,0.29860949380094526,0.0,0.5058896064676649,0.0,0.7267807090730003,0.0,0.0,0.0,0.0,0.0,0.0,0.0,0.0,0
PKNOX1,0.8388437559040242,0.3619045444512942,0.04922438937760047,0.7373873310791573,0.0,0.0,0.0,0.0,0.0,0.0,0.0,1.0,0.0,0.0,0
CASP3,0.5144530511996976,0.22014749868712474,0.0,0.0,0.0,0.8966079995472054,0.0,0.0,0.0,0.0,0.0,0.0,0.0,0.0,0
CDC5L,0.9351974305686757,0.40823496282089333,0.0471205174765622,0.08939207839729878,0.07852425033436498,0.0,0.0,0.0,1.0,1.0,0.0,0.0,0.0,0.0,0
VPS54,0.533723786132628,0.3490969701121081,0.04943911747447038,0.03270642328845336,0.34491670827630866,0.0,0.0,0.0,0.0,0.0,0.0,0.0,0.0,0.0,0
ERI3,0.7460797279425657,0.2789871452382583,0.027712913056265893,0.888528284672712,0.09409025428842548,0.8828253470171475,0.0,0.0,0.0,0.0,0.0,1.0,0.0,0.0,0
TMEM18,0.5254109200831287,0.3234422449026189,0.0,0.847679795793601,0.0,0.79716965371899,0.0,0.0,0.0,0.0,0.0,0.0,0.0,0.0,0
TOR1AIP1,0.9351974305686757,0.879704089321187,0.0,0.0,0.0,0.0,0.9060228023136095,0.0,0.0,0.0,0.0,0.0,0.0,0.0,0
FBXO44,0.4502172680899301,0.14550007230327802,0.0,0.0,0.0,0.9825060195818562,0.6312831619879956,0.0,0.0,0.0,0.0,0.0,0.0,0.0,0
ETNPPL,0.7337993576421689,0.22990615795602437,0.05876097552167878,0.8914940008234787,0.30807834381836474,0.7646581145126963,0.0,0.0,0.0,0.0,0.0,0.0,0.0,0.0,0
RAB27B,0.6278103155110523,0.23339193704287187,0.046006510976552256,0.2274873635585008,0.028744499464575052,0.0,0.0,0.0,0.0,0.0,0.0,0.0,0.0,0.0,0
GRM2,0.05138862648781409,0.17545798418460914,0.6460134923315765,0.5574529252878471,0.7615738250316785,0.8509331632876441,0.6877007152567061,0.0,0.0,0.0,0.0,0.0,0.0,0.0,0
NCKAP1,0.4762894388815416,0.28328119886445796,0.042056918666465694,0.0,0.056518387283737176,0.0,0.0,0.0,0.0,0.0,0.0,0.0,0.0,0.0,0
AGFG1,0.05686756092952955,0.23641497515050502,0.05389400287148284,0.0,0.0,0.0,0.8881980899900825,0.0,0.0,0.0,0.0,0.0,0.0,0.0,0
GTF3C6,0.9351974305686757,0.23706037704256744,0.05248065835146958,0.08806820297050709,0.0,0.0,0.0,0.0,0.0,0.0,0.0,0.0,0.0,0.0,0
CALU,0.9351974305686757,0.39872594013288587,0.03628423109753388,0.06681294959560172,0.035969802978199704,0.0,0.909023341177889,0.0,0.0,0.0,0.0,1.0,0.0,0.0,0
MOB2,0.47591158133383715,0.23506785091825172,0.9147306150387026,0.9195603125373275,0.8812381575426032,0.0,0.9807358620538771,0.0,0.0,0.0,0.0,0.0,0.0,0.0,0
DACH1,0.5635745324012846,0.15481273450997396,0.09282017111995279,0.07041293751431783,0.0,0.0,0.0,0.0,0.0,0.0,0.0,0.0,0.0,0.0,0
CENPQ,0.9351974305686757,0.393931091170628,0.0,0.0,0.0,0.0,0.9565574868991737,0.0,0.0,0.0,0.0,0.0,0.0,0.0,0
CRKL,0.5830341961080672,0.1557336499455822,0.03130685452327441,0.03251466150847416,0.08785434394490735,0.8112589629094982,0.0,0.0,0.0,0.0,0.0,0.0,1.0,0.0,0
POM121C,0.6410353296807103,0.3947028335274105,0.05052970942442482,0.7707664013282777,0.9165848235657156,0.8652077745349441,0.0,0.0,0.0,0.0,0.0,1.0,1.0,0.0,0
DUT,0.8481012658227849,0.21432061556727636,0.0,0.0,0.6654936664684327,0.0,0.9619304096546775,0.0,0.0,0.0,0.0,0.0,0.0,0.0,0
ADNP,0.9351974305686757,0.6130237230860566,0.0,0.7006316523110215,0.0,0.0,0.0,0.0,0.0,0.0,0.0,0.0,0.0,0.0,0
HERPUD1,0.52635556395239,0.030726609889566325,0.02771703926914312,0.09492459706123482,0.03470709777039996,0.0,0.0,0.0,0.0,0.0,1.0,0.0,0.0,0.0,0
QPCTL,0.8583034196108067,0.34856725346484924,0.0,0.0,0.0,0.0,0.8686276042782499,0.0,0.0,0.0,0.0,0.0,0.0,0.0,0
INTS3,0.85187984129983,0.8880958360922745,0.0385084984313467,0.0,0.20760144464874505,0.9098252685202045,0.9084100356030244,0.0,1.0,0.0,0.0,0.0,0.0,0.0,0
RIN1,0.9351974305686757,0.40103964502895945,0.0,0.0,0.0,0.8757219522667186,0.0,0.0,0.0,0.0,0.0,0.0,0.0,0.0,0
GATM,0.8216512374834687,0.20007458653941287,0.0,0.6930453058567333,0.0,0.0,0.9304651782847365,0.0,0.0,0.0,0.0,0.0,0.0,0.0,0
UBE2Z,0.9351974305686757,0.4824637912794638,0.0,0.0,0.0,0.0,0.8456931204174216,0.0,0.0,0.0,0.0,0.0,0.0,0.0,0
AMN1,0.9351974305686757,0.414567207799621,0.0,0.0,0.0,0.9532857571653853,0.0,0.0,0.0,0.0,0.0,0.0,0.0,0.0,0
MRPL1,0.7303986397128283,0.2729410690229924,0.048359191510776826,0.14751978498525053,0.022494402432898544,0.0,0.0,0.0,0.0,0.0,0.0,0.0,0.0,0.0,0
PDIA4,0.6888343094653315,0.378875265429139,0.04083563894995034,0.806036890590044,0.0676365403138014,0.9378099689628252,0.0,0.0,0.0,0.0,0.0,0.0,0.0,0.0,0
DIS3L2,0.002456074060079333,0.21904087799012104,0.029005392069147123,0.9509489186221883,0.045265883978554834,0.0,0.8403217750972823,0.0,0.0,0.0,0.0,0.0,0.0,0.0,0
FARP2,0.04515397695068957,0.22361957820550876,0.027047479556755988,0.20353948280746031,0.21581041617241437,0.0,0.7779644339772912,0.0,0.0,0.0,0.0,0.0,0.0,0.0,0
STX5,0.5119969771396183,0.2887260162415995,0.0,0.0,0.0,0.8730271785502429,0.0,0.0,0.0,0.0,0.0,0.0,0.0,0.0,0
PRPF38A,0.5297562818817305,0.26137863323971966,0.0,0.0,0.0,0.0,0.9194970517635268,0.0,1.0,0.0,0.0,1.0,0.0,0.0,0
DTX2,0.9351974305686757,0.4006636679833474,0.0,0.7586699743696037,0.0,0.8775076028210316,0.934281661587877,0.0,0.0,0.0,0.0,0.0,0.0,0.0,0
ZCCHC3,0.9351974305686757,0.4153617827705094,0.03302144235313689,0.46629078104373295,0.0,0.0,0.0,0.0,0.0,0.0,0.0,0.0,0.0,0.0,0
TDP1,0.5477045153976952,0.24059943222899594,0.0,0.0,0.04351898283096932,0.0,0.0,0.0,0.0,0.0,0.0,0.0,0.0,0.0,0
DNAJC8,0.4502172680899301,0.14530980051906156,0.05636328954743064,0.0,0.7829120005164782,0.9513049733544752,0.0,0.0,0.0,1.0,0.0,0.0,0.0,0.0,0
PHPT1,0.7814094086529378,0.2957889048717187,0.027202760617911343,0.0,0.0,0.0,0.0,0.0,1.0,0.0,0.0,0.0,0.0,0.0,0
CLIC4,0.7972794256565275,0.15999726008630735,0.03135688643051888,0.22907163378452863,0.0,0.0,0.0,0.0,0.0,0.0,0.0,0.0,0.0,0.0,0
MRPS25,0.9351974305686757,0.3338660943291398,0.04801611849788902,0.4418929970835703,0.0,0.9380480092293143,0.0,0.0,0.0,1.0,0.0,0.0,0.0,0.0,0
HSP90B1,0.651804269790289,0.3040695329208241,0.0,0.0,0.0,0.0,0.9285870408678771,0.0,0.0,0.0,0.0,0.0,0.0,0.0,0
MEGF10,0.670130360853958,0.2998698540995958,0.0,0.0,0.0,0.0,0.887108422574285,0.0,0.0,0.0,0.0,0.0,0.0,0.0,0
ST6GAL1,0.6958246740978651,0.45707088004505647,0.10604979061034553,0.0,0.05675181653268354,0.0,0.0,0.0,0.0,0.0,0.0,1.0,0.0,0.0,0
RNF216,0.6903457396561496,0.432726746885251,0.026068123066436737,0.08076242147252559,0.4976947519667756,0.0,0.0,0.0,0.0,0.0,0.0,0.0,0.0,0.0,0
GEMIN5,0.6589835631966748,0.314379219276815,0.030469216392722594,0.5235052188726332,0.2528088864687196,0.9484832442191824,0.0,0.0,0.0,0.0,0.0,0.0,0.0,0.0,0
KLHL12,0.9351974305686757,0.9270071770517007,0.02457209821496752,0.3358165733071703,0.9187474591826933,0.9337141882287162,0.8965873039018423,0.0,0.0,0.0,1.0,0.0,0.0,0.0,0
FBXW7,0.6586057056489704,0.23353045490178173,0.0,0.0,0.0,0.7603573761038755,0.0,0.0,0.0,0.0,1.0,0.0,0.0,0.0,0
TCAIM,0.019648592480634774,0.20495315508672568,0.0,0.0,0.9034570561722253,0.0,0.0,0.0,0.0,0.0,0.0,0.0,0.0,0.0,0
UNC13B,0.9351974305686757,0.3145649245382104,0.026534814735424038,0.0,0.04326253883218391,0.0,0.0,0.0,0.0,0.0,0.0,0.0,0.0,0.0,0
NR1D2,0.5307009257509918,0.2798821837112131,0.0,0.0,0.0,0.0,0.9174911119141169,0.0,0.0,0.0,0.0,0.0,0.0,0.0,0
LIMD1,0.4332136784432269,0.20349034560966867,0.03503769891020658,0.0,0.17305541457642765,0.0,0.0,0.0,0.0,0.0,0.0,0.0,0.0,0.0,0
HPS5,0.7432457963347818,0.31430615491167585,0.0,0.0,0.0,0.8924479059631295,0.0,0.0,0.0,0.0,0.0,0.0,0.0,0.0,0
RPS3,0.9351974305686757,0.3882762137437116,0.0,0.0,0.0,0.818074769480848,0.0,0.0,0.0,0.0,0.0,0.0,0.0,0.0,0
NUP93,0.52635556395239,0.0357056419389456,0.0,0.0,0.0,0.0,0.7723027525797577,0.0,0.0,0.0,0.0,0.0,0.0,0.0,0
DYNLL1,0.48573587757415454,0.3014590040413727,0.0,0.0,0.6311220823046559,0.0,0.9104419000195969,0.0,0.0,0.0,0.0,0.0,0.0,0.0,0
PFN2,0.8344983941054223,0.4365687147521519,0.028793833150388675,0.07532872204302027,0.05475030578374671,0.0,0.8826755060811139,0.0,0.0,0.0,0.0,0.0,0.0,0.0,0
ATG16L1,0.05686756092952955,0.2296930535577018,0.02647868976594953,0.47334264675757615,0.0,0.0,0.9477354736534173,0.0,0.0,0.0,0.0,0.0,0.0,0.0,0
CDH1,0.52635556395239,0.017328431932171706,0.09053581679232046,0.17661738826497766,0.28883180504217043,0.0,0.0,0.0,0.0,1.0,0.0,0.0,0.0,0.0,0
RPL22,0.44738333648214623,0.156310553995327,0.023190320076121172,0.0,0.5114008322768134,0.0,0.657948083531955,0.0,0.0,0.0,0.0,0.0,0.0,0.0,0
POLDIP3,0.5890799168713394,0.12407851374903911,0.0,0.2571118105872469,0.0,0.895906933267845,0.893214002418468,0.0,0.0,0.0,0.0,1.0,0.0,0.0,0
NAAA,0.5739656149631589,0.2910945194115274,0.05902660841439123,0.8000027514856407,0.0,0.8506770781357196,0.0,0.0,0.0,0.0,0.0,0.0,0.0,0.0,0
ACOT11,0.7829208388437559,0.27650904552062167,0.050973540843317525,0.0,0.2983539140096858,0.0,0.0,0.0,0.0,0.0,1.0,0.0,0.0,0.0,0
MCL1,0.9351974305686757,0.9201421710771668,0.03403919479669995,0.04567640042497634,0.17804139358962368,0.0,0.4624767597840557,0.0,0.0,0.0,0.0,0.0,0.0,0.0,0
MRPL32,0.7407897222747024,0.44634716228661026,0.0,0.0,0.0,0.0,0.9594781806406381,0.0,0.0,0.0,0.0,1.0,0.0,0.0,0
CCNT1,0.07122614774230113,0.315842028753872,0.028754544339507533,0.08183606270089001,0.29751975492752997,0.0,0.0,0.0,0.0,0.0,0.0,0.0,0.0,0.0,0
YTHDF1,0.9351974305686757,0.5956222267887451,0.02964338006819756,0.07177669268881294,0.03708789974408288,0.9591690162530018,0.0,0.0,0.0,0.0,0.0,0.0,0.0,0.0,0
RNASEH2B,0.9351974305686757,0.11130594941814884,0.0,0.0,0.0,0.0,0.7297693333155048,0.0,0.0,0.0,0.0,0.0,0.0,0.0,0
MICALL1,0.49782731910069905,0.12938024674444973,0.030233456015624403,0.9251593386903715,0.3509831270372371,0.0,0.0,0.0,0.0,0.0,0.0,0.0,0.0,0.0,0
HECTD1,0.9351974305686757,0.34756870714128063,0.035466922831357224,0.0,0.026035931806305916,0.0,0.0,0.0,0.0,1.0,0.0,0.0,0.0,0.0,0
EIF2S1,0.8715284337804647,0.2416192889923968,0.0,0.0,0.8340556129453813,0.0,0.7323887469893778,0.0,0.0,0.0,0.0,0.0,0.0,0.0,0
MAPK13,0.7878329869639146,0.3804339718854411,0.03617111743629808,0.36195421592967153,0.1674923394658337,0.0,0.49259002494987636,0.0,0.0,0.0,0.0,0.0,0.0,0.0,0
NUDT16L1,0.9285849234838466,0.6211780106704419,0.022871991924288255,0.0,0.45294070245461954,0.0,0.0,0.0,0.0,0.0,0.0,0.0,0.0,0.0,0
TAF4B,0.8254298129605139,0.27939813229216615,0.032861714740455794,0.2060632937641996,0.2122471526985758,0.0,0.9260374498184905,0.0,0.0,1.0,0.0,0.0,0.0,0.0,0
GSTO1,0.6519931985641413,0.21699507576622448,0.04952963182824593,0.07703876996015138,0.0,0.0,0.0,0.0,0.0,0.0,0.0,0.0,0.0,0.0,0
CUX1,0.5739656149631589,0.37588114863270694,0.5139820294733136,0.9135223326573901,0.9391447519092639,0.7339244455153952,0.8818367921098029,1.0,0.0,1.0,0.0,0.0,0.0,0.0,0
ACIN1,0.9351974305686757,0.3223219246371517,0.0,0.0,0.9395962025279264,0.0,0.8737404047540527,0.0,0.0,0.0,1.0,0.0,0.0,0.0,0
VPS13D,0.4502172680899301,0.1416109170338912,0.040085504877309434,0.7870730806225269,0.12905194403863415,0.0,0.9202740730725527,0.0,0.0,1.0,0.0,0.0,0.0,0.0,0
DTNBP1,0.9351974305686757,0.4358152384866544,0.041725234663453396,0.9643288770942273,0.2053237817168326,0.8115669554075698,0.0,0.0,0.0,0.0,1.0,0.0,0.0,0.0,0
SLC26A2,0.6363121103344039,0.31440509623946844,0.03855364884385915,0.1901620434218518,0.0,0.0,0.8237979563052154,0.0,0.0,0.0,0.0,0.0,0.0,0.0,0
MFSD2A,0.9051577555261667,0.2800602781012398,0.08073128994359115,0.8043141744616803,0.033567006265567044,0.0,0.8787388405540306,0.0,0.0,0.0,0.0,0.0,0.0,0.0,0
ZNF250,0.9351974305686757,0.8050079533605812,0.034361241248195104,0.04598898880458594,0.0,0.0,0.0,0.0,0.0,0.0,0.0,0.0,0.0,0.0,0
NUDT5,0.8809748724730777,0.4551468517630586,0.0,0.0,0.0,0.9338363466361203,0.0,0.0,0.0,0.0,1.0,0.0,0.0,0.0,0
MTF2,0.9351974305686757,0.2343798281465245,0.020023766507996917,0.05107693754860733,0.08643204905331495,0.0,0.0,0.0,0.0,0.0,0.0,0.0,0.0,0.0,0
CTSB,0.5618741734366144,0.07761566621762525,0.020308807557481174,0.3413384916327938,0.052887897366801113,0.0,0.0,0.0,0.0,0.0,0.0,0.0,0.0,0.0,0
HNRNPA3,0.9036463253353486,0.28727233981018485,0.0,0.0,0.0,0.0,0.7341462636978251,0.0,0.0,1.0,0.0,0.0,1.0,0.0,0
HAUS6,0.9351974305686757,0.2830026409723649,0.1404264616150031,0.0,0.0,0.0,0.0,0.0,0.0,0.0,0.0,0.0,0.0,0.0,0
SPRYD3,0.46722085773663324,0.317157187326377,0.019986451811136376,0.08187269179598353,0.05210394248333622,0.0,0.0,0.0,0.0,0.0,0.0,0.0,0.0,0.0,0
C6orf141,0.9351974305686757,0.3928077265566134,0.05335480215053155,0.3187907618132347,0.0605371423166437,0.0,0.0,0.0,0.0,0.0,0.0,0.0,0.0,0.0,0
KCNJ5,0.9351974305686757,0.09898394867228325,0.06876527988921269,0.09240793775280907,0.37071816812821506,0.0,0.0,0.0,0.0,0.0,0.0,0.0,0.0,0.0,0
LETM2,1.0,0.7612880638704325,0.036117429413873796,0.05453335894490831,0.9359381660738918,0.0,0.8836580189367597,0.0,1.0,0.0,1.0,0.0,0.0,0.0,0
MRPL52,0.9351974305686757,0.32306626785700693,0.0,0.0,0.0,0.9010749913092587,0.0,0.0,0.0,0.0,0.0,0.0,0.0,0.0,0
RLF,0.9051577555261667,0.27108858293185983,0.03311423364528663,0.0,0.07176533639601657,0.0,0.0,0.0,0.0,0.0,0.0,0.0,0.0,0.0,0
ARPC2,0.5184205554505952,0.25393063451834597,0.026198829307221668,0.3919471372651379,0.0,0.0,0.8423701703005662,0.0,0.0,1.0,0.0,0.0,0.0,0.0,0
MAEA,0.7181182694124315,0.21740301847158477,0.6272691718855887,0.8516931192408632,0.7630628478361956,0.7732734585039737,0.9188830649560639,0.0,0.0,0.0,1.0,0.0,0.0,0.0,0
ITGAD,0.9351974305686757,0.5927255291458322,0.0,0.8695642128892944,0.0,0.726659579991841,0.0,0.0,0.0,0.0,0.0,0.0,0.0,0.0,0
TAPBP,0.6425467598715284,0.3857372270551255,0.03474769463956278,0.1376647795348234,0.039894106990628724,0.0,0.0,0.0,0.0,0.0,0.0,0.0,0.0,0.0,0
SMOC2,0.5796334781787266,0.19266616434915634,0.513768005827197,0.828428157935418,0.8469717572705542,0.8710317176110328,0.884369254340379,0.0,0.0,0.0,0.0,0.0,0.0,0.0,0
GALNT1,0.7636501039108257,0.25388344711586025,0.03061290406710041,0.024312464797549713,0.8889780820179736,0.0,0.0,0.0,0.0,0.0,0.0,0.0,0.0,0.0,0
SVIL,0.8787077271868505,0.3723436156205525,0.05268240326941267,0.8084138263707761,0.10615060254156188,0.0,0.0,0.0,0.0,0.0,0.0,0.0,0.0,0.0,0
MYLPF,0.7266200642357831,0.5975279889794585,0.0,0.0,0.0,0.8021562736250935,0.0,0.0,0.0,0.0,0.0,0.0,0.0,0.0,0
ING5,0.04515397695068957,0.22385703739221102,0.20008687674735298,0.939904902321065,0.7911990111041551,0.9070750568443176,0.7181185243772954,0.0,0.0,0.0,0.0,1.0,0.0,0.0,0
CHSY3,0.670130360853958,0.2971131964898661,0.0,0.0,0.0,0.0,0.8259975471973305,0.0,0.0,0.0,0.0,0.0,0.0,0.0,0
ATXN7L3,0.541847723408275,0.24793174570556573,0.0,0.0,0.0,0.9185141654950534,0.0,0.0,0.0,0.0,0.0,0.0,0.0,0.0,0
PREP,0.9351974305686757,0.276786081238441,0.0,0.0,0.0,0.8908675573559581,0.0,0.0,0.0,0.0,0.0,0.0,0.0,0.0,0
KBTBD8,0.4732665784999055,0.2045573897755552,0.0,0.0,0.0,0.0,0.8055010082116226,0.0,0.0,0.0,0.0,0.0,0.0,0.0,0
SLC35E3,0.9351974305686757,0.4424275635317488,0.030725791423771295,0.05145041022620853,0.020740504753453966,0.0,0.0,0.0,0.0,0.0,0.0,0.0,0.0,0.0,0
SNX11,0.9351974305686757,0.4210120936746049,0.016735326867942848,0.04554264945264402,0.04611446775269072,0.0,0.7488186610924007,0.0,0.0,0.0,0.0,0.0,0.0,0.0,0
SH2D4A,0.578499905535613,0.08684004231644477,0.043879997396136405,0.35569582789240023,0.07871358304528842,0.0,0.6783905409101002,0.0,0.0,0.0,0.0,0.0,0.0,0.0,0
RIMKLB,0.8717173625543171,0.3692185918365794,0.025812195787071994,0.053601517448267945,0.7859957242141371,0.0,0.8718176036093634,0.0,0.0,0.0,0.0,0.0,0.0,0.0,0
BRF2,1.0,0.7738520903258217,0.03621081902874641,0.0,0.4481508730551415,0.0,0.8216812358475432,0.0,0.0,0.0,0.0,0.0,0.0,0.0,0
CSNK1A1,0.6363121103344039,0.3178102000898083,0.0,0.06878655200901149,0.0,0.0,0.0,0.0,0.0,0.0,0.0,1.0,1.0,0.0,0
FRYL,0.9351974305686757,0.275300439147278,0.040149877125918554,0.0,0.043553790473646874,0.8812153442283022,0.0,0.0,1.0,0.0,0.0,0.0,0.0,0.0,0
ANKRD40,0.9351974305686757,0.5323728413666082,0.05903775344196102,0.8110767381000545,0.07165405889286774,0.0,0.0,0.0,0.0,0.0,0.0,0.0,0.0,0.0,0
OPA3,0.8583034196108067,0.3506145778630196,0.2381917896472949,0.4145326052261482,0.9477830088724407,0.917195184539363,0.925938980161116,0.0,0.0,0.0,0.0,1.0,0.0,0.0,0
RLN2,0.8671830719818628,0.2836465206901538,0.0,0.0,0.34739778984007,0.0,0.0,0.0,0.0,0.0,0.0,0.0,0.0,0.0,0
TACR2,0.5779331192140562,0.2699652183178452,0.0670678666454345,0.8051324502908157,0.25284692274186155,0.0,0.0,0.0,0.0,0.0,0.0,0.0,0.0,0.0,0
URGCP,0.9351974305686757,0.4464034827347383,0.0,0.0,0.0,0.0,0.9367462813388762,0.0,0.0,0.0,0.0,0.0,0.0,0.0,0
C19orf38,0.8242962403174003,0.3290788562382507,0.0,0.8862035276813943,0.0,0.6399295558176822,0.0,0.0,0.0,0.0,0.0,0.0,0.0,0.0,0
CD59,0.9351974305686757,0.3839669383747746,0.020624536565113902,0.05343338924544725,0.2400488595775507,0.0,0.0,0.0,0.0,0.0,0.0,0.0,0.0,0.0,0
RAB23,0.821084451161912,0.39299190964373515,0.03565692141487729,0.08259001134190773,0.0,0.0,0.0,0.0,1.0,0.0,0.0,1.0,0.0,0.0,0
ALG11,0.9351974305686757,0.12330524921798292,0.0,0.0,0.0,0.0,0.9440750545133141,0.0,0.0,0.0,0.0,0.0,0.0,0.0,0
PIEZO1,0.5392027205743435,0.012388976413909514,0.6755696091329967,0.7220810933006533,0.7823889859529117,0.7288176197065104,0.859058318088555,0.0,0.0,0.0,1.0,0.0,0.0,0.0,0
MXD4,0.608539580578122,0.20840087981673017,0.02786502404155885,0.504500429401545,0.35767867086871363,0.6643674308886626,0.0,0.0,0.0,0.0,0.0,0.0,0.0,0.0,0
VAC14,0.52635556395239,0.023683509525005253,0.026223840717840025,0.4460066177167975,0.7599215884576667,0.0,0.5325293842902282,0.0,0.0,0.0,0.0,0.0,0.0,0.0,0
PLK3,0.4615529945210655,0.26171351157994077,0.06054897618556189,0.47308207935905555,0.7391329222052752,0.0,0.8088757805721424,0.0,0.0,0.0,0.0,1.0,0.0,0.0,0
SUPV3L1,0.560173814471944,0.2713671408239529,0.03160337135420374,0.06489630890012296,0.049534313648599865,0.0,0.0,0.0,0.0,0.0,0.0,0.0,0.0,0.0,0
ZFAND2A,0.9351974305686757,0.43575739586425255,0.0,0.8680808534843963,0.0,0.8159964205365382,0.0,0.0,1.0,0.0,0.0,1.0,0.0,0.0,0
PLA2G15,0.5308898545248442,0.018629890936213256,0.03448408875829123,0.0,0.3078229412570501,0.0,0.77495380918435,0.0,0.0,0.0,0.0,0.0,0.0,0.0,0
NSUN6,0.6816550160589457,0.40967493968384455,0.022970011692243587,0.034237173030105095,0.037218632781405546,0.0,0.0,0.0,0.0,0.0,0.0,0.0,0.0,0.0,0
USP28,0.020026450028339277,0.05330654306611532,0.023122483134504684,0.0,0.24749000366379734,0.907664553360038,0.0,0.0,0.0,0.0,0.0,0.0,0.0,0.0,0
ZC3H15,0.5246552049877196,0.2832827210387317,0.02951841613243515,0.0,0.06354754908844545,0.0,0.9054659425516369,0.0,0.0,0.0,0.0,0.0,0.0,0.0,0
CTTNBP2NL,0.8522576988475344,0.25759755234376785,0.051842284460923524,0.0,0.0422760409413529,0.0,0.0,0.0,0.0,0.0,0.0,0.0,0.0,0.0,0
CCDC66,0.03721896844889472,0.18158321346210907,0.027592260756923174,0.0,0.04800247511903274,0.0,0.0,0.0,0.0,0.0,1.0,0.0,0.0,0.0,0
TSG101,0.7432457963347818,0.31894117557519164,0.040449766881519814,0.04763171598113036,0.039683650560393156,0.0,0.0,0.0,0.0,0.0,0.0,0.0,0.0,0.0,0
CXCR4,0.07424900812393725,0.23946997891788632,0.049642507780255196,0.5820157783546313,0.07666957682196068,0.7372445308292326,0.0,0.0,0.0,0.0,0.0,0.0,0.0,0.0,0
YIF1A,0.9351974305686757,0.384044569262735,0.025845488716367163,0.5443030660924639,0.5028848254857174,0.7270351817168371,0.0,0.0,0.0,0.0,0.0,0.0,0.0,0.0,0
CHTOP,0.85187984129983,0.8873925915778101,0.0,0.0,0.0,0.0,0.8230578226949696,0.0,0.0,0.0,0.0,0.0,0.0,0.0,0
NLRC3,0.7370111467976572,0.5945597491456798,0.8651802323333923,0.8785852387119186,0.8437772780164174,0.6554192510033454,0.580541426807706,0.0,0.0,0.0,0.0,0.0,0.0,0.0,0
CD47,0.7836765539391649,0.3703419564505941,0.07770041530293184,0.047296191272847794,0.5498834267697345,0.8356646237074009,0.0,0.0,0.0,0.0,0.0,1.0,1.0,0.0,0
PGBD5,0.7320989986774986,0.89777534229894,0.753855589689894,0.6144322315776709,0.6999744384465144,0.5291059534377667,0.8340416131818778,0.0,0.0,0.0,1.0,0.0,1.0,0.0,0
NT5M,0.9351974305686757,0.09542358304602258,0.026007871888256054,0.12016771034076806,0.050736658724832094,0.0,0.9291165080987904,0.0,0.0,0.0,0.0,1.0,0.0,0.0,0
RPL28,0.7944454940487437,0.38107632942895636,0.050421467706977856,0.0,0.0,0.933571553191239,0.8574080653910342,0.0,0.0,0.0,1.0,0.0,0.0,0.0,0
SLC38A9,0.6531267712072548,0.27349361828435736,0.03363471186337703,0.0,0.042033940340008714,0.0,0.0,0.0,0.0,0.0,0.0,0.0,0.0,0.0,0
POLB,1.0,0.6480276426848108,0.0435658129656231,0.03119972015867489,0.06953923557937643,0.0,0.0,0.0,0.0,1.0,0.0,0.0,0.0,0.0,0
FAM193B,0.6438692612884942,0.3647251333805208,0.8223729653848132,0.7355593549177274,0.9301126167423613,0.8613569120880951,0.81684510880363,0.0,0.0,0.0,1.0,0.0,0.0,0.0,0
MRPS14,0.8626487814094087,0.8746870029149639,0.0,0.0,0.0,0.7253394453921934,0.0,0.0,0.0,0.0,0.0,0.0,0.0,0.0,0
ZNF33A,0.8787077271868505,0.379382149462292,0.03218743185681623,0.0562501649433046,0.8055581759645786,0.0,0.0,0.0,0.0,0.0,0.0,0.0,0.0,0.0,0
TEKT2,0.608539580578122,0.24455099664360572,0.0,0.8568405949642629,0.0,0.0,0.0,0.0,0.0,0.0,0.0,0.0,0.0,0.0,0
PTPRT,0.9351974305686757,0.5662899285339178,0.0,0.06069360639806823,0.0,0.0,0.0,0.0,0.0,0.0,0.0,0.0,0.0,0.0,0
FADS2,0.9351974305686757,0.3177797566043336,0.0,0.0,0.36517565189801215,0.0,0.8716810756524305,0.0,0.0,0.0,0.0,0.0,0.0,0.0,0
TOMM7,0.9351974305686757,0.44322974937400594,0.0,0.0,0.0,0.9297979506327069,0.0,0.0,0.0,0.0,0.0,1.0,0.0,0.0,0
NFKBIA,0.9351974305686757,0.34612720810405584,0.03686279593385899,0.16423323953371588,0.02930223907286403,0.0,0.0,0.0,0.0,0.0,0.0,1.0,0.0,0.0,0
NR2C2AP,0.6928018137162291,0.3327214192752928,0.0466906560476686,0.05631075566497563,0.6060178006063303,0.0,0.0,0.0,1.0,0.0,0.0,0.0,0.0,0.0,0
SCYL3,0.729453995843567,0.8626313826670017,0.026986642234069606,0.4139837798536017,0.044550897893872225,0.7840874319901688,0.0,0.0,0.0,0.0,0.0,0.0,0.0,0.0,0
TULP4,0.0034007179293406298,0.1914377697102541,0.0344837092412817,0.0,0.31718471288670463,0.0,0.0,0.0,0.0,0.0,0.0,1.0,0.0,0.0,0
ZMYM5,0.8091819384092198,0.16232618672511817,0.0,0.0,0.08572445577086042,0.0,0.0,0.0,0.0,0.0,0.0,0.0,0.0,0.0,0
TOP2B,0.49367088607594933,0.2740446453714485,0.029794390780086815,0.03824718334652958,0.0,0.0,0.0,0.0,0.0,0.0,0.0,0.0,0.0,0.0,0
SPDYA,0.5813338371433969,0.3320029530180911,0.0,0.0,0.0,0.9274582429904585,0.0,0.0,0.0,0.0,0.0,0.0,0.0,0.0,0
SNX29,0.7664840355186094,0.6196999794506476,0.9039711155440917,0.7924482697110056,0.8724034323185141,0.9441450966135764,0.881519991876433,0.0,0.0,0.0,0.0,0.0,0.0,0.0,0
WDR12,0.5885131305497827,0.2686515819196139,0.0,0.0,0.0,0.9236974653167311,0.8478578368000673,0.0,1.0,1.0,0.0,0.0,0.0,0.0,0
MBD6,0.9351974305686757,0.33708701509235794,0.0,0.0,0.15305954644568315,0.0,0.9196947469572291,0.0,0.0,1.0,0.0,0.0,0.0,0.0,0
NPHP4,0.4515397695068959,0.15827568098271577,0.9481235047241648,0.9256267049557326,0.7849410650609335,0.9257455598666062,0.8985646712996102,0.0,0.0,0.0,0.0,0.0,0.0,0.0,0
GJC1,0.541847723408275,0.245829623033541,0.09577005514795445,0.10443961540288947,0.33233151698710256,0.9021729058847117,0.0,0.0,0.0,0.0,0.0,0.0,0.0,0.0,0
TBC1D12,0.4851690912525978,0.22505955506845976,0.03531508912116402,0.6595964201866014,0.02155916829947228,0.0,0.9173568900133692,0.0,0.0,0.0,0.0,0.0,0.0,0.0,0
SPR,0.4823351596448139,0.33472307844525123,0.04273259488001679,0.12403720303141473,0.02623855345827405,0.0,0.7628726898609339,0.0,0.0,0.0,0.0,0.0,0.0,0.0,0
CDYL2,0.5392027205743435,0.008531786804270913,0.052207191604333326,0.0,0.5805440192070369,0.0,0.0,0.0,0.0,0.0,0.0,0.0,0.0,0.0,0
ZNF510,0.49499338749291516,0.25435684331499114,0.029048775168095654,0.9506044062889557,0.058465352701386405,0.0,0.0,0.0,0.0,0.0,0.0,0.0,0.0,0.0,0
LSS,0.8439448327980351,0.370165384234841,0.0,0.8102652916418939,0.0,0.0,0.0,0.0,0.0,0.0,0.0,0.0,0.0,0.0,0
MED21,0.9351974305686757,0.4239940330768469,0.02857691756713794,0.35130757093648246,0.0,0.0,0.8580591799144165,0.0,0.0,0.0,0.0,0.0,0.0,0.0,0
PAFAH1B2,0.018326091063668976,0.051384036958390944,0.0,0.0,0.0,0.8777646894379845,0.0,0.0,0.0,0.0,0.0,0.0,0.0,0.0,0
CTSC,0.9351974305686757,0.21811539603169156,0.06143499683133877,0.7631997042405347,0.055649532878688325,0.0,0.0,0.0,0.0,0.0,0.0,0.0,0.0,0.0,0
ZFAND5,0.5201209144152654,0.2667092875463311,0.03387428394111666,0.0,0.0,0.0,0.0,0.0,0.0,0.0,0.0,1.0,0.0,0.0,0
PSMA4,0.9351974305686757,0.28507888668173614,0.025191255007239174,0.041449442217065265,0.0,0.0,0.0,0.0,0.0,0.0,0.0,0.0,0.0,0.0,0
TMEM120A,0.9351974305686757,0.3961123669048869,0.030007967288775295,0.8677724905350248,0.3953846103152046,0.7738099904975081,0.0,0.0,0.0,0.0,0.0,0.0,0.0,0.0,0
SF3A3,0.9351974305686757,0.2617302554969518,0.036955842484558105,0.500605604362323,0.0,0.0,0.0,0.0,0.0,0.0,0.0,0.0,0.0,0.0,0
TIGD7,0.7370111467976572,0.5985493679171329,0.0,0.0,0.0,0.9586398270307038,0.0,0.0,0.0,0.0,0.0,0.0,0.0,0.0,0
SHBG,0.0,0.011647677542601542,0.0,0.0,0.9496077124689569,0.0,0.7010069374898383,1.0,0.0,0.0,0.0,0.0,0.0,0.0,0
BNIP3L,0.5618741734366144,0.07359103743787618,0.028925654018870147,0.0,0.3094015118418149,0.6419046225197873,0.8485828200693564,0.0,0.0,0.0,0.0,0.0,0.0,0.0,0
SP7,0.46722085773663324,0.3133791507789727,0.04131674554191571,0.8536076642479087,0.46407589702068197,0.8259491534012571,0.7367108612887182,0.0,0.0,0.0,0.0,0.0,0.0,0.0,0
RWDD2A,0.5832231248819195,0.21416535379135548,0.0,0.0,0.0,0.0,0.8278550032257423,0.0,0.0,0.0,0.0,0.0,0.0,0.0,0
SENP3,0.0,0.010776993858026551,0.01722356126321043,0.0,0.0,0.0,0.0,0.0,0.0,0.0,1.0,0.0,0.0,0.0,0
TYSND1,0.9351974305686757,0.2777785388649146,0.04210581423840019,0.9768161031818048,0.0575499461908752,0.0,0.0,0.0,0.0,0.0,0.0,0.0,0.0,0.0,0
ZNF34,0.9351974305686757,0.8050079533605812,0.021714814481649317,0.18544274372097214,0.2889587467425625,0.0,0.0,0.0,0.0,0.0,0.0,0.0,0.0,0.0,0
KRT86,0.6848668052144341,0.32744860759108313,0.0,0.0,0.0,0.5733804809614649,0.0,0.0,0.0,0.0,1.0,0.0,0.0,0.0,0
SENP2,0.6914793122992632,0.4552777587505995,0.046862604603278346,0.7954058194919046,0.06183973273991766,0.6576751817525831,0.8925407693028521,0.0,0.0,0.0,0.0,0.0,0.0,0.0,0
RHOBTB1,0.9351974305686757,0.30942301984154164,0.11462440873092807,0.07416199395721398,0.3504464673123493,0.0,0.7137939791633056,0.0,0.0,0.0,0.0,1.0,0.0,0.0,0
TMEM223,0.5119969771396183,0.28633315828329187,0.040162602130601494,0.0,0.0,0.0,0.0,0.0,0.0,0.0,0.0,0.0,0.0,0.0,0
THOP1,0.5486491592669563,0.22133631679490987,0.5893224405763303,0.6758363366351103,0.8200086160976826,0.9160930861929275,0.9114393385910141,0.0,0.0,0.0,0.0,0.0,0.0,0.0,0
ZNF195,0.47591158133383715,0.24037871695930474,0.06048680353777222,0.0,0.06482375473914265,0.8202403015810196,0.0,0.0,0.0,0.0,0.0,0.0,0.0,0.0,0
BMS1,0.9351974305686757,0.32104938694431123,0.03563727066688976,0.2681750648290853,0.0,0.0,0.9104710244254112,0.0,0.0,0.0,0.0,0.0,0.0,0.0,0
ATP8A1,0.6200642357831098,0.23163687010525824,0.0,0.6987821642875168,0.0,0.0,0.0,0.0,0.0,0.0,0.0,0.0,0.0,0.0,0
DDX21,0.560173814471944,0.2690686576706167,0.026565091691156048,0.0635198715879377,0.19274371259051,0.0,0.895154027953184,0.0,0.0,0.0,0.0,0.0,0.0,0.0,0
CEP85L,0.9351974305686757,0.24826205752296573,0.05535998039708099,0.1017722221509942,0.3498574210307022,0.0,0.8883848093478801,0.0,0.0,0.0,0.0,0.0,0.0,0.0,0
ADCK1,0.5936142074437937,0.23336910442876602,0.025456638192203687,0.3511528744285583,0.0811455721792418,0.0,0.9239531465220148,0.0,0.0,0.0,0.0,0.0,0.0,0.0,0
CREBZF,0.9351974305686757,0.21231286770022295,0.04462438814601206,0.07726149295878658,0.0,0.0,0.0,0.0,0.0,0.0,0.0,1.0,0.0,0.0,0
RPL19,0.9351974305686757,0.5087426079411832,0.02414822430327687,0.05304187429258595,0.03510194862523899,0.0,0.8048812595826493,0.0,0.0,0.0,0.0,0.0,0.0,0.0,0
DDX1,0.5701870394861137,0.3189974960233197,0.033194053760728384,0.13550378171292954,0.0,0.0,0.949736969921654,0.0,0.0,0.0,0.0,0.0,0.0,0.0,0
RUVBL2,0.8634044965048177,0.34365367490924037,0.0,0.8275341207304189,0.0,0.9072252930767408,0.0,0.0,1.0,0.0,0.0,0.0,0.0,0.0,0
IKZF2,0.5184205554505952,0.26107419838497303,0.0,0.05891999455853742,0.0,0.0,0.0,0.0,0.0,0.0,0.0,0.0,1.0,0.0,0
EIF3D,0.5002833931607784,0.125383017101628,0.025601785422973547,0.0,0.11033041183323519,0.0,0.6533491781631133,0.0,0.0,0.0,0.0,0.0,0.0,0.0,0
POC5,0.5907802758360099,0.2541102510826464,0.042846893193809854,0.23034086872479465,0.6035541212360807,0.6074329363697413,0.0,0.0,0.0,0.0,0.0,0.0,0.0,0.0,0
RFT1,0.5749102588324202,0.1874618505072645,0.04084250888039652,0.0,0.0,0.8565699056576029,0.0,0.0,0.0,0.0,0.0,0.0,0.0,0.0,0
SMAD1,0.538824863026639,0.2441674087266251,0.037299778279235536,0.10150886488175455,0.055068431275708866,0.0,0.0,0.0,0.0,0.0,0.0,0.0,0.0,0.0,0
GPR108,0.014925373134328346,0.2755181100684217,0.0,0.0,0.0,0.9847487351126081,0.0,0.0,0.0,0.0,0.0,0.0,0.0,0.0,0
FAM161A,0.51464197997355,0.35312920976322576,0.03139708279739181,0.05772892775702492,0.05187809808363859,0.0,0.0,0.0,0.0,0.0,0.0,0.0,0.0,0.0,0
DNMT3A,0.4813905157755526,0.3132254111773257,0.1761198764716796,0.6128005085986555,0.7702576931878578,0.8349571164683239,0.9395696589800199,0.0,0.0,0.0,0.0,0.0,0.0,0.0,0
SEC31A,0.541847723408275,0.23539664056137782,0.035800788065300564,0.03671666844036782,0.03196216572172292,0.9309342992688656,0.0,0.0,0.0,0.0,1.0,0.0,0.0,0.0,0
DAP,0.6748535802002644,0.47877404083993613,0.0,0.911213023640807,0.0,0.8528818981767875,0.0,0.0,0.0,0.0,0.0,0.0,0.0,0.0,0
MIIP,0.4502172680899301,0.14506168611244308,0.029605243699125868,0.0,0.07374895973290875,0.0,0.9492367978430404,0.0,0.0,0.0,0.0,0.0,0.0,0.0,0
TRIP6,0.9351974305686757,0.3914803905899187,0.0,0.7276026236397943,0.5292512134308187,0.0,0.6009938955900405,0.0,0.0,0.0,0.0,0.0,0.0,0.0,0
USP25,0.9351974305686757,0.34155003006294193,0.06019646068631269,0.9107975916051262,0.04471683149608862,0.0,0.8011554599762097,0.0,0.0,0.0,0.0,0.0,0.0,0.0,0
UBE2L6,0.9351974305686757,0.29618010366006803,0.10478990487806403,0.20669476455278832,0.023549080762075607,0.0,0.0,0.0,0.0,0.0,0.0,1.0,0.0,0.0,0
RFWD3,0.52635556395239,0.018474629160292133,0.0,0.0,0.0,0.9081666435182678,0.0,0.0,0.0,0.0,0.0,0.0,0.0,0.0,0
ZKSCAN4,0.7802758360098243,0.37661331445837243,0.06049337265384599,0.0,0.03987327844320323,0.9626958959550606,0.0,0.0,0.0,0.0,0.0,0.0,0.0,0.0,0
AP1S1,0.5739656149631589,0.37821464179433906,0.0557388345381882,0.5970360716337483,0.7841065341651995,0.8567239338812056,0.7526305964467503,0.0,1.0,0.0,0.0,0.0,0.0,0.0,0
AMBRA1,0.6442471188361987,0.32092304647959147,0.05059426227466484,0.0,0.04414155249199896,0.6243991006192167,0.8076499171026191,0.0,0.0,0.0,1.0,0.0,0.0,0.0,0
MLLT6,0.9351974305686757,0.43155619486875063,0.0,0.0,0.0,0.9312740947390694,0.0,0.0,0.0,0.0,0.0,0.0,0.0,0.0,0
SWI5,0.5000944643869261,0.27879535127976796,0.0,0.0,0.0,0.0,0.8499863810855963,0.0,0.0,0.0,0.0,0.0,0.0,0.0,0
SNTB1,0.9351974305686757,0.9296603268108167,0.0,0.13579003176008286,0.0,0.07035510580117554,0.0,0.0,0.0,0.0,0.0,0.0,0.0,0.0,0
NSUN7,0.7273757793311921,0.22928663302661517,0.0,0.0,0.0,0.0,0.9234151818274495,0.0,0.0,0.0,0.0,0.0,0.0,0.0,0
MAN1A1,0.9351974305686757,0.25239019415332853,0.0,0.12259393569610354,0.0,0.8158722699907528,0.0,0.0,0.0,0.0,0.0,0.0,0.0,0.0,0
FHIT,0.5904024182883053,0.19837888439847456,0.056984338118821705,0.28116782615237956,0.18496413262527012,0.9157119301201844,0.0,0.0,0.0,0.0,0.0,0.0,0.0,0.0,0
ZNF518B,0.47591158133383715,0.20259835148526156,0.0,0.9138117288523766,0.0,0.0,0.0,0.0,0.0,0.0,0.0,0.0,0.0,0.0,0
CFAP70,0.8904213111656906,0.30415173033160564,0.049448085821384304,0.05297833975215957,0.0,0.8942411623449912,0.0,0.0,0.0,1.0,0.0,0.0,0.0,0.0,0
MGMT,0.9351974305686757,0.23772252285164136,0.06326613525928222,0.7824568116579297,0.207179391779619,0.0,0.0,0.0,0.0,0.0,0.0,0.0,0.0,0.0,0
MAGOH,0.6378235405252219,0.26534389722279306,0.0,0.0,0.0,0.8950535855734716,0.0,0.0,0.0,0.0,0.0,0.0,0.0,0.0,0
GOSR1,0.9351974305686757,0.33302433195576564,0.03422676913533845,0.14794913558297731,0.06244510522352074,0.0,0.9050651635159264,0.0,0.0,1.0,0.0,1.0,0.0,0.0,0
HK1,0.6365010391082562,0.27406443363700705,0.036306660585177675,0.6213281110922623,0.8435350855631583,0.8592695575170283,0.8276756677136871,0.0,0.0,0.0,1.0,0.0,0.0,0.0,0
SPATA25,0.8605705648970338,0.5437906705938763,0.0,0.7541440285700317,0.0,0.8870342533527874,0.0,0.0,0.0,0.0,0.0,0.0,0.0,0.0,0
NFRKB,0.9351974305686757,0.10739700588320328,0.027615793835496543,0.9297844552201695,0.19795794551109624,0.9310014231923384,0.0,0.0,0.0,0.0,0.0,1.0,0.0,0.0,0
STX6,0.7895333459285849,0.8841199168892853,0.028049975497336677,0.03252965325632772,0.2641566406905901,0.0,0.0,0.0,0.0,0.0,0.0,1.0,0.0,0.0,0
PGC,0.9351974305686757,0.41137825269615114,0.0,0.0,0.0,0.0,0.8894234888390197,0.0,0.0,0.0,0.0,0.0,0.0,0.0,0
CA14,0.9351974305686757,0.9174296565213752,0.0,0.0,0.0,0.9474169569627591,0.0,0.0,0.0,0.0,1.0,0.0,0.0,0.0,0
CDK6,0.5416587946344229,0.40709942081268885,0.03968336342225942,0.5155005909853995,0.0,0.7523363153662717,0.0,0.0,0.0,0.0,0.0,0.0,0.0,0.0,0
GTF3C5,0.4587190629132817,0.27455761810169643,0.05217506107388626,0.49748476578906586,0.0,0.0,0.0,0.0,0.0,0.0,0.0,1.0,0.0,0.0,0
PRPSAP1,0.7415454373701115,0.4812886727401422,0.04601276809756327,0.0937550253733339,0.0,0.0,0.9183956726480547,0.0,0.0,0.0,0.0,0.0,0.0,0.0,0
C4orf33,0.496315888909881,0.2291861695245489,0.0,0.0,0.7794032365619172,0.0,0.06958681466300182,0.0,0.0,0.0,0.0,1.0,0.0,0.0,0
ZNF852,0.019648592480634774,0.20500947553485377,0.03152345667437963,0.0,0.013379899880186378,0.0,0.0,0.0,0.0,0.0,0.0,0.0,0.0,0.0,0
JAK1,0.6393349707160401,0.2519685518795047,0.03463804198896668,0.21285681061683734,0.4044048511456788,0.7618430578204798,0.0,0.0,0.0,0.0,0.0,0.0,0.0,0.0,0
AFF3,0.7007368222180238,0.30794651079602103,0.8788656017679874,0.8682432273201532,0.6252276897348965,0.0,0.9283792232446195,0.0,0.0,0.0,0.0,0.0,0.0,0.0,0
AP1M1,0.9351974305686757,0.34058040505057424,0.0,0.0,0.0,0.0,0.8881602670415442,0.0,0.0,0.0,0.0,0.0,0.0,0.0,0
FAM13B,0.6584167768751181,0.3037864085059098,0.0,0.0,0.0,0.6688361564960807,0.0,0.0,0.0,0.0,1.0,0.0,0.0,0.0,0
FBRS,0.7266200642357831,0.5965309648301638,0.04665382344543473,0.0,0.20016830717826542,0.0,0.0,1.0,0.0,1.0,0.0,0.0,0.0,0.0,0
AGFG2,0.9351974305686757,0.39770151684666377,0.038974112201479144,0.0,0.0,0.4666381376522562,0.0,0.0,0.0,0.0,1.0,0.0,0.0,0.0,0
SPOP,0.9351974305686757,0.49328340601715503,0.05929589504414357,0.11421411758612296,0.3075524448571296,0.8055396728102633,0.0,0.0,0.0,0.0,0.0,1.0,0.0,0.0,0
RNF2,0.7895333459285849,0.8742531832469507,0.04077686393569606,0.26391417457827165,0.03254517563451825,0.0,0.0,0.0,0.0,0.0,0.0,1.0,0.0,0.0,0
LANCL1,0.5184205554505952,0.2634305241607111,0.0,0.35637053195164003,0.0,0.8801984675108313,0.0,0.0,0.0,0.0,0.0,1.0,0.0,0.0,0
NAA30,0.5624409597581712,0.2787375086573662,0.05870205791764449,0.3402590091002734,0.159501467026799,0.0,0.918886459008435,0.0,0.0,0.0,0.0,1.0,0.0,0.0,0
IFNAR1,0.7385225769884753,0.3411588312745926,0.03775704994728512,0.0,0.06671175471764514,0.0,0.0,0.0,0.0,0.0,0.0,0.0,0.0,0.0,0
HARBI1,0.6442471188361987,0.31992450015602286,0.0,0.0,0.0,0.9418784234686268,0.0,0.0,0.0,0.0,0.0,0.0,0.0,0.0,0
RAB11FIP5,0.49008123937275644,0.3346393588601959,0.0,0.841248384381155,0.0,0.9302353800589159,0.0,0.0,0.0,0.0,1.0,0.0,0.0,0.0,0
BLCAP,0.9351974305686757,0.5294959319892534,0.0,0.6975441075304847,0.548246520794651,0.5986868095170439,0.24323171400954496,0.0,0.0,0.0,0.0,1.0,0.0,0.0,0
VEGFA,0.9351974305686757,0.4074921417753118,0.042409008479160064,0.5077035321672203,0.5570928134806822,0.0,0.582637695806228,0.0,0.0,0.0,0.0,0.0,1.0,0.0,0
DNAJC13,0.5237105611184584,0.36941038579506974,0.03090520177370724,0.8689854658859663,0.04300665464909668,0.0,0.0,0.0,0.0,1.0,0.0,0.0,0.0,0.0,0
CHDH,0.03910825618741731,0.1828268298437487,0.9509917743771528,0.6471242945924545,0.9669018901556629,0.8837325528970739,0.0,0.0,0.0,0.0,0.0,0.0,0.0,0.0,0
DPH1,0.4496504817683733,0.04214139476828671,0.16398083816651743,0.7574908822429105,0.0,0.9493707958253432,0.8743995923082769,0.0,0.0,0.0,0.0,0.0,0.0,0.0,0
GOLGA8B,0.7763083317589269,0.20404137269676004,0.06229437196670445,0.9102752981972942,0.4034470074939012,0.772333633169376,0.0,0.0,0.0,0.0,0.0,0.0,0.0,0.0,0
NDUFS8,0.9351974305686757,0.4764603359438624,0.0,0.0,0.0,0.7566850270266949,0.0,0.0,0.0,0.0,0.0,0.0,0.0,0.0,0
CLK3,0.7736633289249952,0.263613185073559,0.0,0.0,0.0,0.6075433702643154,0.9227654106782407,0.0,0.0,0.0,0.0,0.0,0.0,0.0,0
INPP5K,0.4496504817683733,0.04421611830338423,0.9401624986758748,0.8757639067023167,0.0,0.8548557703921088,0.6140462962097273,0.0,0.0,0.0,0.0,0.0,0.0,0.0,0
MTTP,0.596070281503873,0.2269866276990053,0.0,0.0,0.0,0.0,0.7394703516545379,0.0,0.0,0.0,0.0,0.0,0.0,0.0,0
RBM20,0.7515586623842812,0.21848528438020876,0.11759699781508698,0.13505292999386367,0.50497607090139,0.0,0.8734943188736406,0.0,0.0,0.0,0.0,1.0,0.0,0.0,0
BTN2A1,0.7970904968826753,0.37750226423423217,0.03736546532409969,0.04432131580471238,0.8440770698528959,0.0,0.0,0.0,0.0,0.0,1.0,0.0,0.0,0.0,0
NT5DC3,0.651804269790289,0.30519746405765996,0.0,0.872526126158818,0.0,0.0,0.0,0.0,0.0,1.0,0.0,1.0,0.0,0.0,0
STK32C,0.9351974305686757,0.2481783379379106,0.48032746384880476,0.8090772486260106,0.7163498975437068,0.8536322135762086,0.767621546285648,0.0,0.0,0.0,0.0,0.0,0.0,0.0,0
INSIG2,0.6336671075004723,0.27676781514715615,0.042496873844648696,0.15944341089917916,0.043646663011604254,0.0,0.0,0.0,0.0,0.0,0.0,0.0,0.0,0.0,0
EXOC2,0.7058378991120348,0.3554063824767298,0.9806749271151006,0.881740248487542,0.9614941183965525,0.9315779797713203,0.0,0.0,0.0,1.0,0.0,0.0,0.0,0.0,0
ACBD5,0.8787077271868505,0.3788813541262341,0.0495416603537294,0.5985546016897425,0.05166279125602963,0.0,0.0,0.0,0.0,0.0,0.0,0.0,0.0,0.0,0
MORF4L1,0.9351974305686757,0.28589172774390936,0.05032857494993942,0.3615267572726855,0.4149218802907265,0.0,0.7300346671752965,0.0,0.0,0.0,1.0,0.0,0.0,0.0,0
NXT1,0.9351974305686757,0.45313453737318404,0.0,0.8816267194736446,0.0,0.0,0.8292612831826821,0.0,0.0,0.0,0.0,0.0,0.0,0.0,0
PSMG4,0.6689967882108445,0.35137109847706466,0.030288495811539543,0.18671895410684552,0.0,0.0,0.5118083977155622,0.0,0.0,0.0,1.0,0.0,0.0,0.0,0
LIMS1,0.9351974305686757,0.29797322495452505,0.0,0.0,0.0,0.0,0.2931160782375514,0.0,0.0,0.0,0.0,0.0,0.0,0.0,0
MCMBP,0.4825240884186661,0.21943816547556536,0.03388143899226561,0.038241504725985385,0.0,0.0,0.8849389177346323,0.0,0.0,0.0,0.0,0.0,0.0,0.0,0
TMEM176B,0.6888343094653315,0.3649702034385917,0.0,0.823957773840507,0.0,0.7962034657372484,0.0,0.0,0.0,0.0,0.0,0.0,0.0,0.0,0
STEAP3,0.5803891932741356,0.26852828580344157,0.052103857131843664,0.9419363292319709,0.06679572940181096,0.0,0.8607349279053929,0.0,0.0,0.0,0.0,0.0,0.0,0.0,0
GADD45A,0.5061401851501983,0.25437815375482337,0.04379222475557513,0.157605929319094,0.10748743746793826,0.0,0.0,0.0,0.0,0.0,0.0,0.0,0.0,0.0,0
TBCD,0.9351974305686757,0.448746108942013,0.7717127881923033,0.839524865932292,0.8768196701451403,0.8850088783399084,0.7367315129344492,0.0,0.0,0.0,0.0,0.0,0.0,0.0,0
IQCK,0.7364443604761005,0.6153282949364877,0.0,0.0,0.0,0.0,0.7870563319026811,0.0,0.0,0.0,0.0,0.0,0.0,0.0,0
EIF3M,0.9351974305686757,0.3727439474545441,0.035235099165750086,0.9622203015284324,0.05667006194343773,0.0,0.8670588231599338,0.0,0.0,0.0,0.0,1.0,0.0,0.0,0
NEK4,0.03910825618741731,0.17886765455777018,0.030791185037100044,0.9063234089943754,0.4047144952672079,0.0,0.0,0.0,0.0,1.0,0.0,0.0,0.0,0.0,0
ILVBL,0.9351974305686757,0.3582665479370733,0.0,0.0,0.681086517923429,0.0,0.973146690648763,0.0,0.0,0.0,0.0,0.0,0.0,0.0,0
NDE1,0.698658605705649,0.6131196200653017,0.04074644248420174,0.0,0.0,0.0,0.0,0.0,1.0,0.0,0.0,1.0,0.0,0.0,0
SEMA4G,0.5877574154543737,0.22052652008128412,0.0,0.044840981359008276,0.0,0.0,0.0,0.0,0.0,0.0,0.0,0.0,0.0,0.0,0
ALMS1,0.6109956546382014,0.340490596768424,0.0,0.0,0.0,0.0,0.9208435319328366,0.0,0.0,0.0,0.0,0.0,0.0,0.0,0
ZNF765,0.7166068392216134,0.36726564224338054,0.056854075921070335,0.12233255456266184,0.0,0.7889771359938814,0.9150562080015557,0.0,0.0,0.0,0.0,1.0,0.0,0.0,0
HMGCL,0.4783676553939165,0.14646056427000334,0.0,0.0,0.8864863755171815,0.0,0.8464271583545327,0.0,0.0,0.0,0.0,1.0,0.0,0.0,0
COG1,0.9129038352541092,0.5089374462482211,0.0,0.0,0.0,0.0,0.6385159574584083,0.0,0.0,0.0,1.0,0.0,0.0,0.0,0
TRIM28,0.9351974305686757,0.36018600969625014,0.0,0.0,0.05991610326259299,0.0,0.0,0.0,0.0,0.0,0.0,0.0,0.0,0.0,0
SPEN,0.4502172680899301,0.13320242634579238,0.907591504485053,0.9336780353670684,0.2794166328506147,0.7509849084577912,0.8492940859399578,0.0,0.0,1.0,0.0,0.0,0.0,0.0,0
MKNK1,0.0,0.2530584286594972,0.0336476727163611,0.8913560985296184,0.6324300071535617,0.8981818537701081,0.8345705082866127,0.0,0.0,0.0,0.0,0.0,0.0,0.0,0
PIAS1,0.9351974305686757,0.25261090942301984,0.05359863300440083,0.0,0.1609319586843957,0.0,0.8737342053482895,0.0,0.0,0.0,0.0,0.0,0.0,0.0,0
STT3A,0.01719251842055544,0.0732272377864539,0.0,0.0,0.0,0.0,0.9672097863990612,0.0,0.0,0.0,0.0,1.0,0.0,0.0,0
BNIP2,0.6446249763839034,0.2245526710353068,0.023060127761618268,0.0,0.0,0.796673494118367,0.0,0.0,0.0,0.0,0.0,1.0,0.0,0.0,0
PPP2R5E,0.5607406007935009,0.24962592567223024,0.0,0.0,0.0,0.9484825544416702,0.0,0.0,0.0,0.0,0.0,0.0,0.0,0.0,0
CELF1,0.6442471188361987,0.32379082281130367,0.05727364573288035,0.0376580486420185,0.23286968111350378,0.0,0.7427505610627652,0.0,0.0,0.0,0.0,0.0,0.0,0.0,0
CDK17,0.653882486302664,0.3230069030603314,0.05823636327030157,0.02065829589191443,0.0,0.0,0.0,0.0,0.0,0.0,0.0,0.0,0.0,0.0,0
MYDGF,0.8261855280559229,0.26696196847577075,0.03162013210971464,0.05528423785157294,0.14033541120384863,0.0,0.0,0.0,0.0,0.0,0.0,0.0,0.0,0.0,0
NADK,0.0253164556962025,0.15959540607804193,0.538476710328953,0.7429070873444718,0.6365075017185592,0.8769990342171697,0.7337252741700527,0.0,0.0,0.0,1.0,0.0,0.0,0.0,0
CCM2,0.9351974305686757,0.44975987700831865,0.02531345479902057,0.0,0.032683612422919325,0.0,0.9425347037491782,0.0,0.0,0.0,0.0,0.0,0.0,0.0,0
CCDC148,0.5448705837899113,0.2670669985006583,0.0,0.0,0.0,0.7392163533367392,0.0,0.0,0.0,0.0,1.0,0.0,0.0,0.0,0
FN3KRP,0.9351974305686757,0.45106742470945516,0.0,0.9360612952801244,0.9362452451013459,0.9266238795590492,0.9868396953342542,0.0,0.0,0.0,0.0,0.0,0.0,0.0,0
RBM4B,0.9351974305686757,0.4489120259378496,0.03503982061883844,0.4078973013069908,0.03707436403445167,0.0,0.0,0.0,0.0,0.0,0.0,0.0,0.0,0.0,0
PRKACA,0.9351974305686757,0.3442381898303537,0.0,0.04715237302156773,0.0,0.7644074156410638,0.0,0.0,0.0,0.0,0.0,0.0,0.0,0.0,0
CAPZA2,0.6221424522954846,0.3864770037521596,0.029312182059946755,0.03085197635928412,0.22501829320746589,0.7550916682611396,0.0,0.0,0.0,0.0,0.0,0.0,0.0,0.0,0
FGR,0.4524844133761572,0.14774375718275992,0.6061994544175958,0.6229420655160489,0.6884946806189429,0.9343192227422611,0.8261235043275786,0.0,0.0,0.0,0.0,0.0,0.0,0.0,0
ABHD10,0.7101832609106367,0.37571066511404894,0.03145764010060736,0.11948492875339906,0.08663274620728267,0.0,0.0,0.0,0.0,0.0,0.0,0.0,0.0,0.0,0
ZSCAN20,0.6578499905535613,0.22614638749990482,0.03232599118830288,0.14515653220937508,0.9752231916779117,0.0,0.9506321106844603,0.0,0.0,0.0,0.0,0.0,0.0,0.0,0
PUS1,0.48573587757415454,0.2967204755272431,0.9388433259182277,0.7036563912533954,0.0,0.9233614788080925,0.9378460121247263,0.0,0.0,0.0,0.0,0.0,0.0,0.0,0
VAT1,0.7326657849990553,0.25517120655143805,0.029714430428064896,0.3381176953556906,0.03374390651263331,0.6356704167428366,0.0,0.0,0.0,0.0,0.0,0.0,0.0,0.0,0
CMIP,0.546948800302286,0.01190188064631481,0.39840650673077926,0.5967031480224327,0.32496227298410973,0.8478836685504707,0.7838880628899183,0.0,0.0,0.0,1.0,0.0,0.0,0.0,0
MPHOSPH9,0.48573587757415454,0.2992457626473655,0.0,0.0,0.0,0.7717285870644209,0.0,0.0,0.0,0.0,0.0,0.0,0.0,0.0,0
OTUD7B,0.9351974305686757,0.9054638445555636,0.02716971526062391,0.08260296367388915,0.9446129878281186,0.0,0.0,0.0,1.0,0.0,0.0,0.0,0.0,0.0,0
TIGD4,0.5118080483657661,0.23016949410538015,0.0,0.8169373764099668,0.0,0.0,0.0,0.0,0.0,0.0,0.0,0.0,0.0,0.0,0
PIK3C2B,0.9351974305686757,0.9309907071260589,0.04295107245961908,0.47976284029588406,0.04618101347379991,0.9347490115619823,0.0,0.0,0.0,0.0,1.0,1.0,0.0,0.0,0
LIG4,0.5682977517475911,0.21199168892846537,0.0,0.0,0.04129444244733237,0.0,0.0,0.0,0.0,0.0,0.0,0.0,0.0,0.0,0
PPP1R27,0.7232193463064425,0.4563311033480225,0.0,0.0,0.8615706016782406,0.0,0.3958591621922102,0.0,0.0,0.0,0.0,0.0,0.0,0.0,0
TGDS,0.9351974305686757,0.2148640317829988,0.032056472835108166,0.041698855431182937,0.0,0.0,0.0,0.0,0.0,0.0,0.0,1.0,0.0,0.0,0
UBTF,0.541847723408275,0.24732592034462014,0.025011862027541406,0.05280841935766197,0.0,0.0,0.0,0.0,0.0,0.0,0.0,0.0,0.0,0.0,0
STK4,0.8424334026072171,0.5364340023289268,0.0,0.0,0.0,0.0,0.6218209094431529,0.0,0.0,0.0,0.0,0.0,0.0,0.0,0
ZNF792,0.9351974305686757,0.4235221590519899,0.05086753306032998,0.0,0.16829420939546816,0.858820619603304,0.0,0.0,0.0,0.0,0.0,0.0,0.0,0.0,0
GNB2,0.9351974305686757,0.39758735377613386,0.03977203259309507,0.04781415762763189,0.8177027381483508,0.0,0.8932101504813167,0.0,0.0,0.0,0.0,0.0,0.0,0.0,0
LGALS8,0.9351974305686757,0.8893074868141656,0.0,0.5662533814946243,0.0,0.0,0.9437903665461601,0.0,0.0,0.0,0.0,0.0,0.0,0.0,0
NDUFA5,0.6266767428679387,0.3908182447808449,0.07503651824692313,0.05836367647501355,0.1059460494513215,0.0,0.0,0.0,0.0,0.0,0.0,0.0,0.0,0.0,0
DNM1L,0.9351974305686757,0.4081725536756703,0.03411735253302693,0.4023386099333424,0.0,0.0,0.9445457062412579,0.0,0.0,1.0,0.0,0.0,0.0,0.0,0
ATP12A,0.8781409408652938,0.17941259294776662,0.05682289872468783,0.0,0.6744825314071905,0.0,0.0,0.0,0.0,0.0,0.0,0.0,0.0,0.0,0
KDR,0.9351974305686757,0.297518094846679,0.08933535139629863,0.6591168842491771,0.24654424712011125,0.9146965706231075,0.0,0.0,0.0,0.0,0.0,0.0,0.0,0.0,0
ANKZF1,0.5184205554505952,0.254562336841945,0.0,0.0,0.0,0.0,0.897426217064189,0.0,0.0,0.0,0.0,0.0,0.0,0.0,0
TMEM242,0.0034007179293406298,0.19105570396754717,0.0,0.8833803371525885,0.0,0.0,0.0,0.0,0.0,0.0,0.0,0.0,0.0,0.0,0
CLK4,0.6438692612884942,0.368230700732927,0.022073287428804884,0.10178175962809219,0.0,0.9008192815322187,0.3037361728806905,0.0,0.0,1.0,1.0,0.0,0.0,0.0,0
BRD9,0.9210277725297562,0.4954738147970563,0.8914683123015864,0.8209002710176551,0.0,0.887691133364403,0.9066412983481045,0.0,0.0,0.0,0.0,0.0,0.0,0.0,0
PSAP,0.8088040808615152,0.30054265512858563,0.06097968045271016,0.0,0.88300279073042,0.0,0.0,0.0,0.0,0.0,0.0,0.0,0.0,0.0,0
KATNAL2,0.5437370111467976,0.23463098690169024,0.06773227283473093,0.10942914714592195,1.0,0.0,0.7114481673492168,0.0,0.0,0.0,0.0,0.0,1.0,0.0,0
GTPBP2,0.9351974305686757,0.40766566964251727,0.0,0.27155476353273894,0.0,0.0,0.0,0.0,0.0,0.0,0.0,0.0,0.0,0.0,0
CCDC6,0.8881541658794634,0.3004284920580557,0.040399733499993463,0.037787425128204516,0.11799838201246782,0.0,0.0,0.0,0.0,0.0,0.0,0.0,0.0,0.0,0
SKIL,0.9283959947099943,0.48554771635804606,0.029392919543518314,0.04855736607819751,0.8815370053569984,0.0,0.929550258221169,0.0,0.0,0.0,0.0,0.0,0.0,0.0,0
TSEN2,0.5936142074437937,0.3288200866117162,0.028524052369738557,0.05373329681313746,0.9631499833761052,0.0,0.6012439307974282,0.0,0.0,0.0,0.0,1.0,0.0,0.0,0
GORASP1,0.48932552427734743,0.2420683304031478,0.0,0.0,0.0,0.9021065472343089,0.0,0.0,0.0,0.0,0.0,0.0,0.0,0.0,0
ANKRD46,0.9351974305686757,0.9328690701798449,0.04265916660248165,0.04426238338995534,0.3367529116403703,0.0,0.0,0.0,0.0,0.0,0.0,0.0,0.0,0.0,0
SRFBP1,0.670130360853958,0.28205584857410326,0.040055088189030016,0.022431160085001792,0.10564585945583022,0.0,0.0,0.0,0.0,0.0,0.0,0.0,0.0,0.0,0
YY1,0.9351974305686757,0.27457892854152866,0.03914143152528328,0.0,0.0,0.0,0.0,0.0,0.0,0.0,0.0,0.0,0.0,0.0,0
CD46,0.9351974305686757,0.9242626968361605,0.06420546659299789,0.1222043074319778,0.06972495917311254,0.0,0.4213414185512373,0.0,1.0,0.0,0.0,1.0,0.0,0.0,0
ATP6V1G1,0.49499338749291516,0.2750157925580899,0.03507153235632555,0.09029631658706763,0.0,0.0,0.0,0.0,1.0,0.0,0.0,0.0,0.0,0.0,0
CORO1C,0.5127526922350274,0.3089252688540311,0.06606735858778183,0.12174630327366201,0.0,0.0,0.0,0.0,0.0,0.0,0.0,1.0,0.0,0.0,0
PIP5K1C,0.052711127904779886,0.22424975835483407,0.7831422790398646,0.7752068865190777,0.44170906558507583,0.7770899689714807,0.86990797889153,0.0,0.0,0.0,0.0,0.0,0.0,0.0,0
POLR3B,0.80502550538447,0.31369424085363534,0.026434379752225734,0.20530435122124194,0.027972867725074825,0.0,0.0,0.0,0.0,0.0,0.0,0.0,0.0,0.0,0
ZNF235,0.9351974305686757,0.3399806683867236,0.03770754185161413,0.0,0.06785926177396917,0.0,0.0,0.0,0.0,0.0,0.0,0.0,0.0,0.0,0
SLC9B2,0.4451161911959191,0.22991681317594054,0.05989339068560908,0.0,0.6734943758079699,0.0,0.935829265727856,0.0,0.0,0.0,0.0,0.0,0.0,0.0,0
C19orf47,0.9351974305686757,0.3968247444649938,0.0,0.0,0.0,0.9020595060666894,0.0,0.0,0.0,0.0,0.0,0.0,0.0,0.0,0
CTDSPL,0.5121859059134706,0.24951024042742648,0.0,0.0,0.0,0.0,0.25103206993114596,0.0,0.0,0.0,0.0,0.0,0.0,0.0,0
PHYH,0.9351974305686757,0.44803220920763237,0.04408438842352408,0.20740343640862863,0.02948890483406298,0.8536782850742363,0.0,0.0,0.0,0.0,0.0,0.0,0.0,0.0,0
PPA2,0.5881352730020782,0.22281434801470423,0.036527699210752454,0.04724744698172215,0.22751224451898963,0.0,0.0,0.0,0.0,0.0,0.0,0.0,0.0,0.0,0
BCL7C,0.7266200642357831,0.592328241660388,0.9595425978165852,0.9603149200681417,0.9369188275677452,0.86976598630154,0.0,0.0,0.0,0.0,0.0,0.0,0.0,0.0,0
ABCC3,0.9351974305686757,0.5402150832248785,0.06547171486063776,0.3800505907575999,0.8296335596660566,0.0,0.7103279264901565,0.0,0.0,0.0,1.0,1.0,0.0,0.0,0
GPN3,0.5121859059134706,0.29828070415781904,0.0,0.0,0.0,0.9420931954524224,0.8619711844113023,1.0,0.0,0.0,0.0,0.0,0.0,0.0,0
POLDIP2,0.9351974305686757,0.42067417098583637,0.0,0.0,0.0,0.871341757536845,0.0,0.0,0.0,0.0,0.0,0.0,0.0,0.0,0
FBXL2,0.5248441337615719,0.268366935330426,0.029793649806152542,0.23836772506760218,0.1334657559272702,0.0,0.0,0.0,0.0,1.0,0.0,0.0,0.0,0.0,0
APH1A,0.9351974305686757,0.9177021257163733,0.0,0.0,0.0,0.9294690426361456,0.0,0.0,0.0,0.0,0.0,1.0,0.0,0.0,0
ZSWIM5,0.4615529945210655,0.2655478685754732,0.03221513680948542,0.0,0.07704167045954942,0.0,0.0,0.0,0.0,0.0,0.0,0.0,0.0,0.0,0
FZD8,0.8787077271868505,0.3799499204663943,0.0,0.8926252476152506,0.0,0.0,0.0,0.0,0.0,0.0,0.0,0.0,0.0,0.0,0
CTU2,0.5392027205743435,0.012388976413909514,0.0,0.9877939773486589,0.0,0.8604637375769452,0.0,0.0,0.0,0.0,0.0,0.0,0.0,0.0,0
SLC41A2,0.7876440581900623,0.30923579240587257,0.03586609955459581,0.0,0.027153250225742297,0.8159627324452792,0.0,0.0,0.0,0.0,0.0,0.0,0.0,0.0,0
TRIM25,0.9351974305686757,0.5187767807536287,0.0,0.0,0.03346693704355595,0.0,0.0,0.0,0.0,0.0,0.0,0.0,0.0,0.0,0
RPF1,0.5255998488569809,0.23504349612987185,0.05789342277048898,0.05289588127362845,0.03788884971636492,0.0,0.0,0.0,0.0,0.0,0.0,0.0,0.0,0.0,0
DLG5,0.9351974305686757,0.35441849137307735,0.0,0.3208416166557852,0.0,0.9288383662476355,0.0,0.0,0.0,0.0,1.0,0.0,0.0,0.0,0
CIAPIN1,0.52635556395239,0.024580070172234125,0.0,0.0,0.0,0.9244038587183102,0.0,0.0,0.0,0.0,0.0,0.0,0.0,0.0,0
MYH10,0.5208766295106745,0.02558318301862339,0.04163892925354334,0.4645951136707548,0.25950414813402534,0.0,0.0,0.0,0.0,0.0,0.0,1.0,0.0,0.0,0
HK2,0.4827130171925184,0.3379257331171846,0.06811979706664699,0.0,0.39303538368864527,0.0,0.5200335615100737,0.0,1.0,0.0,0.0,0.0,0.0,0.0,0
SLC25A4,0.5144530511996976,0.21627508733474898,0.051572544532663446,0.8943711995626538,0.0,0.0,0.9100909926871372,0.0,0.0,0.0,0.0,0.0,0.0,0.0,0
TEAD4,0.9293406385792556,0.39923891286313373,0.03651819330611065,0.0,0.28287208826319227,0.0,0.0,0.0,0.0,0.0,0.0,0.0,0.0,0.0,0
CNOT11,0.9351974305686757,0.3082890000076109,0.0,0.0,0.0,0.0,0.8394289110229965,0.0,0.0,0.0,0.0,0.0,0.0,0.0,0
SMIM19,1.0,0.6419374234156068,0.0,0.0,0.0,0.0,0.9232958663735344,0.0,0.0,0.0,0.0,1.0,0.0,0.0,0
C2orf16,0.48875873795579067,0.3231560761391572,0.0,0.0,0.0,0.933952727020424,0.0,0.0,0.0,0.0,0.0,0.0,0.0,0.0,0
ST6GALNAC2,0.7417343661439637,0.4841686264660443,0.045840488969762394,0.0,0.4764200964879694,0.0,0.0,0.0,0.0,0.0,0.0,0.0,0.0,0.0,0
SLC25A3,0.8375212544870584,0.3180948466789963,0.027091903428433903,0.0917124352165434,0.05121239535672647,0.0,0.0,0.0,0.0,0.0,0.0,0.0,0.0,0.0,0
ZNF343,0.9351974305686757,0.41664345350899223,0.06512660594858172,0.02814861325437813,0.0,0.9106003878208057,0.0,0.0,0.0,0.0,0.0,0.0,0.0,0.0,0
B9D1,0.9351974305686757,0.17041045429291193,0.0,0.8374411965536361,0.0,0.0,0.0,0.0,0.0,0.0,0.0,1.0,0.0,0.0,0
ZFYVE19,0.7723408275080295,0.1959510164318713,0.0,0.0,0.0,0.0,0.9578200529034773,0.0,1.0,0.0,0.0,0.0,0.0,0.0,0
HNRNPD,0.541847723408275,0.23562496670243774,0.0,0.040415113225059376,0.0,0.0,0.0,0.0,0.0,0.0,0.0,0.0,0.0,0.0,0
RPLP0,0.48573587757415454,0.30294007960971453,0.0,0.7898844703545137,0.0,0.0,0.8990779892178892,0.0,1.0,0.0,0.0,0.0,0.0,0.0,0
NEO1,0.9351974305686757,0.27361691440052965,0.08190217037156944,0.19922563845121974,0.05077600522946811,0.0,0.8391664781565821,0.0,0.0,0.0,0.0,0.0,0.0,0.0,0
CBLL1,0.511052333270357,0.37948565731290573,0.0,0.0,0.0,0.0,0.8870688051071619,0.0,0.0,0.0,0.0,0.0,0.0,0.0,0
DBNL,0.9351974305686757,0.44373663340715885,0.0541647110747553,0.22704998078240224,0.44796813435689714,0.811644967500167,0.9606451149642802,1.0,0.0,0.0,0.0,1.0,0.0,0.0,0
FAM98C,0.9351974305686757,0.4190043458075515,0.03681702499737226,0.0,0.029877000116798922,0.0,0.0,0.0,0.0,0.0,0.0,0.0,0.0,0.0,0
SLC30A1,0.9351974305686757,0.8841625377689494,0.026492104386087772,0.043348874514440014,0.3702823622657824,0.8867739668848675,0.0,0.0,0.0,0.0,0.0,0.0,0.0,0.0,0
ZNF426,0.8216512374834687,0.3138144926212602,0.0,0.0,0.0,0.9413122567448579,0.0,0.0,0.0,0.0,0.0,0.0,0.0,0.0,0
FSD1L,0.49499338749291516,0.25535386746428607,0.040343094219354156,0.8206264348446781,0.026621893556240384,0.0,0.875995758315794,1.0,0.0,1.0,0.0,1.0,0.0,0.0,0
MED23,0.7589268845645192,0.2539717332237367,0.0,0.0,0.0,0.8802270840048124,0.0,0.0,0.0,1.0,0.0,1.0,0.0,0.0,0
AP4E1,0.9351974305686757,0.23634799948246077,0.0,0.0,0.0,0.0,0.9040138020647669,0.0,0.0,0.0,1.0,1.0,0.0,0.0,0
MARK4,0.9351974305686757,0.3487560030747921,0.05085493051480562,0.4912479211521276,0.0,0.42633753297111276,0.8348614979076435,0.0,0.0,0.0,0.0,0.0,0.0,0.0,0
GANAB,0.6523710561118459,0.2912132490048786,0.03276467185832719,0.05359738557685963,0.0,0.0,0.9534630165106237,0.0,0.0,0.0,0.0,0.0,0.0,0.0,0
BRAF,0.9351974305686757,0.40684521770897564,0.03024167670436895,0.03402823728523145,0.6011386421467698,0.892334945520383,0.0,0.0,0.0,0.0,0.0,0.0,0.0,0.0,0
ITFG2,0.9351974305686757,0.4039104657092191,0.0,0.0,0.0,0.0,0.9484986090093672,0.0,0.0,0.0,0.0,0.0,0.0,1.0,0
CCDC171,0.9351974305686757,0.28336187410096575,0.06001869300035735,0.07347271186183116,0.04016826903148665,0.0,0.0,0.0,0.0,0.0,0.0,0.0,0.0,0.0,0
FBXO39,0.03287360665029282,0.01618375687832474,0.0,0.0,0.0,0.0,0.4289063950975762,0.0,0.0,0.0,0.0,0.0,0.0,0.0,0
TFRC,0.7035707538258077,0.46405309343866785,0.03530453688876073,0.02360249816683329,0.03587772978520914,0.0,0.0,0.0,0.0,0.0,0.0,1.0,0.0,0.0,0
GMCL1,0.4823351596448139,0.33684346720856073,0.07448617986378304,0.11828676259242413,0.06765787352969273,0.0,0.0,0.0,0.0,0.0,0.0,0.0,0.0,0.0,0
PPCDC,0.7736633289249952,0.26561179989496997,0.029965503448811746,0.05318300186425089,0.03770852187660951,0.0,0.0,0.0,0.0,0.0,0.0,0.0,0.0,0.0,0
SNRNP200,0.7007368222180238,0.3220616328363434,0.037637058289442346,0.411714761069499,0.24059475727022445,0.0,0.0,0.0,0.0,0.0,0.0,0.0,0.0,0.0,0
ABCF3,0.7882108445116192,0.4626937918122247,0.03474147121105445,0.46478880462734107,0.062260195865438996,0.0,0.856569427677185,0.0,0.0,0.0,0.0,0.0,0.0,0.0,0
ZBTB17,0.4502172680899301,0.1343790670593877,0.489008034342497,0.7575592119462433,0.6995004346607849,0.9296987852194775,0.8217162624440385,0.0,0.0,0.0,0.0,0.0,0.0,0.0,0
COG7,0.698658605705649,0.5969769618923674,0.0,0.4600560698641881,0.8738412975524057,0.7131418585177047,0.0,0.0,0.0,0.0,0.0,0.0,0.0,0.0,0
AKAP13,0.8690723597203854,0.30783234772549106,0.028341652447106687,0.0,0.37895857038933173,0.0,0.9033673628142347,0.0,0.0,1.0,0.0,0.0,0.0,0.0,0
PUSL1,0.0253164556962025,0.15959540607804193,0.0,0.9177167018312589,0.0,0.0,0.0,0.0,0.0,0.0,0.0,0.0,0.0,0.0,0
UBE2Q2,0.9351974305686757,0.27472201292325954,0.055582810825605934,0.05927023052938586,0.7256328344191004,0.0,0.0,0.0,0.0,0.0,0.0,1.0,0.0,0.0,0
TTLL11,0.9231059890421311,0.2836008554619418,0.12991181324474316,0.0,0.12142601637845084,0.9486186602847332,0.0,0.0,0.0,0.0,0.0,0.0,0.0,0.0,0
SRRM1,0.7972794256565275,0.16660197426003318,0.02743111366950594,0.277232508371873,0.3015451426176402,0.0,0.9483057498444128,0.0,0.0,0.0,0.0,1.0,0.0,0.0,0
SLC12A7,0.9210277725297562,0.49431544017474577,0.8020354240260227,0.8504081196532176,0.8489424024540058,0.8945358062520664,0.6865275578761715,0.0,0.0,0.0,0.0,0.0,0.0,0.0,0
ADAM17,0.5254109200831287,0.3230343021972586,0.0,0.0,0.5409866364796644,0.0,0.0,0.0,0.0,0.0,0.0,0.0,0.0,0.0,0
FAR1,0.5497827319100699,0.27995068155353103,0.0,0.0,0.9149013063219492,0.0,0.9026557801761662,0.0,0.0,1.0,0.0,0.0,0.0,0.0,0
MADD,0.6442471188361987,0.32263853688608807,0.04252803859760465,0.05872316534490372,0.0,0.0,0.0,0.0,0.0,0.0,0.0,0.0,0.0,0.0,0
GNPDA2,0.5904024182883053,0.23210722195584166,0.05607230007470234,0.07639236430227152,0.05196772466671,0.0,0.0,0.0,0.0,0.0,0.0,0.0,0.0,0.0,0
FBXO4,0.6007935008501795,0.445359271182958,0.038144065055440525,0.15323625606441885,0.03685452117588289,0.0,0.9189950644267456,0.0,0.0,0.0,0.0,0.0,0.0,0.0,0
TP53BP1,0.03400717929340635,0.17644587528826178,0.04378183872881393,0.46266833731024065,0.6535077644566691,0.0,0.9208883340674276,0.0,0.0,0.0,1.0,0.0,0.0,0.0,0
APRT,0.5392027205743435,0.012388976413909514,0.02993391893750247,0.5094777947439998,0.5483711126103162,0.0,0.0,0.0,0.0,0.0,0.0,0.0,0.0,0.0,0
TIRAP,0.48460230493104095,0.08198887290605875,0.040222833368405826,0.09328453398593574,0.10565161308432272,0.0,0.0,0.0,0.0,0.0,0.0,0.0,0.0,0.0,0
ZNF436,0.4783676553939165,0.14344057051091788,0.0,0.46894581960729803,0.0,0.0,0.0,0.0,0.0,0.0,0.0,0.0,0.0,0.0,0
KDM2B,0.48573587757415454,0.29578738269744503,0.43282144254344923,0.7982592479638502,0.659523932888839,0.8635270392877287,0.8756962925442353,0.0,0.0,0.0,0.0,0.0,0.0,0.0,0
UQCR10,0.7417343661439637,0.15935794689133953,0.0,0.0,0.0,0.0,0.8207165586797684,0.0,0.0,0.0,0.0,0.0,0.0,0.0,0
FBXL17,0.7347440015114302,0.2836449985158801,0.0,0.0,0.0,0.9547663819896256,0.0,0.0,0.0,0.0,0.0,0.0,0.0,0.0,0
PMVK,0.9351974305686757,0.9040375672610758,0.0,0.0,0.0,0.9628605939912412,0.0,0.0,0.0,0.0,0.0,0.0,0.0,0.0,0
PLOD2,0.631211033440393,0.414920352231127,0.06176856806517454,0.0,0.25844670424968524,0.7194215431665109,0.917988678281615,0.0,0.0,1.0,0.0,0.0,0.0,0.0,0
DSE,0.9351974305686757,0.24171518597164177,0.08403981962701546,0.46238160955557234,0.10222809611196455,0.8870161764458565,0.0,0.0,0.0,0.0,0.0,0.0,0.0,0.0,0
TRA2B,0.9351974305686757,0.4623482582520874,0.025091881203657827,0.08994386364954474,0.573456473477762,0.21721379435787344,0.0,0.0,1.0,0.0,1.0,0.0,0.0,0.0,0
PHF7,0.033062535424145056,0.1760196664916165,0.0,0.0,0.0,0.0,0.9472345691060025,0.0,0.0,0.0,0.0,0.0,0.0,0.0,0
CTCF,0.52635556395239,0.010801348646406417,0.0,0.0,0.0,0.0,0.7775915708955219,0.0,0.0,0.0,0.0,0.0,0.0,0.0,0
SLC22A5,0.6433024749669375,0.29272172371014754,0.0,0.0,0.0,0.0,0.9223218273976556,0.0,0.0,0.0,0.0,0.0,0.0,0.0,0
CLPTM1L,0.9210277725297562,0.49711624083841377,0.9435780865851836,0.8747891421733264,0.8569591541015453,0.9338496447568042,0.8955667890154176,0.0,0.0,0.0,0.0,0.0,0.0,0.0,0
COPG1,0.9351974305686757,0.37004056594439505,0.0,0.69466475318304,0.0,0.0,0.0,0.0,1.0,0.0,1.0,0.0,0.0,0.0,0
PURG,0.8632155677309654,0.13526801683524742,0.0,0.9262753666235768,0.0,0.0,0.0,0.0,0.0,0.0,0.0,0.0,0.0,0.0,0
NBN,0.9351974305686757,0.8670959198118593,0.03418263078231514,0.0,0.05025874031038573,0.0,0.0,0.0,0.0,0.0,0.0,0.0,0.0,0.0,0
FBXW11,0.6438692612884942,0.35071199701653843,0.03558555411276545,0.029841707222072644,0.08025136000023843,0.3735170143078118,0.0,0.0,0.0,0.0,0.0,1.0,0.0,0.0,0
TBC1D15,0.9351974305686757,0.4316825353334704,0.03927086359730333,0.23620994708548754,0.04780604861417635,0.0,0.9128557860033838,0.0,0.0,0.0,0.0,0.0,0.0,0.0,0
UTP3,0.607028150387304,0.2820238829143549,0.05446149672935828,0.0425743079994728,0.0606210907037153,0.0,0.0,0.0,0.0,0.0,0.0,0.0,0.0,0.0,0
EMC10,0.5870017003589647,0.34726427228653417,0.0,0.9784145757520947,0.0,0.0,0.0,0.0,0.0,0.0,0.0,0.0,0.0,0.0,0
SLC37A4,0.018326091063668976,0.06509426064190046,0.0465304520191434,0.5389486666164677,0.05428951520091511,0.8846295522478252,0.0,0.0,0.0,0.0,0.0,0.0,0.0,0.0,0
VPS37C,0.9351974305686757,0.33466675799712314,0.03829162455266447,0.0,0.0,0.5258035777538141,0.0,0.0,0.0,0.0,0.0,0.0,0.0,0.0,0
FRA10AC1,0.7160400529000567,0.22592262788166617,0.03827697416395339,0.26967212231634385,0.044881756757357005,0.0,0.0,0.0,0.0,0.0,0.0,0.0,0.0,0.0,0
CDKN1B,0.9351974305686757,0.34549550578045685,0.04872382438274214,0.18584547277932512,0.22576464633830204,0.31471262979830084,0.0,0.0,1.0,0.0,0.0,0.0,0.0,0.0,0
LRRC43,0.48573587757415454,0.2942027992784894,0.22281342101484902,0.4318797060856781,0.8031683474180052,0.8754636577418535,0.8776376536874597,0.0,0.0,0.0,0.0,0.0,0.0,0.0,0
METTL22,0.698658605705649,0.612571637326758,0.025243969185887182,0.0,0.03283951818589436,0.0,0.0,0.0,1.0,0.0,0.0,1.0,0.0,0.0,0
RTN4,0.4823351596448139,0.3456644671248411,0.034158260155739355,0.0677141403131216,0.06493196706470357,0.0,0.0,0.0,0.0,0.0,1.0,0.0,0.0,0.0,0
PATZ1,0.5989042131116569,0.15174859769695023,0.0,0.23514540082694974,0.0,0.4310543461030908,0.0,0.0,0.0,0.0,0.0,0.0,0.0,0.0,0
PACRGL,0.54392593992065,0.19358099108766963,0.025912473859095026,0.05616503633456294,0.03440001937992768,0.7829258731574591,0.8818087929920709,0.0,0.0,0.0,0.0,1.0,0.0,0.0,0
SMIM13,0.9025127526922351,0.42682984374881083,0.03406007538963415,0.04318473949002074,0.06266413633164751,0.0,0.0,0.0,0.0,0.0,0.0,0.0,0.0,0.0,0
ERLIN1,0.4349140374078972,0.2200927004132703,0.02497210121799789,0.04821291033967433,0.050069718180959524,0.4112096161236122,0.0,0.0,0.0,0.0,0.0,0.0,0.0,0.0,0
DCTD,0.5144530511996976,0.2170803175255535,0.03592501550620049,0.9533050197991259,0.11953768456811653,0.969269114255833,0.0,0.0,0.0,0.0,0.0,0.0,0.0,0.0,0
MTF1,0.6109956546382014,0.2524769580869313,0.0,0.13716625126114868,0.0,0.9435909283842749,0.6738880551575643,0.0,0.0,0.0,0.0,1.0,0.0,0.0,0
QRICH1,0.05138862648781409,0.18253457238319204,0.03601134865998025,0.10068660620099323,0.043652204563700774,0.0,0.48480272380852757,0.0,0.0,0.0,0.0,0.0,0.0,0.0,0
KLHL26,0.6928018137162291,0.34742562275954975,0.7952383288262981,0.6955015013210184,0.8263671717510888,0.738339061280854,0.9501706368430521,0.0,0.0,0.0,0.0,0.0,0.0,0.0,0
GID4,0.8025694313243907,0.09495931989253417,0.0,0.0,0.7247590381155831,0.0,0.6573350082096427,0.0,0.0,0.0,0.0,0.0,0.0,0.0,0
FBXO7,0.6408464009068582,0.14387286800465768,0.03895131250489265,0.04433746465577096,0.03205080583351624,0.0,0.9083449998073589,0.0,0.0,0.0,0.0,0.0,0.0,0.0,0
EIF5,0.9351974305686757,0.2762259211057073,0.03418015796291205,0.0,0.0,0.0,0.0,0.0,0.0,0.0,0.0,0.0,0.0,0.0,0
PSMB4,0.8838088040808615,0.8922955149135028,0.03799657659654571,0.0,0.03994812159238084,0.0,0.0,0.0,0.0,0.0,1.0,0.0,0.0,0.0,0
SETD2,0.4332136784432269,0.193338965378146,0.0,0.0,0.0,0.9386075077236168,0.0,0.0,0.0,0.0,0.0,0.0,0.0,0.0,0
COQ2,0.541847723408275,0.23789148419602557,0.05757888479357396,0.0,0.10544176794837982,0.04607376950800742,0.0,0.0,0.0,0.0,0.0,0.0,0.0,0.0,0
SLC2A9,0.47591158133383715,0.20515255991658488,0.1284606529870962,0.36703173531474753,0.686559383755397,0.6460701738490354,0.7530778325158091,0.0,0.0,0.0,0.0,0.0,0.0,0.0,0
NOA1,0.9351974305686757,0.2927856550296444,0.0,0.0,0.0,0.8982327009022472,0.0,0.0,0.0,0.0,0.0,0.0,0.0,0.0,0
UBR7,0.5987152843378046,0.247196535531353,0.0,0.0,0.0,0.0,0.7746521408168177,0.0,0.0,0.0,0.0,0.0,0.0,0.0,0
BTRC,0.5877574154543737,0.2232801333424664,0.039678512877833576,0.4431960712532525,0.1430052253844601,0.0,0.0,0.0,0.0,0.0,0.0,1.0,0.0,0.0,0
DCP2,0.546948800302286,0.28046822080660017,0.055893593127579244,0.07721509582111984,0.0,0.0,0.7402295307247686,0.0,0.0,1.0,0.0,0.0,0.0,0.0,0
ZMYND15,0.5324012847156622,0.045805268245161235,0.0,0.6435918147994955,0.7235088008041852,0.6862484617651022,0.0,0.0,0.0,0.0,0.0,0.0,0.0,0.0,0
ALG3,0.7882108445116192,0.461855073787398,0.0,0.0,0.7390338314732079,0.9163318543607336,0.0,0.0,0.0,0.0,0.0,0.0,0.0,0.0,0
PDP1,0.9351974305686757,0.8892709546315961,0.0,0.0,0.8837267537611491,0.768229116286693,0.0,0.0,0.0,0.0,0.0,1.0,0.0,0.0,0
YTHDF3,0.9351974305686757,0.7168786294342842,0.0,0.0,0.0,0.0,0.8380782203451578,0.0,1.0,0.0,0.0,1.0,0.0,0.0,0
SUPT20H,0.9351974305686757,0.15681134933138488,0.032081257968147564,0.051549959596664585,0.08174701641900775,0.0,0.0,0.0,1.0,0.0,0.0,0.0,0.0,0.0,0
ATXN7,0.03721896844889472,0.19663903920359824,0.0,0.8428327326765682,0.6444179682010513,0.9096450993658916,0.9059945791585969,0.0,0.0,0.0,0.0,0.0,0.0,0.0,0
CCDC39,0.9351974305686757,0.4750705908319445,0.0,0.8797770266259867,0.0,0.0,0.0,0.0,0.0,0.0,0.0,0.0,0.0,0.0,0
TMEM260,0.5624409597581712,0.2830970157773363,0.03463797100930388,0.050250005356424196,0.0,0.0,0.0,0.0,0.0,0.0,0.0,0.0,0.0,0.0,0
SNRNP35,0.48573587757415454,0.30122763355176535,0.03836785505512347,0.15030756487309285,0.08208470773403706,0.0,0.8300944608870876,0.0,0.0,0.0,0.0,0.0,0.0,0.0,0
ARID1B,0.8998677498583034,0.20143997686295095,0.03923188202134347,0.6544469457045803,0.7756592257484719,0.933990149451429,0.0,0.0,0.0,0.0,0.0,0.0,0.0,0.0,0
B3GALT4,0.6425467598715284,0.3857372270551255,0.04869581200637894,0.0,0.500304101733225,0.0,0.0,0.0,0.0,0.0,0.0,0.0,0.0,0.0,0
C21orf91,0.9351974305686757,0.3242779185788981,0.03678665673689649,0.04738213993755541,0.4708078210500416,0.0,0.0,0.0,0.0,0.0,0.0,0.0,0.0,0.0,0
TBC1D23,0.6043831475533723,0.36238250717324627,0.0,0.0,0.0,0.0,0.7795891004193741,0.0,0.0,0.0,0.0,0.0,0.0,0.0,0
GIT2,0.5127526922350274,0.29903113607476917,0.02791751489285188,0.06096594743613096,0.05234241538468712,0.9359683118787822,0.0,0.0,0.0,0.0,0.0,1.0,0.0,0.0,0
CCDC85C,0.9351974305686757,0.265235822849358,0.0,0.2844461124861128,0.0,0.0,0.0,0.0,0.0,0.0,0.0,1.0,0.0,0.0,0
C6orf226,0.9351974305686757,0.4082075636839661,0.05430669862248099,0.0,0.11603674430376199,0.0,0.0,0.0,0.0,0.0,0.0,0.0,0.0,0.0,0
STT3B,0.5248441337615719,0.26770326734707856,0.03406349019770825,0.06361430548361308,0.043223941685372344,0.0,0.0,0.0,0.0,0.0,0.0,0.0,0.0,0.0,0
ZNF385B,0.45909692046098616,0.2764740355123258,0.0,0.0,0.7877273167806123,0.6250355589842146,0.0,0.0,0.0,1.0,0.0,0.0,0.0,0.0,0
SPTBN2,0.9351974305686757,0.4548134955971109,0.6262871279965309,0.7770554104548318,0.8774516713089455,0.8625373493669265,0.8685663835329438,0.0,0.0,0.0,0.0,0.0,0.0,0.0,0
PPP6R1,0.7944454940487437,0.3754107967821236,0.04728197108965308,0.3348103359289889,0.09880394837118338,0.7366901396388621,0.0,0.0,0.0,0.0,1.0,0.0,0.0,0.0,0
CHSY1,0.9351974305686757,0.32574225023022885,0.0475165649442213,0.0,0.036081836978452374,0.0,0.0,0.0,0.0,0.0,0.0,1.0,0.0,0.0,0
SHC1,0.9351974305686757,0.905430356721541,0.0,0.27588632146568326,0.0,0.40916534789755465,0.9408635403414897,0.0,0.0,0.0,1.0,1.0,0.0,0.0,0
TEX2,0.9351974305686757,0.6054965713024489,0.05038282449676786,0.22121184833095814,0.2567522212878292,0.8665117137286098,0.0,0.0,0.0,0.0,0.0,0.0,0.0,0.0,0
RPL38,0.9351974305686757,0.5143655197083514,0.044763781130756,0.051350957701247035,0.11505650901246453,0.0,0.0,0.0,0.0,0.0,1.0,0.0,0.0,0.0,0
HDHD3,0.5288116380124692,0.27665669642517365,0.045498593130410464,0.0,0.0,0.0,0.0,0.0,0.0,0.0,0.0,0.0,0.0,0.0,0
FAM162A,0.7048932552427736,0.3514121971824554,0.0,0.0,0.0,0.0,0.9080198202151519,0.0,0.0,0.0,0.0,0.0,0.0,0.0,0
ACTR8,0.03910825618741731,0.1828268298437487,0.04787824722882151,0.5558437108228607,0.03426812490791999,0.0,0.0,0.0,1.0,0.0,0.0,0.0,0.0,0.0,0
ABCG1,0.9351974305686757,0.3664573677040284,0.06986846390538683,0.2910189567520222,0.8247798388390866,0.9415758165165062,0.8613738247747685,0.0,0.0,0.0,0.0,0.0,0.0,0.0,0
MGST3,0.7876440581900623,0.8913882990463581,0.03744290139805449,0.13012591059220574,0.051013003109508306,0.0,0.0,0.0,0.0,0.0,0.0,0.0,0.0,0.0,0
RPL41,0.44322690345739657,0.3176762487537198,0.0,0.03699291850158787,0.0,0.0,0.0,0.0,0.0,0.0,0.0,0.0,0.0,0.0,0
DRG2,0.9351974305686757,0.10067812863894757,0.051960204933976434,0.0,0.06137283692423518,0.0,0.0,0.0,0.0,0.0,0.0,0.0,0.0,0.0,0
LMO4,0.5365577177404118,0.22627120579035093,0.043870793175745486,0.2618700887502854,0.6967653777084086,0.0,0.8103254327213476,0.0,0.0,0.0,0.0,1.0,0.0,0.0,0
GRN,0.541847723408275,0.2435280955316573,0.0,0.8829628943394028,0.0,0.6389680527150862,0.0,0.0,0.0,0.0,0.0,0.0,0.0,0.0,0
SLC6A12,0.9293406385792556,0.41313788615658614,0.0,0.0,0.8619075145961653,0.41501028598226275,0.8722339021585405,0.0,0.0,0.0,0.0,0.0,0.0,0.0,0
PANK2,0.9351974305686757,0.4318545410264022,0.0,0.5579696182011119,0.0603962772883861,0.0,0.7334429731599597,0.0,0.0,0.0,0.0,1.0,0.0,0.0,0
VCL,0.8894766672964293,0.3145573136668417,0.0228911099050213,0.9160107560214457,0.0,0.9203462091850545,0.9160348756220964,0.0,0.0,1.0,1.0,1.0,0.0,0.0,0
LMBRD1,1.0,0.2808487643750333,0.04161206763138066,0.0,0.576703535395013,0.0,0.9386020839680426,0.0,0.0,0.0,0.0,0.0,0.0,0.0,0
MTCH2,0.6442471188361987,0.32324284007275994,0.03350111494946748,0.04314863529266133,0.33634091890646506,0.0,0.0,0.0,0.0,0.0,0.0,0.0,0.0,0.0,0
TUSC2,0.05138862648781409,0.17713998675708378,0.03737999874779041,0.6205495064135258,0.10776780588488895,0.7529511132388441,0.0,0.0,0.0,0.0,0.0,0.0,0.0,0.0,0
AQR,0.933308142830153,0.20754389570061876,0.031918538304529245,0.0,0.0,0.0,0.0,0.0,0.0,1.0,0.0,0.0,0.0,0.0,0
EFR3A,0.9351974305686757,0.8767145390475759,0.03802956143651079,0.17392219728941338,0.3347562752486127,0.0,0.0,0.0,0.0,0.0,0.0,0.0,0.0,0.0,0
ALG10B,0.9351974305686757,0.39598602644016717,0.05056094370535144,0.062236161663449634,0.07951703798147759,0.0,0.9468157234253025,0.0,0.0,0.0,0.0,0.0,0.0,0.0,0
MFN2,0.4502172680899301,0.14624745987168075,0.0,0.9080994600794267,0.0,0.0,0.0,0.0,0.0,0.0,0.0,0.0,0.0,0.0,0
EMILIN1,0.4813905157755526,0.32269637950848995,0.8367794835598358,0.8977111875578352,0.8919100453429843,0.6905836412481834,0.0,0.0,0.0,0.0,0.0,0.0,0.0,0.0,0
VAMP8,0.750047232193463,0.34067325768127193,0.0,0.0,0.0,0.9367314994684558,0.9413505469207002,0.0,1.0,0.0,0.0,0.0,0.0,0.0,0
UBN2,0.8074815794445493,0.3906371060422708,0.034265296184208684,0.9419093590683885,0.0,0.0,0.0,0.0,0.0,0.0,0.0,1.0,0.0,0.0,0
RNF34,0.48573587757415454,0.2947355602742958,0.0,0.0,0.0,0.0,0.7956158529412207,0.0,0.0,0.0,1.0,0.0,0.0,0.0,0
TRIB1,0.9351974305686757,0.9258533689522116,0.029375169942707918,0.20193913127479582,0.05195221397477661,0.0,0.5540447389679153,0.0,0.0,0.0,0.0,0.0,0.0,0.0,0
DISP1,0.8753070092575099,0.8966184898509032,0.025097690627705668,0.09548065315912267,0.027499135591274055,0.0,0.8211195222203236,0.0,0.0,0.0,0.0,0.0,0.0,0.0,0
PPIB,0.9351974305686757,0.25089389684224944,0.04078891549123166,0.04436565456831167,0.07099544046027305,0.9009405330095582,0.0,0.0,0.0,0.0,0.0,0.0,0.0,0.0,0
ZNF225,0.9351974305686757,0.34075241074350604,0.0,0.0,0.0,0.0,0.9380164390854432,0.0,0.0,0.0,0.0,0.0,0.0,0.0,0
PCID2,0.9351974305686757,0.23700557876871325,0.0,0.0,0.0,0.9362632136359893,0.0,0.0,0.0,0.0,1.0,0.0,0.0,0.0,0
HGSNAT,1.0,0.7156289243555496,0.06748473484135392,0.04690757583226725,0.08142983261014554,0.0,0.0,0.0,0.0,0.0,0.0,0.0,0.0,0.0,0
GPATCH4,0.774230115246552,0.877334063976985,0.0,0.0,0.0,0.0,0.844142660040038,0.0,0.0,0.0,0.0,0.0,0.0,0.0,0
PLXNB2,0.5254109200831287,0.13635941578951355,0.7545939028057497,0.7137179109835833,0.6764126734840066,0.887446364766376,0.7579412134355278,0.0,0.0,0.0,0.0,0.0,0.0,0.0,0
MED13,0.9351974305686757,0.6076687139910651,0.045934074528776965,0.0,0.04688059780246835,0.8115028497695389,0.0,0.0,0.0,0.0,0.0,1.0,0.0,0.0,0
PIK3CA,0.9351974305686757,0.4859784916775124,0.0,0.0,0.0,0.0,0.9107222977592079,0.0,0.0,0.0,0.0,0.0,0.0,0.0,0
DDX10,0.5509163045531835,0.08589629426673034,0.04642027784877878,0.03909945548042905,0.0,0.0,0.0,0.0,0.0,0.0,0.0,0.0,0.0,0.0,0
FKRP,0.5273002078216512,0.3208271495003463,0.8190335272349913,0.8603414956182962,0.9338560708700688,0.9109092661699321,0.5697566637957355,0.0,0.0,0.0,0.0,1.0,0.0,0.0,0
ZNF519,0.9351974305686757,0.28452024872327636,0.05179198269841303,0.6142868955620209,0.06399263281713173,0.617086059985914,0.0,0.0,0.0,0.0,0.0,0.0,0.0,0.0,0
CWC25,0.9351974305686757,0.44237124308362086,0.0,0.0,0.8029542242111997,0.8430700412044155,0.9265630123470485,0.0,0.0,0.0,0.0,0.0,0.0,0.0,0
RANGAP1,0.5590402418288305,0.12637851907664904,0.03393134315485307,0.0,0.0,0.7550087413863364,0.0,0.0,0.0,0.0,0.0,0.0,0.0,0.0,0
POP5,0.48573587757415454,0.3005609212198705,0.044231435436787446,0.927927712734348,0.040909376214131106,0.0,0.0,0.0,0.0,1.0,0.0,0.0,0.0,0.0,0
MYO6,0.6109956546382014,0.24564087342359822,0.01738962764723536,0.0,0.0,0.0,0.508714573218311,0.0,0.0,0.0,0.0,0.0,0.0,0.0,0
FBXO27,0.9351974305686757,0.4185294274341469,0.10215988809678121,0.0,0.26672584122494286,0.0,0.0,0.0,0.0,0.0,0.0,0.0,0.0,0.0,0
ZDHHC5,0.9351974305686757,0.29947256661415167,0.04807705834218669,0.11430557714512316,0.06573166354804211,0.0,0.9050376689848418,0.0,0.0,0.0,0.0,0.0,0.0,0.0,0
PPM1G,0.4813905157755526,0.321904848886149,0.044206803090201155,0.0,0.660982876329703,0.9000933244909904,0.5906938006137354,0.0,0.0,0.0,1.0,0.0,0.0,0.0,0
MSH6,0.4823351596448139,0.3398238844365291,0.04241894670316523,0.046679047754706764,0.6955138827793366,0.0,0.8727070643620116,0.0,0.0,0.0,0.0,0.0,0.0,0.0,0
MAP3K3,0.9351974305686757,0.5960149477513685,0.04164377719943506,0.0,0.07319462813766138,0.0,0.5667902785490165,0.0,0.0,0.0,0.0,1.0,0.0,0.0,0
GBF1,0.6516153410164368,0.22269866276990055,0.03929163086931735,0.17982363346141914,0.041710786470875234,0.0,0.5620801900218474,0.0,0.0,0.0,0.0,1.0,0.0,0.0,0
SCARA3,0.7186850557339883,0.09239445624129508,0.04224282628851248,0.14658808150538874,0.4462736009188711,0.0,0.0,0.0,0.0,0.0,0.0,0.0,0.0,0.0,0
SERPINB6,0.9351974305686757,0.3580032117877176,0.04945050468754947,0.6081377181086504,0.05306971445087457,0.9189305764539489,0.0,0.0,0.0,0.0,0.0,0.0,0.0,0.0,0
TXNRD3,0.529378424334026,0.3498854563859016,0.04330495931963782,0.0,0.0,0.0,0.0,0.0,0.0,0.0,0.0,0.0,0.0,0.0,0
TYK2,0.9351974305686757,0.33280970538316934,0.38712631158707606,0.9836948360358759,0.8188495164791006,0.87216281775002,0.8132519900552124,0.0,0.0,0.0,0.0,0.0,0.0,0.0,0
BATF3,0.9351974305686757,0.8892907428971545,0.07915115927375811,0.06892879440707798,0.0837330994955585,0.0,0.0,0.0,0.0,0.0,0.0,0.0,0.0,0.0,0
DEPDC5,0.6408464009068582,0.14427624418719692,0.0,0.35472875385347263,0.0,0.0,0.0,0.0,0.0,0.0,1.0,0.0,0.0,0.0,0
NF2,0.7417343661439637,0.15842485406154144,0.03371257140799077,0.03707987272983684,0.08806414368311993,0.0,0.0,0.0,0.0,1.0,1.0,1.0,0.0,0.0,0
SUOX,0.44322690345739657,0.3202700337161602,0.0,0.0,0.0,0.8967904598329968,0.0,0.0,0.0,0.0,0.0,0.0,0.0,0.0,0
TSEN15,0.7895333459285849,0.8823024408064488,0.023442465129717583,0.046625009169018364,0.0,0.0,0.6571013337745383,0.0,0.0,0.0,0.0,1.0,0.0,0.0,0
CAMSAP1,0.5962592102777253,0.28472269790168275,0.9567762068422633,0.9154560745577618,0.0,0.8811127482580282,0.9192218009465057,0.0,0.0,0.0,0.0,0.0,0.0,0.0,0
ABCC2,0.4349140374078972,0.22035603656262606,0.0,0.0,0.9070350249150312,0.0,0.9057385485272922,0.0,0.0,0.0,0.0,0.0,0.0,0.0,0
MYO1D,0.9351974305686757,0.3417920557724654,0.0,0.0,0.0,0.7443671236487365,0.0,0.0,0.0,0.0,0.0,0.0,0.0,0.0,0
VSIG10L,0.9351974305686757,0.36248601502386013,0.05706799596063083,0.49433820204933365,0.0,0.0,0.0,0.0,0.0,0.0,0.0,0.0,0.0,0.0,0
OTUD3,0.5735877574154544,0.14507690785518038,0.031564756673983195,0.19570558547348701,0.7132827088824449,0.0,0.9382886258501224,0.0,0.0,0.0,0.0,0.0,0.0,0.0,0
XRCC5,0.5221991309276404,0.25763560670061114,0.014384157223841544,0.7173476480093813,0.052162479450172314,0.0,0.8725131085365203,0.0,0.0,0.0,0.0,0.0,0.0,0.0,0
CCT8,0.6727753636878896,0.32163390186542457,0.06431775926165856,0.020840993705258357,0.0,0.9553839887275262,0.0,0.0,1.0,0.0,0.0,0.0,0.0,0.0,0
ZMYM1,0.8290194596637068,0.236084663333105,0.03204194041873486,0.220048239733921,0.10919338498162445,0.8792907997136322,0.0,0.0,0.0,0.0,0.0,0.0,0.0,0.0,0
CHADL,0.5590402418288305,0.12492636481950814,0.4033693728165497,0.7439144921167895,0.8616583320677723,0.9670384274219522,0.6510090123350283,0.0,0.0,0.0,0.0,0.0,0.0,0.0,0
ZNF200,0.7370111467976572,0.5954608763157294,0.042986025304307354,0.0,0.677683815451736,0.9428392190586672,0.0,0.0,0.0,0.0,0.0,0.0,0.0,0.0,0
PCED1A,0.6043831475533723,0.41597521900282364,0.0,0.8861834477287462,0.0,0.8317900559756249,0.0,0.0,0.0,0.0,0.0,0.0,0.0,0.0,0
FAM98B,0.9351974305686757,0.18826403634952177,0.025513326872422908,0.06448787908824129,0.05084273653534279,0.0,0.0,0.0,0.0,0.0,0.0,0.0,0.0,0.0,0
TTLL4,0.5184205554505952,0.2545653811904925,0.03288983547470175,0.37979134989560837,0.4186823613057761,0.0,0.0,0.0,0.0,1.0,0.0,0.0,0.0,0.0,0
TOR3A,0.7895333459285849,0.8734403421847772,0.024570611045243614,0.1646690838215786,0.9009101558998367,0.0,0.9555257299479348,0.0,0.0,0.0,0.0,1.0,0.0,0.0,0
KRAS,0.9351974305686757,0.4271723329604006,0.03223417452596186,0.03758643719463215,0.3501478993791809,0.0,0.0,0.0,0.0,0.0,0.0,0.0,0.0,0.0,0
TMEM258,0.9351974305686757,0.3227542221308917,0.0,0.0,0.0,0.910765149620652,0.0,0.0,0.0,0.0,1.0,0.0,0.0,0.0,0
SEMA3C,0.5652748913659551,0.4054067630202982,0.03955618930051744,0.0,0.2421149750341589,0.8565519665352967,0.7953787264624169,0.0,0.0,0.0,0.0,0.0,0.0,0.0,0
TMTC2,0.9351974305686757,0.3398177957394342,0.0,0.0,0.08879779833556362,0.0,0.0,0.0,0.0,0.0,0.0,0.0,0.0,0.0,0
PRKCE,0.4823351596448139,0.33620110966504557,0.04987132005706471,0.0,0.8901315012404959,0.0,0.9577993854722461,0.0,0.0,0.0,0.0,1.0,0.0,0.0,0
ZNF398,0.6888343094653315,0.3778812856283917,0.0380850399953825,0.266959019382399,0.0,0.0,0.925957475378811,0.0,0.0,0.0,0.0,0.0,1.0,0.0,0
ACBD4,0.9351974305686757,0.26496792017718107,0.0,0.34014826451704167,0.05380555577543336,0.0,0.06894848792910041,0.0,0.0,0.0,0.0,0.0,1.0,0.0,0
ERLIN2,1.0,0.7906477612621869,0.0,0.0,0.0,0.0,0.8575027474456828,0.0,0.0,0.0,1.0,0.0,0.0,0.0,0
IGSF3,0.9351974305686757,0.29178558653180203,0.046379836883978585,0.6241590050814301,0.0,0.93433201325757,0.8989515935277962,0.0,0.0,1.0,0.0,0.0,0.0,0.0,0
ANP32A,0.9351974305686757,0.2540006545349377,0.0,0.0,0.0,0.9213249751187123,0.0,0.0,0.0,0.0,0.0,1.0,0.0,0.0,0
PFDN4,0.9351974305686757,0.6892024567892778,0.04570462561969135,0.05268798692209712,0.027236899521936895,0.0,0.9430059438228876,0.0,0.0,0.0,0.0,1.0,0.0,0.0,0
SMARCAL1,0.5635745324012846,0.2592034462025557,0.0,0.0,0.0,0.0,0.9400157593072778,0.0,0.0,0.0,0.0,0.0,0.0,0.0,0
DNAJC19,0.9351974305686757,0.47324702605201285,0.0,0.9342903158592603,0.0,0.8717800827570193,0.0,0.0,0.0,0.0,0.0,0.0,0.0,0.0,0
ZNF592,0.9351974305686757,0.3053664254020443,0.04948054349122121,0.0,0.0,0.0,0.0,0.0,0.0,0.0,0.0,0.0,0.0,0.0,0
BRICD5,0.7370111467976572,0.605380886057645,0.0,0.0,0.0,0.9600313680972224,0.0,0.0,0.0,0.0,0.0,0.0,0.0,0.0,0
GOLGA7,1.0,0.6705390780190423,0.04032580261646677,0.0,0.05676339650055938,0.0,0.9157094465596454,0.0,0.0,0.0,0.0,0.0,0.0,0.0,0
RASA2,0.6196863782354053,0.4081466767130169,0.0368362360536336,0.0,0.03860300230236,0.0,0.0,0.0,0.0,0.0,0.0,0.0,0.0,0.0,0
SEC61A1,0.7024371811826942,0.3641649732477871,0.0,0.0,0.41786522518703506,0.0,0.0,0.0,0.0,0.0,0.0,0.0,0.0,0.0,0
HYAL3,0.05138862648781409,0.17781887648316852,0.0,0.0,0.0,0.8503475184720071,0.0,0.0,1.0,0.0,0.0,0.0,0.0,0.0,0
SDCCAG8,0.8227848101265822,0.8833268640926704,0.7973605032975253,0.8142446922187467,0.9752385496375944,0.9379468999002232,0.9023338559670099,0.0,0.0,0.0,0.0,0.0,0.0,0.0,0
SMAP1,0.9351974305686757,0.2734814408901675,0.026733762869159388,0.5056588920837639,0.03248572747328809,0.0,0.9474803798735157,0.0,0.0,0.0,0.0,0.0,0.0,0.0,0
FGD6,0.653882486302664,0.3231332435250512,0.0,0.0,0.0,0.0,0.8028994395554471,0.0,0.0,0.0,0.0,0.0,0.0,0.0,0
VDAC3,1.0,0.645316650303293,0.04083102801463188,0.30011504078421375,0.060318251610255,0.0,0.0,0.0,0.0,0.0,0.0,0.0,0.0,0.0,0
FUBP1,0.5580955979595692,0.25680297737287944,0.0,0.4160828583607074,0.0,0.0,0.0,0.0,0.0,0.0,0.0,0.0,0.0,0.0,0
TTPAL,0.8424334026072171,0.5276845446035118,0.02660239246588641,0.8942428466213124,0.06980667854261165,0.0,0.0,0.0,0.0,0.0,0.0,0.0,0.0,0.0,0
MRS2,0.82845267334215,0.405527014787923,0.04237962832823407,0.025882528846378643,0.05285011466036122,0.0,0.860386708633095,0.0,0.0,0.0,0.0,0.0,0.0,0.0,0
TRAPPC5,0.9351974305686757,0.2948527676933732,0.0,0.0,0.5724710300397716,0.0,0.49102934601840154,0.0,0.0,0.0,0.0,0.0,0.0,0.0,0
ENKD1,0.52635556395239,0.010387317243951144,0.0,0.9013835011031308,0.9447711612453952,0.0,0.0,0.0,0.0,0.0,0.0,0.0,0.0,0.0,0
ZNF766,0.7086718307198187,0.36801911850887814,0.07232712382974016,0.30806100694898597,0.022707236249156024,0.0,0.8802326046880689,0.0,0.0,0.0,1.0,0.0,0.0,0.0,0
MAP2K1,0.9351974305686757,0.26083978354681825,0.0,0.0,0.0,0.0,0.7297837313064011,0.0,0.0,0.0,0.0,0.0,0.0,0.0,0
PCGF2,0.9351974305686757,0.42969457573197567,0.018574228682459802,0.03237685337081979,0.0,0.0,0.0,0.0,0.0,0.0,0.0,0.0,0.0,0.0,0
LDHA,0.7432457963347818,0.31856063200675844,0.03322726800322858,0.07946237815802552,0.9473376269324187,0.0,0.0,0.0,1.0,0.0,0.0,0.0,0.0,0.0,0
LACTB,0.9351974305686757,0.2501815192821426,0.024748726862150915,0.7701247572403881,0.05485818461756058,0.0,0.8807968992893888,0.0,0.0,0.0,0.0,0.0,0.0,0.0,0
ITM2B,0.0,0.09154051647373099,0.043463422008250735,0.5442728278406447,0.04060164663845299,0.0,0.6556186418642918,0.0,0.0,0.0,0.0,0.0,0.0,0.0,0
MTERF4,0.04515397695068957,0.22468966671994278,0.0360080189477921,0.4671802418180941,0.06168405758232918,0.0,0.0,0.0,0.0,0.0,0.0,0.0,0.0,0.0,0
CD83,0.9351974305686757,0.4396084967767959,0.03726532646874122,0.08123235580772792,0.22014462372544305,0.0,0.8620835827210619,0.0,0.0,0.0,0.0,1.0,0.0,0.0,0
WFS1,0.6691857169846969,0.21074046167545712,0.036734847739564605,0.31774810490948396,0.09753511200229881,0.0,0.0,0.0,0.0,0.0,1.0,0.0,0.0,0.0,0
INTS10,0.5618741734366144,0.07637661635880683,0.035986379122089365,0.07363508068788667,0.03622086944775632,0.0,0.8762280323901468,0.0,0.0,0.0,0.0,0.0,0.0,0.0,0
DBR1,0.6196863782354053,0.4030428263731915,0.02815141117968689,0.8780785744425379,0.0,0.0,0.0,0.0,0.0,0.0,0.0,0.0,0.0,0.0,0
ZGRF1,0.670130360853958,0.2261829196824744,0.0,0.0,0.0,0.6404138755924903,0.0,0.0,0.0,0.0,0.0,1.0,0.0,0.0,0
TMEM53,0.554317022482524,0.2670700428492058,0.9132870171748823,0.7283542967209639,0.8295065473342469,0.8649535621299718,0.9478226328279069,0.0,0.0,0.0,0.0,0.0,0.0,0.0,0
ACTR6,0.6567164179104477,0.31495612332655964,0.0,0.0,0.0,0.0,0.8614529871224536,0.0,0.0,0.0,0.0,0.0,0.0,0.0,0
TBX6,0.7266200642357831,0.5957135572451693,0.043193893158131984,0.7716726938228244,0.0,0.8381960993879254,0.0,1.0,0.0,0.0,0.0,0.0,0.0,0.0,0
G3BP1,0.6363121103344039,0.3103804674597195,0.0,0.0,0.4258897034157786,0.0,0.754766834670062,0.0,0.0,0.0,0.0,0.0,0.0,0.0,0
HMOX1,0.5002833931607784,0.1335647038229406,0.027527579827691547,0.9040688911325252,0.029226917458217438,0.0,0.0,0.0,0.0,0.0,0.0,0.0,0.0,0.0,0
TTC39C,0.5699981107122615,0.25964944326475936,0.0,0.0,0.9100435009080654,0.8906930006307644,0.8841794711606309,0.0,0.0,0.0,0.0,0.0,0.0,0.0,0
AKIP1,0.5006612507084829,0.2512196421368283,0.0,0.0,0.0,0.0,0.7493790606002759,0.0,0.0,0.0,0.0,0.0,0.0,0.0,0
FHDC1,0.5118080483657661,0.23148465267788515,0.9252576240761838,0.7304137694401083,0.6143966165682138,0.7973796281421488,0.9396447707616642,0.0,0.0,0.0,0.0,0.0,0.0,0.0,0
MOAP1,0.5987152843378046,0.24587376608747938,0.0,0.8640339339290555,0.0,0.0,0.0,0.0,0.0,0.0,0.0,0.0,0.0,0.0,0
HNRNPA0,0.6584167768751181,0.30572413635637147,0.037182732394997524,0.0,0.39172533055486913,0.857984720105027,0.0,0.0,0.0,0.0,0.0,0.0,0.0,0.0,0
PFAS,0.5208766295106745,0.026027657906553314,0.0,0.0,0.0,0.0,0.8179997871156356,0.0,0.0,0.0,0.0,0.0,0.0,0.0,0
CCDC110,0.5144530511996976,0.21821890388230553,0.0,0.0,0.0,0.9226683001458477,0.0,0.0,0.0,0.0,0.0,0.0,0.0,0.0,0
CYP46A1,0.9351974305686757,0.2679589926250656,0.04037193962117006,0.029915251780377676,0.9288441536260171,0.6159596532861197,0.15985038156945175,0.0,0.0,0.0,0.0,0.0,0.0,0.0,0
ACP6,0.9351974305686757,0.8551331521945955,0.02903380761036727,0.0,0.41779877981145036,0.0,0.0,0.0,0.0,0.0,0.0,0.0,0.0,0.0,0
HIPK3,0.9351974305686757,0.37831053877358417,0.035456515015385895,0.0,0.04187542531605917,0.0,0.0,0.0,0.0,0.0,0.0,0.0,0.0,0.0,0
RARG,0.46722085773663324,0.3139256113432427,0.050739175307027165,0.3670000877569081,0.20417816495583468,0.5369063861591474,0.3229804230877104,0.0,0.0,0.0,1.0,0.0,0.0,0.0,0
SAYSD1,0.9351974305686757,0.40888188688722965,0.061647184005504334,0.9181187012644394,0.12693509187189594,0.0,0.0,0.0,0.0,0.0,0.0,0.0,0.0,0.0,0
COX11,0.9351974305686757,0.5102754374348324,0.0,0.0,0.0,0.7635217896574754,0.0,0.0,0.0,0.0,1.0,0.0,0.0,0.0,0
ARFIP2,0.5006612507084829,0.24165125465214515,0.0,0.0,0.0,0.5343051335787792,0.8418723694075883,0.0,0.0,0.0,1.0,0.0,0.0,0.0,0
PRRC2C,0.729453995843567,0.8650014080112033,0.02119904439714804,0.5504557335142114,0.055739494461559444,0.0,0.0,0.0,1.0,1.0,0.0,0.0,0.0,0.0,0
RAB3IL1,0.9351974305686757,0.3131919233433036,0.02268601952671833,0.2452857306334146,0.3901959367786708,0.8657844323472952,0.6921890756425655,0.0,0.0,0.0,0.0,0.0,0.0,0.0,0
IFNGR1,0.9351974305686757,0.24856953672625973,0.0258810647800342,0.3591095988853099,0.05382413018091619,0.0,0.0,0.0,0.0,1.0,0.0,0.0,0.0,0.0,0
RSAD1,0.9351974305686757,0.5387690176648325,0.047718380905705834,0.0,0.0458503412918528,0.0,0.9308814825122261,0.0,0.0,0.0,0.0,0.0,0.0,0.0,0
ANKS6,0.49499338749291516,0.25861284258434747,0.13641068552128646,0.0,0.0,0.0,0.0,0.0,0.0,0.0,0.0,1.0,0.0,0.0,0
HLA-G,0.9351974305686757,0.3910572261418209,0.0,0.8462700935083531,0.7700141164635504,0.0,0.0,0.0,0.0,0.0,0.0,0.0,0.0,0.0,0
PFDN2,0.9351974305686757,0.9211041852181657,0.0,0.0,0.0,0.0,0.866450225173348,0.0,1.0,0.0,0.0,0.0,0.0,0.0,0
HNRNPDL,0.541847723408275,0.23456096688509864,0.0,0.4625698997975515,0.0,0.9018420206532094,0.0,0.0,0.0,0.0,1.0,0.0,0.0,0.0,0
NUDT17,0.9351974305686757,0.7961991308384903,0.031167063295022415,0.11952174379399595,0.3673177503211038,0.0,0.0,0.0,0.0,0.0,0.0,0.0,0.0,0.0,0
PRPF31,0.9351974305686757,0.3780091482673852,0.0,0.0,0.0,0.0,0.876514793725375,0.0,0.0,0.0,0.0,0.0,0.0,0.0,0
COQ10A,0.44322690345739657,0.32144819660402923,0.03999957074484473,0.9283189709610479,0.2195670492394948,0.0,0.0,0.0,0.0,0.0,0.0,0.0,0.0,0.0,0
SLC22A4,0.6433024749669375,0.2922483275110167,0.0,0.0,0.0,0.0,0.8904288082427811,0.0,0.0,0.0,0.0,0.0,0.0,0.0,0
NIN,0.8018137162289817,0.3167720772351227,0.0,0.220126361387536,0.0,0.939521813809887,0.0,0.0,0.0,1.0,1.0,0.0,1.0,0.0,0
MAPRE2,0.9351974305686757,0.25604036806173935,0.04850235938458226,0.23631025892612578,0.0726149452110942,0.0,0.8105918455141907,0.0,0.0,0.0,0.0,0.0,0.0,0.0,0
MRPS15,0.6315888909880975,0.2548485056054067,0.02963826870255649,0.12131125212107623,0.32128788335779357,0.0,0.0,0.0,0.0,0.0,0.0,0.0,0.0,0.0,0
SPON1,0.5726431135461931,0.2824637912794636,0.46142505562914526,0.7645748197265265,0.7832032435991857,0.9311965879386006,0.8453103228528092,0.0,0.0,0.0,0.0,0.0,0.0,0.0,0
LRBA,0.8208955223880597,0.24574285909993837,0.04125258896551623,0.05465424375905351,0.0458881562487468,0.0,0.8979088241654779,0.0,0.0,1.0,0.0,0.0,0.0,0.0,0
ZFP14,0.9351974305686757,0.41733908715208806,0.03755049723197246,0.0,0.0,0.9185550485168621,0.9296989546201542,0.0,0.0,0.0,0.0,1.0,1.0,0.0,0
SUGP2,0.6928018137162291,0.33910846252787485,0.0,0.0,0.0,0.899602432515728,0.0,0.0,0.0,0.0,0.0,0.0,0.0,0.0,0
GRIK4,0.018326091063668976,0.06117618406131303,0.20814486504459787,0.6221260960343412,0.6433706277033714,0.8826034081354335,0.7671647800762387,0.0,0.0,1.0,0.0,0.0,0.0,0.0,0
UNC5CL,0.9351974305686757,0.4036182082486623,0.05475877896236759,0.11266147352045207,0.9624136772559209,0.0,0.6538704176529269,0.0,0.0,0.0,0.0,0.0,0.0,0.0,0
RABGGTA,0.9351974305686757,0.3110821897999102,0.0,0.0,0.0,0.9759753791524303,0.0,0.0,0.0,0.0,0.0,0.0,0.0,0.0,0
LRRC27,0.9351974305686757,0.24817072706654192,0.8916054276234425,0.8979078527030144,0.9294538503209672,0.9232106644498258,0.0,0.0,0.0,0.0,1.0,0.0,0.0,0.0,0
MRPL21,0.9351974305686757,0.5716144941434349,0.0,0.390666805049511,0.0,0.8447705919201394,0.0,0.0,0.0,0.0,0.0,1.0,0.0,0.0,0
SCAF11,0.5511052333270356,0.33394068086855266,0.03439300805113367,0.060739099980000925,0.05564254783388174,0.0,0.0,0.0,0.0,0.0,0.0,0.0,0.0,0.0,0
DMTF1,0.5979595692423956,0.4091726221735127,0.0,0.0,0.0,0.0,0.6705623702129044,0.0,0.0,0.0,0.0,0.0,0.0,0.0,0
NAA50,0.5648970338182505,0.3709995357368465,0.0,0.03887845779995349,0.0,0.0,0.0,0.0,0.0,0.0,0.0,0.0,0.0,0.0,0
PPTC7,0.5121859059134706,0.2961359606061298,0.027728439893172186,0.2991745774792864,0.03757726552088338,0.7452293189921281,0.0,0.0,0.0,0.0,0.0,0.0,0.0,0.0,0
C5orf51,0.6007935008501795,0.4453653598800529,0.03475030242836602,0.04749224208732552,0.06393180409715457,0.0,0.0,0.0,0.0,0.0,0.0,0.0,0.0,0.0,0
SLU7,0.6589835631966748,0.3128616115259036,0.02379176930538516,0.07165868641558014,0.0,0.0,0.8946035056287401,0.0,0.0,0.0,0.0,0.0,0.0,0.0,0
ECI1,0.9351974305686757,0.6094587909369746,0.03904418691586983,0.35300109456158973,0.2747102171701241,0.0,0.0,0.0,0.0,0.0,0.0,0.0,0.0,0.0,0
KLHL9,0.9351974305686757,0.2654169615879322,0.052463614837076775,0.0,0.07903110301685205,0.0,0.0,0.0,0.0,0.0,0.0,0.0,0.0,0.0,0
GOPC,0.9351974305686757,0.23717606228737118,0.0345591783487767,0.040178764259082615,0.039860678854163216,0.0,0.0,0.0,0.0,0.0,0.0,1.0,0.0,0.0,0
AGRN,0.0253164556962025,0.15959540607804193,0.6231744815876356,0.7595811655314514,0.8202023685710184,0.7186592198983884,0.8050170892127558,0.0,0.0,0.0,0.0,0.0,0.0,0.0,0
NEDD1,0.6895900245607407,0.326322198628521,0.02838086387980695,0.28007525171319714,0.05109663901943851,0.0,0.0,0.0,0.0,0.0,0.0,0.0,0.0,0.0,0
TMEM131,0.7007368222180238,0.3196368092182874,0.035816690731075636,0.2377347816503706,0.26469041548092875,0.9262258063506524,0.0,0.0,0.0,0.0,1.0,0.0,0.0,0.0,0
ARHGAP21,0.8787077271868505,0.39535127976802087,0.03200286592152487,0.5853447050701199,0.02382682695692417,0.0,0.0,0.0,1.0,0.0,0.0,0.0,0.0,0.0,0
LIMK2,0.5989042131116569,0.15117473799575307,0.021994864137767137,0.33478472008356774,0.6734259491666355,0.9390993612887413,0.8300934468172506,0.0,1.0,0.0,1.0,0.0,0.0,0.0,0
PARP16,0.9351974305686757,0.2525880768089138,0.06566982867223232,0.0,0.18144012746516025,0.0,0.0,0.0,0.0,0.0,0.0,0.0,0.0,0.0,0
FST,0.5662195352352163,0.2836663089557123,0.04456110912606523,0.0,0.1576242840644821,0.0,0.8313733412586676,0.0,0.0,0.0,0.0,0.0,0.0,0.0,0
PARS2,0.6245985263555639,0.26677017451728047,0.03313299573136247,0.042871476789453314,0.06630150587393294,0.0,0.0,0.0,0.0,0.0,0.0,0.0,0.0,0.0,0
SLC4A10,0.9351974305686757,0.2713351751642045,0.0,0.0,0.839565830987968,0.0,0.0,0.0,0.0,0.0,0.0,0.0,0.0,0.0,0
DECR1,0.9351974305686757,0.8668995593305479,0.0,0.0,0.0,0.0,0.7181648701642779,0.0,0.0,0.0,0.0,0.0,0.0,0.0,0
HSPA1A,0.6425467598715284,0.3823793106072713,0.0,0.0,0.06232268124352901,0.0,0.0,0.0,0.0,0.0,0.0,0.0,0.0,0.0,0
SSRP1,0.9351974305686757,0.2917749313118859,0.02527982506262057,0.046067061757471994,0.09042967467841401,0.9724929640875908,0.8666066008125834,0.0,0.0,0.0,0.0,0.0,0.0,0.0,0
NUP43,0.9351974305686757,0.21381068718557578,0.037414337030618826,0.0,0.3081145579335177,0.9454472135675713,0.0,0.0,1.0,0.0,0.0,0.0,0.0,0.0,0
FEM1C,0.546948800302286,0.2828839113790138,0.01896981113376679,0.1175034062767377,0.11210335536921631,0.0,0.0,0.0,0.0,0.0,0.0,0.0,0.0,0.0,0
ANO10,0.019648592480634774,0.2052621564642934,0.030634222043596813,0.09460359921081303,0.9206588495735119,0.8561277946795529,0.0,0.0,0.0,0.0,0.0,0.0,0.0,0.0,0
UBE2E2,0.5936142074437937,0.2832416223333409,0.0,0.0,0.3603507702005349,0.0,0.0,0.0,0.0,0.0,0.0,1.0,0.0,0.0,0
COQ7,0.7364443604761005,0.6116020123143903,0.0,0.0,0.0,0.0,0.967133834451799,0.0,0.0,0.0,1.0,0.0,0.0,0.0,0
ERGIC3,0.9351974305686757,0.5307639031592727,0.0376570848150332,0.0,0.025141433770252766,0.0,0.0,0.0,0.0,0.0,1.0,0.0,0.0,0.0,0
BRPF1,0.5936142074437937,0.33818145839517166,0.03547561025447324,0.0,0.04674931741512718,0.8182177985957327,0.0,0.0,0.0,0.0,0.0,0.0,0.0,0.0,0
ARFGEF2,0.9351974305686757,0.5733634723839534,0.025303028954824825,0.039350780541455264,0.0,0.0,0.0,0.0,0.0,0.0,0.0,0.0,0.0,0.0,0
PSMB9,0.6425467598715284,0.3823793106072713,0.0,0.0,0.8109738080003934,0.0,0.8655481860727967,0.0,0.0,0.0,0.0,0.0,0.0,0.0,0
DNAJC11,0.47931229926317775,0.1566423879870007,0.03440351071432199,0.2731318114858245,0.968016658786404,0.8887846754345153,0.0,0.0,0.0,0.0,0.0,1.0,0.0,0.0,0
PTPN12,0.9351974305686757,0.4061556727629747,0.03960920288402823,0.028543927486707008,0.08940195919829938,0.0,0.0,0.0,0.0,0.0,0.0,0.0,0.0,0.0,0
KATNBL1,0.7763083317589269,0.20041555357672897,0.060829715784772684,0.9503577659550706,0.43853694183005176,0.0,0.0,0.0,0.0,0.0,0.0,0.0,0.0,0.0,0
ATXN7L1,0.6266767428679387,0.38475238030002057,0.0,0.8868106848923335,0.0,0.8763370987388457,0.0,0.0,0.0,0.0,0.0,0.0,0.0,0.0,0
MTMR9,0.5618741734366144,0.07945749708884164,0.0,0.0,0.0,0.0,0.8851573764775931,0.0,0.0,0.0,0.0,0.0,0.0,0.0,0
PERP,0.7177404118647269,0.2414838154820345,0.020211841940946197,0.2543737764750411,0.0834797406540049,0.0,0.0,0.0,0.0,0.0,0.0,0.0,0.0,0.0,0
RPL27A,0.5006612507084829,0.24861215760592434,0.040722807078819756,0.17342321196687033,0.05192946926280641,0.0,0.0,0.0,1.0,0.0,0.0,0.0,0.0,0.0,0
SV2A,0.9351974305686757,0.8883880935528315,0.0,0.0,0.0,0.0,0.7538522785265503,0.0,0.0,0.0,0.0,0.0,0.0,0.0,0
PITPNA,0.4496504817683733,0.043139941091855205,0.03760973269896849,0.6321044989665484,0.0,0.6635421833409328,0.7288145626287227,0.0,0.0,0.0,0.0,1.0,0.0,0.0,0
SLC44A5,0.5099187606272435,0.2484112306017916,0.0,0.0,0.0,0.8123495006806734,0.0,0.0,0.0,0.0,0.0,1.0,0.0,0.0,0
IMPDH2,0.05138862648781409,0.18253457238319204,0.0,0.0,0.0,0.0,0.8751163404971791,0.0,0.0,0.0,0.0,0.0,0.0,0.0,0
AACS,0.7116946911014548,0.3129407645881377,0.44675215992996403,0.9053104256956371,0.5295007888663825,0.8870855365278452,0.9182911008124993,0.0,0.0,0.0,0.0,0.0,0.0,0.0,0
HEBP2,0.7177404118647269,0.24640652708328573,0.0,0.931302087868625,0.0,0.7973644207834627,0.8234886495794139,0.0,0.0,0.0,0.0,0.0,0.0,0.0,0
NDUFB5,0.9351974305686757,0.4844441400095899,0.0,0.0,0.0,0.0,0.9309177503278893,0.0,0.0,0.0,0.0,1.0,0.0,0.0,0
ZNF615,0.7194407708293973,0.37347611328020947,0.042888962467703656,0.0,0.15034489999204217,0.0,0.0,0.0,0.0,0.0,0.0,0.0,0.0,0.0,0
ACLY,0.9351974305686757,0.26524647806927415,0.033200418715294534,0.2227936044068755,0.1237909378026497,0.4595075757002625,0.0,0.0,0.0,0.0,0.0,0.0,0.0,0.0,0
SPRYD7,0.9351974305686757,0.11163017253845386,0.042864261130228724,0.03227755231887388,0.19758760592526806,0.0,0.0,0.0,0.0,0.0,0.0,0.0,0.0,0.0,0
KLLN,0.5208766295106745,0.19765128509563062,0.048033918288853235,0.12362238735882759,0.0,0.0,0.0,0.0,0.0,0.0,0.0,0.0,0.0,0.0,0
GPR180,0.9351974305686757,0.2150040718161822,0.04022860467442439,0.5570434828228361,0.0691825837495536,0.0,0.0,0.0,0.0,0.0,0.0,1.0,0.0,0.0,0
CPEB2,0.4823351596448139,0.1960712681994961,0.06588008045705195,0.0,0.0,0.0,0.0,0.0,0.0,0.0,0.0,1.0,0.0,0.0,0
PHF2,0.49499338749291516,0.260818473106986,0.03409742007701663,0.19041046431714392,0.0,0.0,0.0,0.0,0.0,0.0,0.0,1.0,0.0,0.0,0
RALGPS1,0.6083506518042698,0.2932179525233844,0.07097216361665117,0.11955496851886178,0.5904521473496117,0.0,0.0,0.0,0.0,0.0,0.0,1.0,0.0,0.0,0
USP8,0.9351974305686757,0.23236294723382883,0.03863755585515638,0.04019560471996607,0.0,0.0,0.0,0.0,0.0,0.0,0.0,0.0,0.0,0.0,0
DZIP3,0.6363121103344039,0.3667998569156183,0.0,0.0,0.0,0.0,0.9142521417781067,0.0,0.0,1.0,0.0,0.0,0.0,0.0,0
SMG6,0.46476478367655394,0.04114437061899184,0.0,0.0,0.0,0.9903142623158459,0.0,0.0,0.0,0.0,0.0,0.0,0.0,0.0,0
SS18L1,0.9351974305686757,0.6205402196497478,0.9651733590396404,0.9110451403510259,0.9367337474300802,0.7392733087497334,0.825050602490256,0.0,0.0,0.0,0.0,0.0,0.0,0.0,0
APBB3,0.6814660872850935,0.31392713351751644,0.0,0.0,0.0,0.8635294495873446,0.8272671558358241,0.0,0.0,0.0,0.0,0.0,0.0,0.0,0
FAM160A1,0.6467031928962781,0.24056898874352128,0.0,0.0,0.0,0.0,0.860362934210803,0.0,1.0,0.0,0.0,0.0,0.0,0.0,0
CASQ1,0.7759304742112224,0.8916211917102391,0.0,0.0,0.0,0.7665737362660568,0.0,0.0,0.0,0.0,0.0,0.0,0.0,0.0,0
NPC1,0.5699981107122615,0.2581957668333447,0.02508497631952792,0.056372431495930346,0.4257930235671981,0.0,0.0,0.0,0.0,0.0,0.0,0.0,0.0,0.0,0
WBP2,0.8987341772151899,0.5012261113774917,0.03805550558697297,0.06361562998587533,0.04780057002355397,0.8532497629060162,0.0,0.0,0.0,0.0,0.0,0.0,0.0,0.0,0
SAV1,0.8018137162289817,0.3184236363221225,0.07185525200193221,0.05457192432111114,0.04806708848465198,0.8161171716521842,0.0,0.0,0.0,0.0,0.0,0.0,0.0,0.0,0
PSMG2,0.9351974305686757,0.2880806143495369,0.0,0.0,0.0,0.0,0.9420468132592588,0.0,0.0,0.0,0.0,0.0,0.0,0.0,0
GPATCH1,0.9351974305686757,0.4250169341887954,0.03334651208735174,0.49498193953500436,0.04104275096947394,0.9720979906307634,0.0,0.0,0.0,0.0,0.0,0.0,0.0,0.0,0
DPH6,0.8435669752503306,0.20403223965111766,0.0,0.0,0.0,0.9347897906917424,0.0,0.0,0.0,0.0,1.0,0.0,0.0,0.0,0
SMC3,0.49310409975439257,0.20965210706973836,0.04004817886322863,0.053605260247393566,0.0,0.0,0.8521091942699579,0.0,0.0,0.0,0.0,0.0,0.0,0.0,0
NDUFAF1,0.7723408275080295,0.1857311383580307,0.03893751587065828,0.0,0.4436569533420132,0.0,0.0,0.0,0.0,0.0,0.0,0.0,0.0,0.0,0
NFKB1,0.4203665218212734,0.2302151593335921,0.0,0.8970987256689474,0.0,0.0,0.0,0.0,0.0,0.0,0.0,0.0,0.0,0.0,0
ABCA2,0.5962592102777253,0.29105189853186286,0.9049671053782669,0.8952213391082412,0.8711221274431348,0.0,0.0,1.0,0.0,0.0,0.0,0.0,0.0,0.0,0
PSMC3,0.6442471188361987,0.32578943763271456,0.03175854371167818,0.060111340571136,0.04718068654114498,0.9630188570864284,0.0,0.0,0.0,0.0,0.0,1.0,0.0,0.0,0
COA1,0.7407897222747024,0.44108500582231663,0.03724294076246178,0.019111583444969903,0.0,0.0,0.0,0.0,0.0,0.0,0.0,0.0,0.0,0.0,0
ENPP1,0.9351974305686757,0.2639237086254005,0.02973325688524212,0.6432234934339243,0.03301094024578399,0.0,0.8470084777122578,0.0,0.0,0.0,0.0,0.0,0.0,0.0,0
MAP2K2,0.5429812960513887,0.24624669878454383,0.7402303338605892,0.8271905610148201,0.4707627677142188,0.8574222372443008,0.8084439417307598,0.0,0.0,0.0,0.0,0.0,0.0,0.0,0
ANKRD27,0.9351974305686757,0.4211658332762519,0.9318005021974679,0.9609114750510181,0.9077382111590199,0.9426588602349177,0.0,0.0,0.0,0.0,0.0,0.0,0.0,0.0,0
ZNF79,0.6083506518042698,0.29009749526223255,0.06167234761934652,0.06027106044473147,0.033061392316363236,0.0,0.0,0.0,0.0,0.0,0.0,0.0,0.0,0.0,0
SNX9,0.9351974305686757,0.2068513064060703,0.04188069694675287,0.4414599103533054,0.1056894287237268,0.6447545204671423,0.0,0.0,0.0,0.0,0.0,0.0,0.0,0.0,0
CMPK1,0.5420366521821274,0.2625644069989573,0.04125541464226072,0.0,0.0,0.0,0.0,0.0,0.0,0.0,0.0,1.0,0.0,0.0,0
IFT122,0.9351974305686757,0.3725277987076741,0.0,0.0,0.0,0.0,0.744735011151577,0.0,0.0,0.0,1.0,0.0,0.0,0.0,0
GRAMD4,0.4948044587190629,0.12496594135062505,0.7526768500952539,0.7818890752410728,0.7669958106303264,0.8959891384535273,0.9218895102406199,0.0,0.0,0.0,0.0,1.0,0.0,0.0,0
PIAS3,0.9351974305686757,0.7961991308384903,0.0358622248078043,0.7636946304390035,0.0,0.0,0.9428231284056633,0.0,0.0,0.0,0.0,0.0,0.0,0.0,0
OCEL1,0.9351974305686757,0.34118927476006733,0.026805021168037187,0.0680541483662438,0.862887431933446,0.0,0.0,0.0,0.0,0.0,0.0,0.0,0.0,0.0,0
TACO1,0.9351974305686757,0.5746390544253415,0.031364389812649336,0.2732824549632848,0.04363509175921744,0.0,0.9514623765915501,0.0,0.0,0.0,0.0,1.0,0.0,0.0,0
TEX264,0.05138862648781409,0.17415500300629405,0.0,0.0,0.0,0.9058026415569689,0.9419947755288874,0.0,0.0,0.0,0.0,0.0,0.0,0.0,0
DACT1,0.5318344983941055,0.270461447131082,0.05853958945074973,0.1897541350029218,0.0,0.2520588003378836,0.8484973824159919,0.0,0.0,0.0,0.0,0.0,0.0,0.0,0
TPK1,0.8074815794445493,0.3840597910054723,0.04471480241127364,0.05051705860136237,0.1312330614131869,0.0,0.0,0.0,1.0,0.0,0.0,0.0,0.0,0.0,0
RAN,0.48573587757415454,0.29821677283832226,0.028220942186954957,0.0,0.042142116464340504,0.0,0.0,0.0,0.0,0.0,0.0,1.0,0.0,0.0,0
SLC22A23,0.9351974305686757,0.363761597065248,0.05876194733529936,0.31123516200183954,0.04082875958593174,0.8980372763151538,0.0,0.0,0.0,0.0,1.0,1.0,0.0,0.0,0
ABTB2,0.9351974305686757,0.38965682580998706,0.0675249382161318,0.40905969186607544,0.13342483451983683,0.8074838592220667,0.8967150838576923,0.0,0.0,1.0,0.0,0.0,0.0,0.0,0
HNRNPL,0.9351974305686757,0.41516237794065036,0.03933281499142958,0.06263612146280224,0.0,0.0,0.0,0.0,0.0,0.0,0.0,0.0,0.0,0.0,0
ZNF560,0.8216512374834687,0.3127093940985303,0.0,0.0,0.0,0.6799597215423864,0.0,0.0,0.0,1.0,0.0,0.0,0.0,0.0,0
GCLC,0.8378991120347629,0.4184365748034491,0.034134591550613595,0.5507273013841207,0.12531616358507713,0.9283178454741388,0.0,0.0,1.0,0.0,0.0,0.0,0.0,0.0,0
TBC1D10B,0.7266200642357831,0.5979070103736179,0.0,0.18012358324215558,0.0,0.0,0.42400110074300495,0.0,0.0,0.0,0.0,0.0,0.0,0.0,0
STOML1,0.9351974305686757,0.27205973011850126,0.0477345412472131,0.11686174591396133,0.0,0.28879950016184186,0.0,0.0,0.0,0.0,0.0,0.0,0.0,0.0,0
STEAP2,0.5416587946344229,0.4061115297090364,0.0,0.0,0.835828298988533,0.0,0.8951928933017191,0.0,0.0,0.0,0.0,1.0,0.0,0.0,0
CBWD5,0.9351974305686757,0.2946427076435981,0.013922805040209332,0.0,0.0,0.0,0.0,0.0,0.0,0.0,1.0,0.0,0.0,0.0,0
DGKD,0.05686756092952955,0.22768682786492223,0.5222894903319435,0.9647058777637517,0.7723201057171427,0.9085518377482218,0.0,0.0,0.0,0.0,0.0,0.0,0.0,0.0,0
ST3GAL2,0.52635556395239,0.023421695549923294,0.0853692831145078,0.39893021773020293,0.5875559026170826,0.9041877284311776,0.0,0.0,0.0,0.0,0.0,1.0,0.0,0.0,0
FPGS,0.5000944643869261,0.28448219436643296,0.041363856119112405,0.6424121926908842,0.11351402696007729,0.0,0.8082984746011784,0.0,0.0,0.0,0.0,0.0,0.0,0.0,0
ABCC5,0.9351974305686757,0.46964708389463516,0.033195909438603864,0.3562997144633649,0.09045119122185907,0.8656498516102386,0.0,0.0,0.0,0.0,0.0,0.0,0.0,0.0,0
ADPRHL1,0.8329869639146043,0.2338638110677292,0.8904188524435509,0.7397260076282464,0.7849783249868724,0.8532448088451933,0.7726611957044338,0.0,0.0,0.0,0.0,0.0,0.0,0.0,0
YWHAQ,0.5254109200831287,0.3253647510103432,0.11522983469085243,0.07407129876868114,0.4790464258380856,0.8571532945946218,0.0,0.0,0.0,0.0,0.0,0.0,0.0,0.0,0
GLRX3,0.8513130549782733,0.2344011385863568,0.037108824296163134,0.05234203955165344,0.0,0.0,0.0,0.0,0.0,0.0,0.0,0.0,0.0,0.0,0
NOLC1,0.6516153410164368,0.22118866589035782,0.05927328790078531,0.616192591164338,0.030882857039418,0.0,0.0,0.0,0.0,0.0,0.0,0.0,0.0,0.0,0
NUDT4,0.8993009635367467,0.33307608588107257,0.0,0.0,0.0,0.0,0.5471660394639828,0.0,0.0,0.0,0.0,1.0,0.0,0.0,0
OTOF,0.5070848290194596,0.32086215950864216,0.09966109098180671,0.0,0.7159810915675557,0.6788090598571113,0.7201988865249256,0.0,0.0,0.0,0.0,0.0,0.0,0.0,0
TMEM163,0.07424900812393725,0.24211399563135988,0.0,0.8763354433834553,0.0,0.9084770533752078,0.0,0.0,0.0,0.0,0.0,0.0,0.0,0.0,0
NXN,0.5597959569242396,0.047676020427578514,0.5709038646970285,0.6363705325466128,0.7060720757722742,0.7272202102429726,0.7210888434389511,0.0,0.0,0.0,0.0,0.0,0.0,0.0,0
POLD2,0.9351974305686757,0.4498390300705528,0.0394168191309588,0.8837051939342012,0.5935607512528333,0.9104786121337091,0.8869288917568053,0.0,1.0,0.0,0.0,0.0,0.0,0.0,0
RNF144B,0.9351974305686757,0.44700321939858895,0.045615864026783796,0.24656152778637733,0.0,0.0,0.0,0.0,1.0,0.0,0.0,0.0,0.0,0.0,0
HPCAL1,0.6442471188361987,0.32131120091939325,0.6581575754002158,0.9335826725580386,0.6998679273177468,0.9145190005642518,0.7454460114091894,0.0,0.0,0.0,0.0,0.0,0.0,0.0,0
BTG3,0.9351974305686757,0.3238775867449064,0.0,0.0,0.0,0.8793165968871051,0.0,0.0,0.0,0.0,0.0,0.0,0.0,0.0,0
NCKAP5L,0.4396372567542036,0.3128753110943672,0.9409130751340796,0.8442974192496062,0.9005087266966231,0.8868116401605387,0.727248976577371,0.0,0.0,0.0,0.0,0.0,0.0,0.0,0
OGDH,0.8993009635367467,0.4460153282949365,0.03393182226186538,0.1408577686747172,0.058094640488887524,0.0,0.0,0.0,0.0,0.0,0.0,0.0,0.0,0.0,0
EFNA1,0.9351974305686757,0.9041715185971643,0.04145883599430601,0.0,0.11573817911486423,0.8785405949694027,0.507649317302278,0.0,1.0,0.0,0.0,0.0,0.0,0.0,0
FAN1,0.6179860192707349,0.1949342040170179,0.047428439131907356,0.06841718548031617,0.4593248665507022,0.0,0.7264026716260887,0.0,0.0,0.0,0.0,0.0,0.0,0.0,0
EML3,0.6523710561118459,0.28961953254028056,0.0,0.0,0.7904870252652547,0.9401439398312111,0.0,0.0,0.0,0.0,0.0,0.0,0.0,0.0,0
DPY19L4,0.9351974305686757,0.8865508292044356,0.07476518457803984,0.03420820836656658,0.05962842097167058,0.0,0.0,0.0,0.0,0.0,0.0,0.0,0.0,0.0,0
ENTPD4,0.5618741734366144,0.06599843216049794,0.0,0.6096885488061308,0.0,0.4845882724089557,0.0,0.0,0.0,0.0,0.0,0.0,0.0,0.0,0
ITGAV,0.5246552049877196,0.2902238357269524,0.02991053535518681,0.05385601852892503,0.07477586275725051,0.0,0.0,0.0,0.0,0.0,0.0,0.0,0.0,0.0,0
CCSER1,0.5853013413942943,0.2367802969762008,0.051054226425355904,0.6070701292008951,0.05651238117559311,0.9149291966499383,0.0,0.0,0.0,0.0,0.0,0.0,0.0,0.0,0
RPRD1A,0.7636501039108257,0.2566964251737181,0.020882940624898445,0.0,0.0,0.0,0.0,0.0,0.0,0.0,0.0,0.0,0.0,0.0,0
D2HGDH,0.04515397695068957,0.22385703739221102,0.04704543244382205,0.053318007326609844,0.0,0.9193691987212228,0.8851021931060231,0.0,0.0,0.0,0.0,0.0,0.0,0.0,0
ZNF845,0.7166068392216134,0.36633863811067735,0.08635530198493199,0.12016490704076027,0.10731900622398391,0.0,0.7576018368192721,0.0,1.0,0.0,0.0,0.0,0.0,0.0,0
SRM,0.4502172680899301,0.14490490216224852,0.05177454506605966,0.47472815003202823,0.07549401874740237,0.9814279406912981,0.0,0.0,0.0,0.0,0.0,0.0,0.0,0.0,0
POLR1D,0.9351974305686757,0.2005662488298285,0.0,0.0,0.43863449999425225,0.0,0.8314045170649474,0.0,1.0,0.0,0.0,0.0,0.0,0.0,0
SLC26A8,0.7398450784054411,0.38031067576926875,0.0,0.855446485800096,0.0,0.521577209522568,0.0,0.0,0.0,0.0,0.0,0.0,0.0,0.0,0
ARHGAP17,0.698658605705649,0.5981825239171636,0.0,0.0,0.0,0.8401485692290905,0.0,0.0,0.0,1.0,0.0,0.0,0.0,0.0,0
RMDN3,0.7723408275080295,0.19480177485520317,0.02388909767472098,0.09310152821782619,0.0,0.8882347695152419,0.0,0.0,0.0,0.0,0.0,0.0,0.0,0.0,0
GANC,0.8913659550349518,0.1855515217937302,0.0,0.0,0.5038142960138862,0.0,0.0,0.0,0.0,0.0,0.0,0.0,0.0,0.0,0
ACAD8,0.9351974305686757,0.11315995768355502,0.0,0.0,0.9210395295152717,0.0,0.8989498120452218,0.0,0.0,1.0,1.0,0.0,0.0,0.0,0
MATR3,0.7037596825996599,0.315318400803708,0.0,0.0,0.0,0.0,0.8286744458495912,0.0,0.0,0.0,0.0,0.0,0.0,0.0,0
GAL3ST4,0.9351974305686757,0.40144910990859345,0.0,0.5194286583022654,0.0,0.3087993843664449,0.0,0.0,0.0,0.0,0.0,0.0,0.0,0.0,0
RAB11A,0.9351974305686757,0.25095478381319875,0.03640219662739036,0.07002305250169553,0.03102016231067964,0.0,0.0,0.0,1.0,1.0,0.0,1.0,0.0,0.0,0
CHP1,0.7723408275080295,0.18792002496365814,0.0,0.0,0.0,0.9529877920783213,0.9523668461176015,0.0,0.0,0.0,0.0,0.0,0.0,0.0,0
PPP3CA,0.4203665218212734,0.21927377065400222,0.0,0.21486902287024573,0.0,0.8932333070357196,0.0,1.0,0.0,0.0,0.0,0.0,0.0,0.0,0
LRRK2,0.7394672208577366,0.36371593183703604,0.0,0.0,0.0,0.0,0.8818795929221891,0.0,0.0,0.0,1.0,0.0,0.0,0.0,0
CNDP2,0.5656527489136596,0.222866101940011,0.04190335912111999,0.0,0.6588292316584353,0.0,0.38931690781097056,0.0,0.0,0.0,0.0,0.0,0.0,0.0,0
SQSTM1,0.6438692612884942,0.3682048237702736,0.11386583997545209,0.21793261430950225,0.04588530692528565,0.8159283043687583,0.8109073758688291,0.0,0.0,0.0,0.0,0.0,0.0,0.0,0
MTMR6,0.8781409408652938,0.17742615552054564,0.03128174100809197,0.05999048233488591,0.815377822704776,0.0,0.0,0.0,0.0,0.0,0.0,0.0,0.0,0.0,0
SCMH1,0.9112034762894389,0.2857045003082403,0.0,0.0,0.0,0.34109638287660593,0.0,0.0,1.0,0.0,0.0,0.0,0.0,0.0,0
NT5C3B,0.9351974305686757,0.2672557481106012,0.0,0.0,0.0,0.9239221152501811,0.0,0.0,0.0,0.0,0.0,0.0,0.0,0.0,0
DAD1,0.9351974305686757,0.3203339650356569,0.03286808242891904,0.03789213817729395,0.0390115446516977,0.0,0.0,0.0,0.0,0.0,0.0,1.0,0.0,0.0,0
CPSF3,0.5254109200831287,0.3226765912429314,0.0,0.0,0.0,0.9473008723951191,0.9435200517163669,0.0,0.0,0.0,0.0,0.0,0.0,0.0,0
NR1H3,0.6442471188361987,0.32161259142559234,0.0,0.0,0.0,0.0,0.9377330451018452,0.0,0.0,0.0,0.0,0.0,0.0,0.0,0
REV1,0.7007368222180238,0.30832401001590676,0.035070426228366834,0.0,0.04322927800846446,0.0,0.0,0.0,0.0,0.0,0.0,0.0,0.0,0.0,0
PHF12,0.9351974305686757,0.45681819911561694,0.0,0.21627798683717608,0.0,0.0,0.8752670310651209,0.0,0.0,1.0,0.0,0.0,0.0,0.0,0
ABCC8,0.8295862459852635,0.3125297775342299,0.0,0.8750925007660264,0.0,0.3361082701764475,0.9154253266911583,0.0,0.0,0.0,0.0,0.0,0.0,0.0,0
RAB11FIP1,1.0,0.785598709196216,0.0406585519544963,0.3777195516917376,0.7823442897467454,0.8657074452425253,0.0,0.0,0.0,0.0,0.0,0.0,0.0,0.0,0
MICU1,0.8088040808615152,0.3060818473106986,0.03835105756895947,0.0,0.04666343447754549,0.0,0.0,0.0,0.0,0.0,0.0,1.0,0.0,0.0,0
TGFBR1,0.5900245607406007,0.25798418460929595,0.04669881584980034,0.5342416753965854,0.07084635742337862,0.0,0.0,0.0,0.0,0.0,0.0,1.0,0.0,0.0,0
PPP4R4,0.5348573587757415,0.24912969685899344,0.055588668649785386,0.11991289452981134,0.0,0.0,0.7779681443440281,0.0,0.0,0.0,0.0,0.0,0.0,0.0,0
PIP4K2B,0.9351974305686757,0.4479591448424931,0.04032815062138967,0.7717107545138433,0.05235014539182026,0.0,0.0,0.0,0.0,0.0,0.0,0.0,0.0,0.0,0
ZNF441,0.9351974305686757,0.3200158306124468,0.04584812487446118,0.500239748839002,0.0,0.0,0.0,0.0,0.0,1.0,0.0,0.0,0.0,0.0,0
ZNF589,0.43642546759871526,0.19037985859000983,0.024133600134283086,0.8193872407790026,0.04149420892662058,0.0,0.9156433426194389,0.0,0.0,0.0,1.0,1.0,0.0,0.0,0
EPB41,0.4502172680899301,0.16161989786210634,0.04205102691735788,0.38735724369544494,0.0,0.9434490123991479,0.9533966967953942,0.0,0.0,0.0,0.0,1.0,0.0,0.0,0
POLR3F,0.9351974305686757,0.4451035459049708,0.0,0.0,0.0,0.0,0.9402173392557097,0.0,1.0,0.0,0.0,1.0,0.0,0.0,0
SERTAD4,0.8059701492537313,0.8958482696683946,0.0,0.0,0.0,0.0,0.7374464931323687,0.0,0.0,0.0,0.0,0.0,0.0,0.0,0
ZNF77,0.5486491592669563,0.22366067691089955,0.07348331146281051,0.0,0.0,0.930584933890565,0.0,0.0,0.0,1.0,0.0,0.0,0.0,0.0,0
OTUD1,0.8787077271868505,0.4028525545889751,0.03406158873819706,0.1181496325942248,0.0,0.0,0.0,0.0,0.0,0.0,0.0,0.0,0.0,0.0,0
CLN5,0.6457585490270168,0.16961587932202357,0.0,0.9282192373433304,0.0,0.0,0.0,0.0,0.0,0.0,0.0,0.0,0.0,0.0,0
SLAIN2,0.9351974305686757,0.275300439147278,0.05189605016036723,0.5682338710789763,0.0,0.0,0.7038298517612163,0.0,0.0,0.0,0.0,0.0,0.0,0.0,0
TCF25,0.5392027205743435,0.007056799933024216,0.32879193962557035,0.9510194337883329,0.8326299634969859,0.0,0.875888126148521,1.0,1.0,0.0,1.0,0.0,0.0,0.0,0
POU2F3,0.018326091063668976,0.061450175430584814,0.12980656002267213,0.8537205717794476,0.03482039991725476,0.27226453756890373,0.9057316769377135,0.0,0.0,0.0,0.0,0.0,0.0,0.0,0
POLD3,0.9351974305686757,0.37908684765318784,0.033372092427290036,0.4366758485048548,0.043792438924168134,0.0,0.0,0.0,0.0,0.0,0.0,0.0,0.0,0.0,0
XPOT,0.9351974305686757,0.39775327077197076,0.0376861763128936,0.0,0.0,0.0,0.7532662305411353,0.0,0.0,0.0,0.0,0.0,0.0,0.0,0
SERTAD2,0.5106744757226525,0.33849198194701313,0.05668218084922537,0.11619813825382908,0.023987600317657044,0.0,0.0,0.0,0.0,0.0,0.0,0.0,0.0,0.0,0
IRAK4,0.9164934819573021,0.3544367574643621,0.0,0.0,0.0,0.0,0.719140480700546,0.0,0.0,0.0,0.0,0.0,0.0,0.0,0
TUBGCP3,0.6599282070659362,0.2305211163626124,0.3457875322048171,0.9339048697454541,0.5636048076214727,0.8948734804651874,0.9546076634159825,0.0,0.0,0.0,0.0,0.0,0.0,0.0,0
TMEM243,0.5979595692423956,0.40915435608222794,0.03269357645267536,0.0,0.2697460565691349,0.5884184662595725,0.0,0.0,0.0,0.0,0.0,0.0,0.0,0.0,0
GLS,0.8447005478934442,0.29968719318674797,0.03951275061261918,0.03522613767140005,0.0,0.0,0.0,0.0,0.0,0.0,0.0,0.0,0.0,0.0,0
CERS4,0.8216512374834687,0.29832332503748354,0.06987037904862164,0.19709552926535578,0.24287481587121895,0.0,0.0,0.0,0.0,0.0,0.0,0.0,0.0,0.0,0
GPS1,0.9351974305686757,0.4643940604759841,0.951358870997961,0.84787042705809,0.8287391413792514,0.0,0.7416318513216802,0.0,0.0,0.0,1.0,0.0,0.0,0.0,0
DNAAF2,0.7895333459285849,0.32811379774870425,0.037805307126869206,0.06287124063494182,0.907584334854545,0.0,0.0,0.0,0.0,0.0,0.0,0.0,0.0,0.0,0
TIMM50,0.9351974305686757,0.42332427639640463,0.03948973897135563,0.0425243242940505,0.0,0.0,0.0,0.0,0.0,1.0,0.0,0.0,0.0,0.0,0
BCL2,0.9351974305686757,0.2625019978537343,0.05318345488964038,0.3168295835131166,0.3060674188543165,0.0,0.0,0.0,0.0,0.0,0.0,0.0,1.0,0.0,0
HGFAC,0.608539580578122,0.20923046479591445,0.9003972813605396,0.9017806089153684,0.6580447646944442,0.8150907984663939,0.0,0.0,0.0,0.0,0.0,0.0,0.0,0.0,0
KIAA0232,0.608539580578122,0.21092007823975756,0.03015788093351371,0.0,0.07209185134787266,0.0,0.0,0.0,0.0,0.0,0.0,1.0,0.0,0.0,0
OSBPL10,0.5248441337615719,0.26700458935543525,0.0,0.0,0.0,0.8111054382800506,0.0,0.0,0.0,1.0,0.0,0.0,0.0,0.0,0
ARID1A,0.4502172680899301,0.13815558143251827,0.03927483994647941,0.0,0.11074263715115723,0.0,0.1120648917228291,0.0,0.0,1.0,0.0,0.0,0.0,0.0,0
FOSL1,0.9351974305686757,0.3090363875760136,0.08952221582017827,0.0,0.42184578571849096,0.7209977721085234,0.7657094211212782,0.0,0.0,0.0,0.0,0.0,0.0,0.0,0
PDE7A,0.9351974305686757,0.7517120655143811,0.0,0.09505217466462271,0.0,0.0,0.0,0.0,0.0,0.0,1.0,0.0,0.0,0.0,0
PPIG,0.4753447950122804,0.27556225312236,0.03254431531086644,0.5394738640664614,0.028255107143977228,0.0,0.0,0.0,0.0,0.0,1.0,0.0,0.0,0.0,0
CDADC1,0.02852824485169092,0.09872974556856995,0.05390368113433154,0.05129288869765456,0.09736352493324316,0.0,0.0,0.0,0.0,0.0,0.0,0.0,0.0,0.0,0
CPD,0.9351974305686757,0.3581371631238061,0.02823582265477563,0.4640148500948316,0.0,0.0,0.0,0.0,0.0,1.0,0.0,1.0,0.0,0.0,0
CFLAR,0.5019837521254487,0.27519845347093785,0.04729546119622581,0.1153642081337913,0.12382055622703443,0.0,0.0,0.0,0.0,0.0,1.0,0.0,0.0,0.0,0
TNFRSF10A,0.5618741734366144,0.06612477262521779,0.0,0.9581642622865054,0.0,0.6017621462849557,0.0,0.0,0.0,0.0,0.0,0.0,0.0,0.0,0
SF3A2,0.47024371811826937,0.2054904826053534,0.9651960627412002,0.8660793856189433,0.0,0.9529049100234239,0.727427376725866,0.0,0.0,0.0,0.0,0.0,0.0,0.0,0
YLPM1,0.43925939920649915,0.2190652327785008,0.027185556568503303,0.8777568437591562,0.24866051074590143,0.0,0.877715023553732,0.0,0.0,0.0,0.0,1.0,0.0,0.0,0
SLC19A2,0.729453995843567,0.8694126690564804,0.0,0.44465007228462317,0.0,0.47551676819317973,0.0,0.0,0.0,0.0,0.0,0.0,0.0,0.0,0
NOD1,0.9351974305686757,0.45469933252658096,0.031298581958336374,0.5120988659193318,0.08827279860929572,0.7099970584574987,0.0,0.0,0.0,0.0,0.0,0.0,0.0,0.0,0
EYA3,0.4502172680899301,0.14884581135694236,0.05081640680155633,0.05286320098061605,0.0,0.0,0.0,0.0,0.0,0.0,1.0,0.0,0.0,0.0,0
CTDSP2,0.9351974305686757,0.3725628087159699,0.025135789082173163,0.41730957332028745,0.13753141026887145,0.0,0.0,0.0,0.0,0.0,0.0,1.0,0.0,0.0,0
KDM3B,0.6584167768751181,0.3092434032772412,0.049084665902559464,0.7707883897950109,0.32619523118825094,0.887575694405501,0.0,0.0,0.0,0.0,0.0,0.0,0.0,0.0,0
FBXO9,0.8458341205365577,0.4160345837994992,0.02389221232209804,0.0,0.02522875580121159,0.0,0.0,0.0,0.0,0.0,0.0,0.0,0.0,0.0,0
GLCE,0.9351974305686757,0.2557252779870767,0.044450170757888756,0.1908625178445007,0.0,0.0,0.0,0.0,0.0,0.0,1.0,0.0,0.0,0.0,0
RGPD2,0.5871906291328168,0.32964814941662673,0.0,0.41753813427327435,0.0,0.0,0.0,0.0,0.0,0.0,0.0,1.0,0.0,0.0,0
SHQ1,0.46873228792745136,0.21374827804035276,0.02806972734656567,0.0,0.07775919248175536,0.0,0.0,0.0,0.0,0.0,0.0,0.0,0.0,0.0,0
P3H1,0.9351974305686757,0.2917094778181154,0.0,0.7510100184544002,0.0,0.5989454886012106,0.0,0.0,0.0,0.0,1.0,0.0,0.0,0.0,0
UBE2H,0.9351974305686757,0.4043716845141601,0.0,0.06866136894172196,0.0,0.04180248027174331,0.0,0.0,1.0,0.0,0.0,1.0,0.0,0.0,0
SMG1,0.698658605705649,0.6114315287957321,0.0,0.0,0.0,0.6151427321950073,0.0,0.0,0.0,1.0,0.0,0.0,0.0,0.0,0
NUDT8,0.9351974305686757,0.49346302258145547,0.048091994787170744,0.0,0.46513212521424696,0.0,0.0,0.0,0.0,0.0,0.0,0.0,0.0,0.0,0
TSC22D2,0.8344983941054223,0.4398505224863194,0.03478737995536723,0.0,0.04717929612838605,0.0,0.1411832255241277,0.0,0.0,1.0,0.0,1.0,0.0,0.0,0
GLTPD2,0.5324012847156622,0.048210303597658766,0.06296336741826523,0.0,0.0,0.0,0.0,0.0,0.0,0.0,0.0,0.0,0.0,0.0,0
SFMBT2,0.8809748724730777,0.4504570328256884,0.46406721432724113,0.8633001277012211,0.8926178063163582,0.8507183028024227,0.8533640992760814,0.0,0.0,0.0,0.0,0.0,0.0,0.0,0
NLRC5,0.52635556395239,0.03143137657830447,0.03481708128654453,0.5586082393050592,0.10666041402673386,0.0,0.0,0.0,0.0,0.0,0.0,0.0,0.0,0.0,0
DUSP2,0.7007368222180238,0.3186595733345511,0.03830586636699694,0.6801507844384075,0.0,0.0,0.0,0.0,0.0,0.0,0.0,0.0,0.0,0.0,0
MGAT4A,0.7007368222180238,0.3149150246211689,0.03145188441192734,0.038447943541060646,0.09829408766307744,0.7132938472147181,0.0,0.0,0.0,0.0,0.0,0.0,0.0,0.0,0
HOMER1,0.5505384470054789,0.2537799392652464,0.03574357969889544,0.0997399109631395,0.09701723874169714,0.8801681211959274,0.0,0.0,0.0,0.0,0.0,0.0,0.0,0.0,0
QSER1,0.9351974305686757,0.38316170818397,0.05127523922696323,0.0,0.11331809187192075,0.0,0.0,0.0,0.0,0.0,0.0,1.0,0.0,0.0,0
CHST10,0.7007368222180238,0.3081565708457962,0.08795414791870716,0.05073777883860703,0.0,0.9455219060985034,0.0,0.0,0.0,0.0,0.0,0.0,0.0,0.0,0
MAU2,0.9351974305686757,0.34063063680160743,0.0,0.0,0.0,0.0,0.9551044206207835,0.0,0.0,0.0,1.0,1.0,0.0,0.0,0
DTYMK,0.04515397695068957,0.22385703739221102,0.8980760791511918,0.924579502037862,0.7952337946955628,0.0,0.7169768539482678,0.0,0.0,0.0,0.0,0.0,0.0,0.0,0
DUSP22,0.7058378991120348,0.3554063824767298,0.0,0.0,0.0,0.0,0.26485233001573455,0.0,0.0,0.0,0.0,0.0,0.0,0.0,0
FDFT1,0.5618741734366144,0.07686218995212757,0.017123774875388548,0.0,0.26777555574959006,0.0,0.8459271976208873,0.0,0.0,0.0,0.0,0.0,0.0,0.0,0
TTC12,0.47232193463064426,0.05978035025230008,0.0,0.0,0.0,0.0,0.951037061278379,0.0,0.0,0.0,0.0,0.0,1.0,0.0,0
DDX27,0.9351974305686757,0.5721015899110291,0.02974635578358189,0.0516228752475032,0.0620587538008372,0.0,0.7936289016954012,0.0,0.0,0.0,0.0,0.0,0.0,0.0,0
RAB3GAP2,0.9351974305686757,0.9060559703480453,0.03071019439751075,0.04588625597953386,0.05534085755816047,0.0,0.0,0.0,0.0,0.0,1.0,0.0,0.0,0.0,0
STRADA,0.9351974305686757,0.5966892709546321,0.0,0.0,0.7840819653985088,0.0,0.0,0.0,0.0,0.0,0.0,0.0,0.0,0.0,0
NIPAL3,0.6149631588890988,0.15705185286663473,0.0,0.0,0.0,0.0,0.606499238218498,0.0,0.0,0.0,1.0,0.0,0.0,0.0,0
ZNF627,0.9351974305686757,0.3227420447367019,0.04011568724627026,0.2500182128198034,0.08880501960429546,0.0,0.0,0.0,1.0,0.0,0.0,0.0,0.0,0.0,0
ADGRG6,0.9021348951445306,0.23248015465290617,0.1014329458172075,0.0,0.22964494008555086,0.0,0.0,0.0,0.0,0.0,0.0,0.0,0.0,0.0,0
ZFP82,0.8866427356886454,0.40922742044736704,0.07903268489904645,0.0,0.0,0.9323624504867007,0.0,0.0,0.0,0.0,0.0,0.0,0.0,0.0,0
USF1,0.9351974305686757,0.9211498504463776,0.0,0.0,0.0,0.0,0.9319152328374687,0.0,0.0,0.0,0.0,0.0,0.0,0.0,0
LSM12,0.541847723408275,0.2514220913152346,0.06842780312156725,0.3830092797030457,0.4832004287289694,0.8735796310992052,0.0,0.0,0.0,0.0,0.0,0.0,0.0,0.0,0
SARDH,0.5962592102777253,0.2847409639929675,0.0,0.0,0.574240034087697,0.0,0.7354309275395261,0.0,0.0,0.0,1.0,0.0,0.0,0.0,0
TIPRL,0.9072359720385414,0.8774649709645261,0.027871782899124797,0.0,0.0,0.0,0.0,0.0,0.0,0.0,0.0,0.0,0.0,0.0,0
HSP90AA1,0.9351974305686757,0.28133433796835394,0.032124124040504826,0.7549699172846746,0.23849843020271205,0.0,0.0,0.0,0.0,0.0,0.0,0.0,0.0,0.0,0
SNX4,0.5826563385603627,0.3529709036387576,0.030588674607552904,0.9128014933927344,0.25234546877116637,0.0,0.0,0.0,0.0,0.0,0.0,0.0,0.0,0.0,0
DUSP10,0.7746079727942565,0.894428081071002,0.043677393374728035,0.25605347442004733,0.02389595446156241,0.8980168120516873,0.0,0.0,0.0,0.0,0.0,0.0,0.0,0.0,0
ANGEL2,0.7751747591158133,0.8864503657023695,0.043482996129098825,0.0,0.8760277168258505,0.0,0.0,0.0,0.0,0.0,0.0,0.0,0.0,0.0,0
OPTN,0.9351974305686757,0.44869283284243233,0.0,0.0,0.8452906427588467,0.0,0.0,0.0,0.0,0.0,0.0,0.0,0.0,0.0,0
PXK,0.03721896844889472,0.18136858688951277,0.02178520308519508,0.1089977711329141,0.05779597029373239,0.0,0.0,0.0,0.0,0.0,0.0,0.0,0.0,0.0,0
SIL1,0.9351974305686757,0.3171465321064609,0.026835701017872242,0.08829405003509959,0.1696803323115631,0.0,0.0,0.0,0.0,0.0,0.0,0.0,0.0,0.0,0
KDM3A,0.750047232193463,0.3311231362878736,0.051560712489440844,0.0,0.0,0.0,0.8359660858182376,0.0,0.0,1.0,0.0,0.0,0.0,0.0,0
TUBG2,0.7791422633667108,0.25002777968049555,0.04539510608597394,0.15212241686413128,0.12711318114650078,0.0,0.8833205568944917,0.0,0.0,0.0,0.0,0.0,0.0,0.0,0
ZNF543,0.9185716984696769,0.3809210676530356,0.03974917850937631,0.08499245619291587,0.07853561075230382,0.0,0.9494215816116187,0.0,0.0,0.0,0.0,0.0,0.0,0.0,0
TAF12,0.4502172680899301,0.15646581577124774,0.0,0.0,0.0,0.8458537081047068,0.0,0.0,0.0,0.0,0.0,1.0,0.0,0.0,0
PANK3,0.6438692612884942,0.33445822012162174,0.04422116935047817,0.04522750475160379,0.4204165118609276,0.0,0.0,0.0,0.0,0.0,0.0,0.0,0.0,0.0,0
LTBP1,0.9351974305686757,0.34463395514152423,0.09470964015265486,0.0,0.45460340263214655,0.0,0.0,0.0,0.0,0.0,0.0,0.0,0.0,0.0,0
SF3B2,0.8095597959569243,0.35769268823587613,0.027450268648848343,0.10945254823105677,0.0,0.0,0.9356123444822514,0.0,0.0,0.0,0.0,0.0,0.0,0.0,0
UBAP1,0.9351974305686757,0.30011644633194057,0.06929473220058945,0.03972789799108443,0.0,0.0,0.0,0.0,0.0,0.0,0.0,0.0,0.0,0.0,0
ZNF138,0.6208199508785188,0.4182934904217184,0.04613051105797456,0.43646713784215174,0.05522165615310492,0.0,0.0,0.0,0.0,0.0,0.0,0.0,0.0,0.0,0
HNRNPUL1,0.7570375968259966,0.33163002032102656,0.03795830862033906,0.05688604991346932,0.09739257016497595,0.0,0.6654131852379996,0.0,0.0,0.0,0.0,1.0,0.0,0.0,0
ZC3H18,0.5392027205743435,0.012388976413909514,0.054430643032561676,0.9483351591429225,0.7212428904782214,0.8663462287235868,0.0,0.0,0.0,0.0,0.0,0.0,0.0,0.0,0
ABI1,0.8787077271868505,0.38292424899726785,0.04163086065775671,0.8352272245056863,0.1254414297885855,0.9022837224070206,0.0,0.0,0.0,0.0,0.0,0.0,0.0,0.0,0
PIGH,0.8715284337804647,0.2401184251584964,0.03046043923846597,0.0,0.8962325091611407,0.8463080448383029,0.0,0.0,0.0,0.0,0.0,0.0,0.0,0.0,0
VPS11,0.018326091063668976,0.06509426064190046,0.0,0.0,0.0,0.7747101701046117,0.0,1.0,1.0,0.0,0.0,0.0,0.0,0.0,0
NKG7,0.7194407708293973,0.3590093689826549,0.0,0.0,0.0,0.0,0.6774778554836255,0.0,0.0,0.0,0.0,0.0,0.0,0.0,0
LDB1,0.6516153410164368,0.22118866589035782,0.015275142361237755,0.0,0.07940072211138395,0.0,0.0,0.0,0.0,0.0,0.0,0.0,0.0,0.0,0
PLCL1,0.9351974305686757,0.29065308887214497,0.046212332791665554,0.0,0.10629286284806375,0.0,0.9084628645660079,0.0,0.0,0.0,0.0,1.0,0.0,0.0,0
ZFYVE21,0.7640279614585301,0.27016310097343044,0.90542706602741,0.920564953202789,0.6702717345147081,0.8085410627520184,0.6783524577267128,0.0,0.0,0.0,0.0,0.0,0.0,0.0,0
MED30,0.9351974305686757,0.9475367414815322,0.030447082637529106,0.041173294536217646,0.0,0.0,0.0,0.0,0.0,0.0,0.0,0.0,0.0,0.0,0
PPARD,0.9297184961269601,0.3939493572619128,0.033894386837551506,0.430978715368407,0.0,0.0,0.7870636580882127,0.0,0.0,0.0,0.0,0.0,0.0,0.0,0
WFDC2,0.8605705648970338,0.5421330228097816,0.08245366650891378,0.25024198380185675,0.0,0.0,0.0,0.0,0.0,0.0,0.0,0.0,0.0,0.0,0
PPIA,0.7373890043453617,0.444248083963133,0.019467502536888885,0.02373893001875552,0.039848787037032124,0.0,0.0,0.0,0.0,0.0,0.0,1.0,0.0,0.0,0
C6orf47,0.6425467598715284,0.3823793106072713,0.035270133214029,0.0,0.0890677624184856,0.0,0.0,0.0,0.0,0.0,0.0,0.0,0.0,0.0,0
EDEM3,0.9351974305686757,0.8787070651718921,0.028670258047372305,0.0,0.04549204034964284,0.9713645471329364,0.0,0.0,0.0,0.0,0.0,0.0,0.0,0.0,0
MPHOSPH8,0.8091819384092198,0.16232618672511817,0.032817204243131254,0.043809022089952576,0.06459300086632475,0.0,0.0,0.0,0.0,0.0,0.0,0.0,0.0,0.0,0
HMGXB4,0.5002833931607784,0.1356379051837644,0.029615425373242035,0.0,0.0,0.0,0.9534594869323101,0.0,0.0,0.0,0.0,0.0,0.0,0.0,0
TMEM181,0.0034007179293406298,0.1924758925649397,0.06690048231242315,0.6468724556982167,0.2993893705396628,0.9472685626521608,0.6882057966554154,0.0,0.0,0.0,0.0,1.0,0.0,0.0,0
C19orf53,0.9351974305686757,0.3474591105935719,0.0,0.0,0.0,0.0,0.504439375112299,0.0,0.0,0.0,0.0,0.0,0.0,0.0,0
RPS5,0.9351974305686757,0.36018600969625014,0.03165308897294441,0.31775312516397536,0.0,0.8690489118032573,0.8767830402982133,0.0,0.0,0.0,1.0,0.0,0.0,0.0,0
POU2F1,0.9351974305686757,0.8857532098850002,0.07618899442931597,0.0767883693746676,0.0,0.0,0.9197841485687848,0.0,1.0,0.0,0.0,0.0,0.0,0.0,0
PI4KB,0.8838088040808615,0.8959122009878914,0.0,0.27439628011509637,0.0,0.8528033056772659,0.0,0.0,0.0,1.0,0.0,0.0,0.0,0.0,0
METTL15,0.5261666351785377,0.3118478434595977,0.03690447823722194,0.0,0.0,0.0,0.0,0.0,0.0,0.0,0.0,0.0,0.0,0.0,0
KCND3,0.8522576988475344,0.25268092943961157,0.9143951811092789,0.8477505938715547,0.775990252147794,0.632666331850241,0.6421231781780387,0.0,0.0,0.0,0.0,1.0,0.0,0.0,0
RBM22,0.6363121103344039,0.31565784566675037,0.033941781913729464,0.04546897393549765,0.16053581269229084,0.0,0.0,0.0,1.0,0.0,0.0,0.0,0.0,0.0,0
AP5S1,0.9351974305686757,0.43457009993074114,0.0,0.0,0.0,0.0,0.9546426512117777,0.0,0.0,0.0,0.0,0.0,0.0,0.0,0
ANAPC11,0.7232193463064425,0.45678014475877365,0.0,0.0,0.0,0.8607618619998203,0.0,0.0,0.0,0.0,0.0,0.0,0.0,0.0,0
ABR,0.5597959569242396,0.047676020427578514,0.4887792198059259,0.6598380240907473,0.8141148167017065,0.7091268307807786,0.7943030926608003,0.0,0.0,0.0,1.0,1.0,0.0,0.0,0
RBBP9,0.9351974305686757,0.4451126789506131,0.04888294504088377,0.0,0.048468509054508654,0.8890752506580629,0.0,0.0,1.0,1.0,0.0,0.0,0.0,0.0,0
STX7,0.7621386737200075,0.2513109725932521,0.026240384762558605,0.7129100484559691,0.15547869554332444,0.0,0.0,0.0,0.0,0.0,0.0,0.0,0.0,0.0,0
TUBG1,0.7791422633667108,0.24968681264317946,0.0,0.0,0.0,0.0,0.8586997921907235,0.0,0.0,0.0,0.0,0.0,0.0,0.0,0
ZBTB48,0.47931229926317775,0.15550989032734364,0.02377169252694598,0.0,0.22201711836227223,0.0,0.0,0.0,0.0,0.0,0.0,0.0,0.0,0.0,0
ZNF30,0.9351974305686757,0.42377027345860835,0.0,0.0,0.0,0.0,0.9440263875786616,0.0,0.0,0.0,0.0,0.0,0.0,0.0,0
SLC39A8,0.4203665218212734,0.22311726069517698,0.03952658131841105,0.05048170848375844,0.09808641354988328,0.9339724560983823,0.0,0.0,0.0,0.0,0.0,0.0,0.0,0.0,0
LPP,0.7141507651615342,0.46919195378678913,0.0,0.0,0.0,0.0,0.8866054295533734,0.0,0.0,0.0,0.0,0.0,0.0,0.0,0
MFAP1,0.03400717929340635,0.17828466181093078,0.04930231098801115,0.0,0.47101358902110546,0.0,0.8424097454619782,0.0,0.0,0.0,0.0,0.0,0.0,0.0,0
HELZ,0.9351974305686757,0.6021036448462989,0.0,0.0,0.0,0.8180359335412706,0.0,0.0,0.0,1.0,0.0,0.0,0.0,0.0,0
ZNF624,0.6376346117513697,0.06023243601159847,0.0,0.0,0.0,0.907108300856977,0.0,0.0,0.0,0.0,0.0,0.0,0.0,0.0,0
ACVR1B,0.48649159266956354,0.3170643346956793,0.029574448908138037,0.04488233429655538,0.0,0.0,0.10903311397583514,0.0,0.0,0.0,0.0,1.0,0.0,0.0,0
DHDDS,0.4502172680899301,0.13984367270208772,0.020065765844916077,0.15676669256569856,0.07934993518517355,0.0,0.0,0.0,0.0,0.0,0.0,0.0,0.0,0.0,0
TM2D2,1.0,0.7057987228957845,0.0,0.0,0.0,0.9192252155147703,0.0,0.0,0.0,0.0,0.0,0.0,0.0,0.0,0
ZNF266,0.8216512374834687,0.3148693593929569,0.035917621426800904,0.0,0.050572399046992324,0.0,0.0,0.0,0.0,0.0,0.0,0.0,0.0,0.0,0
TANGO2,0.5830341961080672,0.1557336499455822,0.02483171206247928,0.5693469037403238,0.11426454723276869,0.0,0.0,0.0,0.0,0.0,0.0,0.0,0.0,0.0,0
ATRNL1,0.7515586623842812,0.22262559840476143,0.08400337524715942,0.17836566673254997,0.0,0.0,0.0,0.0,0.0,0.0,0.0,0.0,0.0,0.0,0
YIF1B,0.9351974305686757,0.4288178033503055,0.0492101256464722,0.08211094256568419,0.04593356591158016,0.0,0.0,0.0,0.0,0.0,0.0,0.0,0.0,0.0,0
CDHR4,0.0,0.17720544025085422,0.0,0.0,0.0,0.7505993007051167,0.9287258227574913,0.0,0.0,0.0,0.0,0.0,0.0,0.0,0
TAB1,0.4948044587190629,0.1229155726039074,0.02591061421282811,0.4475506606069812,0.0,0.0,0.8671065322873562,0.0,0.0,0.0,0.0,0.0,0.0,0.0,0
BFAR,0.698658605705649,0.6130145900404141,0.0,0.0,0.0,0.0,0.8679825821821887,0.0,1.0,1.0,0.0,0.0,0.0,0.0,0
ZBTB24,0.9351974305686757,0.25491852562199835,0.0,0.9136268364049679,0.0,0.0,0.0,0.0,0.0,0.0,0.0,0.0,0.0,0.0,0
LRP2,0.6939353863593425,0.28491449186017304,0.04062657562799291,0.21782664138665805,0.09390531522470491,0.8663571522059069,0.0,0.0,0.0,0.0,0.0,0.0,0.0,0.0,0
SLC16A10,0.9351974305686757,0.24864260109139882,0.1181198135904601,0.0,0.12580556035211785,0.0,0.0,0.0,0.0,0.0,0.0,0.0,0.0,0.0,0
DTX3,0.9351974305686757,0.352564483107671,0.04049575927671693,0.12027620917873366,0.8503251548356612,0.0,0.0,0.0,0.0,0.0,0.0,0.0,0.0,0.0,0
TMEM43,0.6058945777441904,0.3234802992594622,0.0,0.0,0.0,0.0,0.9478666375485162,0.0,0.0,0.0,0.0,0.0,0.0,0.0,0
CASC3,0.9351974305686757,0.47152088042560003,0.041221316065094125,0.049685993411470605,0.46324594227135857,0.0,0.0,0.0,0.0,0.0,0.0,1.0,0.0,0.0,0
ARID4A,0.5318344983941055,0.2732409373549177,0.057959134639405885,0.0,0.060166419800325104,0.0,0.0,0.0,1.0,0.0,0.0,0.0,0.0,0.0,0
SUMO2,0.9351974305686757,0.4912330372704372,0.11839231260726692,0.0,0.06529476923235562,0.0,0.0,0.0,0.0,0.0,0.0,1.0,0.0,0.0,0
ODC1,0.5669752503306253,0.3194434930855234,0.0,0.0,0.0,0.8658714074262297,0.0,0.0,0.0,0.0,0.0,0.0,0.0,0.0,0
MTHFR,0.4502172680899301,0.14323659915823767,0.0,0.0,0.0,0.28110842313502726,0.0,0.0,0.0,0.0,0.0,0.0,0.0,0.0,0
XKR5,0.6754203665218212,0.07849700512211658,0.0,0.0,0.0,0.9318970929901056,0.8255795081908227,0.0,0.0,0.0,0.0,0.0,0.0,0.0,0
EDEM1,0.6245985263555639,0.3365877419305736,0.0,0.0,0.0,0.0,0.679446655492965,0.0,0.0,0.0,0.0,1.0,0.0,0.0,0
SUDS3,0.48573587757415454,0.30912315150961633,0.0,0.0,0.03964979158508242,0.0,0.0,0.0,0.0,0.0,0.0,1.0,0.0,0.0,0
TRANK1,0.47874551294162104,0.24776278436118138,0.25846207224172985,0.09906085217134299,0.9154868988272115,0.9681818967488431,0.0,0.0,0.0,0.0,0.0,1.0,0.0,0.0,0
AMMECR1L,0.496315888909881,0.2567557899703937,0.0,0.4745481702855081,0.0,0.0,0.906016095055326,0.0,0.0,0.0,0.0,1.0,0.0,0.0,0
NXPE3,0.6043831475533723,0.3743026539108463,0.029028068978659685,0.42822667942316167,0.04241801410858998,0.0,0.9641201775789231,0.0,0.0,0.0,0.0,0.0,0.0,0.0,0
SLC9A1,0.5123748346873229,0.14183924317495117,0.023157955760994366,0.5884934860637575,0.047113961355372685,0.4328887368231024,0.0,0.0,0.0,0.0,1.0,0.0,0.0,0.0,0
FKTN,0.49499338749291516,0.25660661689156794,0.0,0.0,0.0,0.8491504465328724,0.9045265448789155,0.0,0.0,0.0,0.0,1.0,0.0,0.0,0
UBE2D4,0.9351974305686757,0.4466181093073346,0.0,0.0,0.893400734844391,0.0,0.0,0.0,0.0,0.0,0.0,0.0,0.0,0.0,0
NLGN2,0.03287360665029282,0.014279516861885222,0.9359860849825568,0.9433638653185159,0.7727911150655107,0.5768754987740832,0.7882773846352952,0.0,0.0,0.0,0.0,0.0,0.0,0.0,0
CIAO1,0.7007368222180238,0.3220616328363434,0.0,0.0,0.8717632248618167,0.0,0.8951693549035842,0.0,0.0,0.0,0.0,0.0,0.0,0.0,0
MED11,0.5324012847156622,0.045805268245161235,0.04031971111555705,0.07397853704079006,0.0,0.0,0.0,0.0,0.0,0.0,0.0,0.0,0.0,0.0,0
MIEN1,0.9351974305686757,0.6573996696881828,0.026215637130365888,0.0,0.055687767731651155,0.0,0.0,0.0,0.0,0.0,0.0,1.0,0.0,0.0,0
ZNF641,0.5108634044965048,0.32303886872007975,0.0,0.0,0.0,0.9489715052209395,0.0,0.0,0.0,0.0,0.0,0.0,0.0,0.0,0
CDK13,0.9351974305686757,0.44136204154013603,0.05452836163693844,0.0,0.0,0.0,0.8998668919310627,0.0,0.0,0.0,0.0,0.0,0.0,0.0,0
MON2,0.9351974305686757,0.3640036227747715,0.0382104031316033,0.054039529288341,0.03553988535625437,0.8864778803314136,0.0,0.0,0.0,0.0,1.0,0.0,0.0,0.0,0
HSF1,0.9351974305686757,0.8050079533605812,0.0,0.0,0.0,0.0,0.8289186869395629,0.0,0.0,0.0,0.0,0.0,0.0,0.0,0
DOCK5,0.5618741734366144,0.06873986802749046,0.0,0.0,0.09450723123451087,0.0,0.6181233670799297,0.0,0.0,1.0,0.0,1.0,0.0,0.0,0
VAMP3,0.44738333648214623,0.15205455472597057,0.04035178170349328,0.9394278179524409,0.455832803881345,0.9146727010942023,0.0,0.0,0.0,0.0,0.0,0.0,0.0,0.0,0
TOR1B,0.49707160400529,0.26737752205249976,0.03187264529503668,0.0,0.0,0.0,0.0,0.0,0.0,0.0,0.0,0.0,0.0,0.0,0
GNAQ,0.5873795579066692,0.26650227184510344,0.10660246529390094,0.08739372686213648,0.05462887544927934,0.934928709231838,0.0,0.0,0.0,0.0,0.0,0.0,0.0,0.0,0
AEN,0.6850557339882865,0.30280765044789976,0.03515172591418201,0.37569734508189945,0.05691538496823447,0.0,0.6874345857699299,0.0,0.0,0.0,0.0,0.0,0.0,0.0,0
SPAST,0.9351974305686757,0.33953467132452,0.0302790590084462,0.04674610121055158,0.0,0.0,0.9586330544219693,0.0,0.0,0.0,0.0,0.0,0.0,0.0,0
SF3B3,0.52635556395239,0.023255778554086393,0.0,0.0,0.0,0.0,0.7698702742131102,0.0,0.0,0.0,0.0,0.0,0.0,0.0,0
AMER2,0.8781409408652938,0.17454315744609614,0.0,0.0,0.0,0.9154447741173237,0.0,0.0,0.0,0.0,0.0,0.0,0.0,0.0,0
OXSM,0.49367088607594933,0.2736047370063398,0.0,0.0,0.9336070295750117,0.0,0.0,0.0,0.0,0.0,0.0,0.0,0.0,0.0,0
EPOR,0.8242962403174003,0.3200828062804911,0.09269026785962074,0.0,0.09506280076058779,0.7925484811850061,0.0,0.0,0.0,0.0,1.0,0.0,0.0,0.0,0
FNBP1L,0.9351974305686757,0.24386601822042608,0.03189334133236495,0.04393274028526187,0.043790621699974636,0.0,0.0,0.0,0.0,0.0,0.0,1.0,0.0,0.0,0
PPP3CC,0.5618741734366144,0.07803730849144913,0.061051980802244527,0.9421563649086621,0.0,0.0,0.3868267219062196,0.0,0.0,0.0,0.0,0.0,0.0,0.0,0
SH3RF3,0.7407897222747024,0.29498976337800914,0.0,0.0,0.6495955281155407,0.0,0.0,0.0,0.0,0.0,0.0,0.0,0.0,0.0,0
EIF5A,0.03287360665029282,0.013988781575602294,0.04417968872467828,0.04946389452486141,0.0340527813809565,0.0,0.0,0.0,0.0,0.0,0.0,0.0,0.0,0.0,0
JRK,0.9351974305686757,0.8297493740058305,0.0,0.0,0.0,0.8944646745785892,0.0,0.0,0.0,0.0,0.0,0.0,0.0,0.0,0
SLC1A1,0.8671830719818628,0.2821167355450525,0.07781767636682957,0.047259326938759484,0.0,0.0,0.0,0.0,0.0,0.0,0.0,0.0,0.0,0.0,0
ANKRA2,0.5505384470054789,0.2553767000783919,0.0,0.0,0.0,0.9245712280653856,0.0,0.0,0.0,0.0,0.0,0.0,0.0,0.0,0
YES1,0.6079727942565653,0.27216476014338886,0.0,0.05749351449280605,0.0,0.0,0.0,0.0,0.0,0.0,0.0,0.0,0.0,0.0,0
VDR,0.6058945777441904,0.3324108957234514,0.0,0.0,0.0,0.7375023154450372,0.0,0.0,0.0,0.0,0.0,0.0,0.0,0.0,0
SEC16A,0.7814094086529378,0.29465792938633545,0.8936960274772844,0.8835244503611551,0.8963405249179884,0.0,0.9033279449223462,0.0,0.0,0.0,0.0,0.0,0.0,0.0,0
PPP2R1A,0.7086718307198187,0.36785472368731503,0.03307342604232742,0.18533573726965086,0.044759866225021,0.0,0.0,0.0,0.0,0.0,0.0,1.0,0.0,0.0,0
CAPZB,0.0,0.13635028274387137,0.0,0.0,0.7864092972729635,0.7042630829915969,0.5455640670478633,0.0,0.0,0.0,0.0,0.0,0.0,0.0,0
PIK3R4,0.5237105611184584,0.3716753811143838,0.02729519328065866,0.34103023002945043,0.0844219909935911,0.0,0.0,0.0,0.0,0.0,0.0,0.0,0.0,0.0,0
SAP130,0.496315888909881,0.25824295423583044,0.037485461952309555,0.04322970538730101,0.0,0.8963520659557613,0.0,0.0,0.0,0.0,0.0,0.0,0.0,0.0,0
DNAJC10,0.5172869828074815,0.28267689567778614,0.09186982131415249,0.05052575379706086,0.0478901076404376,0.0,0.0,0.0,0.0,0.0,0.0,1.0,0.0,0.0,0
EPC2,0.5074626865671641,0.24683882457702588,0.05252191208496884,0.07896696821881528,0.07638682138043479,0.0,0.0,0.0,0.0,0.0,0.0,0.0,0.0,0.0,0
TBC1D19,0.039863971282826344,0.1866687977106499,0.05974505166808239,0.03897185296870917,0.028709079370214313,0.0,0.0,0.0,0.0,0.0,0.0,1.0,0.0,0.0,0
SPATA7,0.5611184583412054,0.2353509753331659,0.026008448239871137,0.038866700984863445,0.32675554626604203,0.0,0.0,0.0,1.0,0.0,0.0,0.0,0.0,0.0,0
NAPB,0.9351974305686757,0.45555936099124006,0.026103306525200588,0.07626221204152879,0.34881845891061075,0.884700874480096,0.0,0.0,1.0,0.0,0.0,0.0,0.0,0.0,0
SHISA5,0.4332136784432269,0.1896294266730597,0.036728042724140396,0.48770558550882914,0.049794996554253824,0.0,0.0,0.0,0.0,0.0,0.0,0.0,0.0,0.0,0
SLC25A15,0.5426034385036841,0.10462056000791528,0.09348675238536622,0.12963110572489497,0.1392930542393247,0.0,0.0,0.0,0.0,0.0,0.0,0.0,0.0,0.0,0
HECTD2,0.9351974305686757,0.23338128182295592,0.03265081501516397,0.0,0.3417053566482459,0.0,0.0,0.0,0.0,0.0,0.0,1.0,0.0,0.0,0
DDI2,0.4579633478178726,0.1341050756901158,0.03395576487351073,0.05906686670732976,0.0,0.0,0.0,0.0,1.0,0.0,0.0,0.0,0.0,0.0,0
IRF2BP2,0.9351974305686757,0.9067546483396889,0.028791061711922476,0.0,0.0,0.0,0.0,0.0,0.0,0.0,0.0,0.0,0.0,0.0,0
HERC2,0.6244095975817117,0.19629350564346104,0.8673610319854465,0.9043342292865213,0.9515633859914614,0.9385020156966498,0.8862712156833267,0.0,0.0,1.0,1.0,0.0,0.0,0.0,0
RUFY3,0.7708293973172113,0.28620377347002457,0.0,0.0,0.050038482648149724,0.0,0.4807655263850616,0.0,0.0,0.0,0.0,0.0,0.0,0.0,0
PARP9,0.7048932552427736,0.3518490611990167,0.0,0.0,0.0,0.8907380341851922,0.0,0.0,0.0,0.0,0.0,0.0,0.0,0.0,0
PRDM4,0.5127526922350274,0.31001057911120244,0.07410122357264795,0.02174609597489845,0.06291670110545264,0.0,0.0,0.0,0.0,1.0,0.0,0.0,0.0,0.0,0
AMIGO1,0.6941243151331947,0.25917756923990226,0.028421441723170914,0.9290930575894984,0.02794077048042049,0.7638071529505309,0.0,0.0,0.0,0.0,0.0,0.0,0.0,0.0,0
PPP1R12C,0.7944454940487437,0.3731686340769155,0.9430150993503708,0.8605306271139113,0.0,0.7055696126320069,0.6527062337092497,0.0,0.0,0.0,0.0,0.0,0.0,0.0,0
THEM4,0.8838088040808615,0.9011895791949224,0.044830627043833435,0.0,0.0,0.0,0.0,0.0,0.0,0.0,0.0,0.0,0.0,0.0,0
NOL7,0.9351974305686757,0.44714325943177224,0.0,0.0,0.0,0.0,0.9304423775370433,0.0,0.0,0.0,0.0,0.0,0.0,0.0,0
CGNL1,0.5686756092952957,0.21560837500285412,0.0398299529376333,0.9082952304192996,0.08641615897568007,0.0,0.9002128242730871,0.0,0.0,0.0,0.0,0.0,0.0,0.0,0
MPV17L2,0.7708293973172113,0.3354248007854419,0.02554847750848517,0.0,0.03833691141618796,0.0,0.8776397282977344,0.0,0.0,0.0,0.0,0.0,0.0,0.0,0
C1orf52,0.5267334215000945,0.23043130808046206,0.04792967157694685,0.2803207352651758,0.5602360932959313,0.625025029094487,0.0,0.0,0.0,0.0,0.0,1.0,0.0,0.0,0
MSL1,0.9351974305686757,0.47725795526329823,0.02783050154777694,0.046035083365036984,0.06732473341561689,0.0,0.0,0.0,0.0,0.0,0.0,0.0,0.0,0.0,0
CAD,0.4813905157755526,0.3224847972844411,0.0658826628745752,0.0,0.2816693734296615,0.0,0.0,0.0,0.0,0.0,0.0,0.0,0.0,0.0,0
PPIF,0.9351974305686757,0.3538431094976064,0.051993231977001834,0.5721246177144215,0.15760458192785257,0.0,0.8835485763759843,0.0,0.0,0.0,0.0,0.0,0.0,0.0,0
SIPA1L1,0.07878329869639145,0.21882472924325108,0.0,0.0,0.0,0.0,0.7996068390168194,0.0,0.0,0.0,1.0,0.0,0.0,0.0,0
IQUB,0.81673908936331,0.39249568083049824,0.03733566928483727,0.0,0.06594851103690907,0.9428001835255959,0.0,0.0,0.0,0.0,0.0,0.0,0.0,0.0,0
TMEM200A,0.9351974305686757,0.25625499463433565,0.0,0.0,0.0,0.0,0.6456456745377949,0.0,0.0,0.0,0.0,0.0,0.0,0.0,0
LONRF2,0.7007368222180238,0.30955697117763015,0.048990583669646405,0.35478562837749855,0.2042664041571146,0.0,0.0,0.0,0.0,0.0,0.0,0.0,0.0,0.0,0
DNTTIP2,0.9351974305686757,0.2446834258054205,0.026229242778296233,0.05004819651575874,0.045131568568807984,0.0,0.0,0.0,0.0,0.0,0.0,0.0,0.0,0.0,0
FBRSL1,0.48573587757415454,0.29664588898783023,0.5528957371313905,0.6787744997256642,0.8197893034793996,0.844169018905772,0.8772639984053086,0.0,0.0,0.0,0.0,0.0,0.0,0.0,0
FNDC3B,0.9002456074060079,0.4875463311794569,0.052682677945357415,0.06900247809193259,0.7908311181768812,0.0,0.0,0.0,0.0,0.0,0.0,1.0,0.0,0.0,0
TRDMT1,0.7487247307764973,0.41718230320189365,0.049418147439719146,0.03378366103920763,0.5174723442105565,0.0,0.0,0.0,0.0,0.0,1.0,0.0,0.0,0.0,0
SEC23A,0.6920460986208199,0.3170141029446461,0.0,0.0,0.0,0.842935885434608,0.8886905765323568,0.0,0.0,0.0,0.0,1.0,0.0,0.0,0
VPS53,0.5597959569242396,0.047676020427578514,0.027912616491874667,0.043199086248685556,0.22562560754035454,0.914848034648394,0.0,0.0,0.0,0.0,0.0,0.0,0.0,0.0,0
SUMO1,0.5322123559418099,0.26549154812734505,0.02668440085200102,0.052476707121852914,0.061278371160599976,0.0,0.0,0.0,0.0,1.0,0.0,0.0,0.0,0.0,0
TRABD2A,0.642168902323824,0.3408817955567733,0.058768130247909986,0.4563636923108562,0.0727182086107362,0.0,0.8669622013728657,0.0,0.0,0.0,0.0,1.0,0.0,0.0,0
ASCC2,0.7417343661439637,0.16014491099085937,0.026236670921033732,0.0,0.03804309775253343,0.9200278147374048,0.0,0.0,0.0,1.0,1.0,0.0,0.0,0.0,0
ANKMY1,0.04515397695068957,0.22659390673638224,0.6040073121662499,0.7727093413808929,0.0,0.9372011735156036,0.9134264922341564,0.0,0.0,0.0,0.0,0.0,0.0,0.0,0
TMEM65,0.9351974305686757,0.9238760645706331,0.044998558165084336,0.0,0.037461104873990236,0.0,0.0,0.0,0.0,0.0,0.0,1.0,0.0,0.0,0
HSF2,0.9351974305686757,0.24772473000433815,0.04483320184363125,0.04181015589338796,0.0,0.0,0.8475609982192595,0.0,0.0,1.0,0.0,0.0,0.0,0.0,0
EMP2,0.9140374078972228,0.6326354164288274,0.025128519492145934,0.0,0.3972202550070116,0.0,0.0,0.0,0.0,0.0,0.0,1.0,0.0,0.0,0
FBN1,0.9351974305686757,0.21638925040527895,0.0,0.5838489209344199,0.0,0.0,0.0,0.0,0.0,1.0,0.0,1.0,0.0,0.0,0
GRHPR,0.8071037218968449,0.287322571561218,0.039966634837324676,0.0,0.84208705014504,0.0,0.0,0.0,0.0,0.0,1.0,0.0,0.0,0.0,0
KLHL32,0.8613262799924428,0.22328165551673995,0.0515787774501278,0.8322603558067225,0.0738650463494885,0.0,0.6459501296871445,0.0,0.0,0.0,0.0,0.0,0.0,0.0,0
WSB1,0.9351974305686757,0.37537274242528024,0.0,0.7934851263614027,0.0,0.0,0.0,0.0,1.0,0.0,1.0,0.0,0.0,0.0,0
CDH18,0.684111090119025,0.46139994367955206,0.0,0.8857339858680979,0.0,0.0,0.0,0.0,0.0,0.0,0.0,0.0,0.0,0.0,0
ALKBH2,0.5127526922350274,0.3077592833603519,0.027041136892273655,0.20354443037959255,0.04491814077509501,0.5277429830993704,0.0,0.0,0.0,0.0,0.0,0.0,0.0,0.0,0
CLASP1,0.9351974305686757,0.2792596144332564,0.0,0.0,0.0,0.5878946680239551,0.48297087653302356,0.0,0.0,0.0,0.0,0.0,0.0,0.0,0
CSRP2,0.8363876818439449,0.348500277796805,0.0,0.0,0.0,0.8610125430953761,0.0,0.0,0.0,0.0,0.0,0.0,0.0,0.0,0
RPL18A,0.6094842244473833,0.3341750957067075,0.028255996658635433,0.0,0.0,0.0,0.4722059498845158,0.0,0.0,0.0,0.0,0.0,0.0,0.0,0
OTUB1,0.9351974305686757,0.28457656917140445,0.0,0.9211109775300887,0.0,0.9429699389871572,0.0,0.0,0.0,0.0,0.0,0.0,0.0,0.0,0
MIS12,0.0,0.029916813175940193,0.0,0.0,0.0,0.0,0.8076946355392415,0.0,0.0,0.0,0.0,0.0,0.0,0.0,0
CPNE8,0.9351974305686757,0.39564049288002984,0.0,0.333515541777739,0.0,0.0,0.0,0.0,0.0,1.0,0.0,0.0,0.0,0.0,0
RTN4RL1,0.4496504817683733,0.043050132809705044,0.4991496701006234,0.8752871243860736,0.8654348504125895,0.9656566063431767,0.7158363339360784,0.0,0.0,0.0,0.0,0.0,0.0,0.0,0
PRKAR1B,0.9351974305686757,0.4354620940551484,0.8245380301302354,0.797472907576002,0.8511857623980249,0.8531176328824706,0.9039142737332138,0.0,0.0,0.0,0.0,0.0,0.0,0.0,0
FAM216A,0.5121859059134706,0.29828070415781904,0.0,0.0,0.0,0.0,0.9445983731979004,0.0,0.0,0.0,0.0,0.0,0.0,0.0,0
TAMM41,0.5936142074437937,0.33204709607202926,0.029667301882362548,0.9317621464483806,0.29864621170956235,0.8111362359917595,0.0,0.0,0.0,0.0,0.0,0.0,0.0,0.0,0
ZFP36L1,0.5607406007935009,0.22393923480299258,0.0759355627497595,0.06568687020858435,0.5451385908578393,0.6513584157887081,0.0,0.0,0.0,0.0,0.0,0.0,1.0,0.0,0
ANO7,0.04515397695068957,0.2238783478320433,0.9112384360848806,0.7271870277642278,0.8239033511167391,0.8085188952150755,0.7374228868222498,0.0,0.0,0.0,0.0,0.0,0.0,0.0,0
RNF152,0.9351974305686757,0.25163824006210467,0.04262001953344085,0.06661479695410753,0.3183267652689546,0.0,0.0,0.0,0.0,0.0,0.0,0.0,0.0,0.0,0
SLC25A38,0.48932552427734743,0.23564018844517504,0.0,0.0,0.0,0.0,0.9324287286900157,0.0,0.0,0.0,0.0,0.0,0.0,0.0,0
BZW1,0.5019837521254487,0.2755972631306558,0.0,0.0,0.0,0.0,0.8886182720212887,0.0,0.0,0.0,0.0,0.0,0.0,0.0,0
ENOX1,0.5433591535990931,0.10373465458060288,0.0,0.6329228529867145,0.0,0.0,0.0,0.0,0.0,0.0,0.0,0.0,0.0,0.0,0
PHF23,0.03287360665029282,0.012020610239666107,0.03234443665798671,0.0,0.05561059154640555,0.0,0.0,0.0,0.0,0.0,0.0,0.0,0.0,0.0,0
CREG1,0.7753636878896656,0.8753445822012165,0.03207154706400539,0.14985463590118683,0.1510472862813054,0.7502480125757324,0.0,0.0,0.0,0.0,0.0,1.0,0.0,0.0,0
FAM149B1,0.8904213111656906,0.3083422761071915,0.0,0.0,0.0,0.0,0.9150425402583183,0.0,0.0,0.0,0.0,0.0,0.0,0.0,0
ZNF211,0.9351974305686757,0.3733147628071938,0.0467791328885646,0.0,0.0,0.0,0.0,0.0,0.0,0.0,1.0,0.0,0.0,0.0,0
ZC3HC1,0.9351974305686757,0.4067143107214346,0.042158340313214214,0.4546069236021744,0.1707918908741783,0.0,0.0,0.0,0.0,1.0,0.0,1.0,0.0,0.0,0
TRMT1,0.9351974305686757,0.35232245739814755,0.0,0.8094121566658716,0.6688430778159589,0.9084071892782093,0.9613639606703333,0.0,0.0,0.0,0.0,0.0,0.0,0.0,0
TRIM26,0.8938220290950312,0.38897184738680723,0.038777725725220494,0.0901583800740191,0.2710393280723611,0.9223349708547361,0.0,0.0,0.0,0.0,0.0,0.0,0.0,0.0,0
POGK,0.7753636878896656,0.8809674939683848,0.03694846324383897,0.058148025247357606,0.35581397272589943,0.0,0.9235846367239232,0.0,0.0,0.0,0.0,1.0,0.0,0.0,0
SRGAP3,0.6417910447761195,0.3421558554238875,0.838045816642433,0.8705601371884393,0.5926571088770888,0.9460713762571881,0.9063920321289421,0.0,0.0,0.0,0.0,0.0,0.0,0.0,0
FXYD5,0.9351974305686757,0.4192235389029691,0.04998362277499037,0.031767214216087934,0.36647677968924297,0.0,0.9209097366740316,0.0,0.0,0.0,0.0,1.0,0.0,0.0,0
SIPA1L3,0.9351974305686757,0.43789605071884685,0.9282527305767088,0.9449168442736632,0.0,0.980031158396854,0.8932005429393834,0.0,0.0,0.0,0.0,0.0,0.0,0.0,0
CAP1,0.9051577555261667,0.2802794711966573,0.03294043000740706,0.0,0.040402511534739664,0.0,0.0,0.0,0.0,0.0,0.0,0.0,1.0,0.0,0
PODXL2,0.7213300585679199,0.3635652365839365,0.0,0.0,0.7604179949330228,0.0,0.5904723343068271,0.0,0.0,0.0,0.0,0.0,0.0,0.0,0
ARL3,0.6516153410164368,0.21860858049638104,0.0,0.8759859623437025,0.0,0.0,0.0,0.0,0.0,0.0,0.0,0.0,0.0,0.0,0
FAM32A,0.9351974305686757,0.33976908616267476,0.0,0.0424779951381593,0.0,0.0,0.0,0.0,0.0,0.0,0.0,1.0,0.0,0.0,0
USP10,0.5392027205743435,0.0038358791698060446,0.05302442654674494,0.3408056016704926,0.0640184920472007,0.0,0.7620550889331787,0.0,0.0,0.0,0.0,0.0,0.0,0.0,0
SLC30A9,0.6200642357831098,0.23104017778995511,0.04888813702551477,0.0,0.1783226986061131,0.0,0.0,0.0,0.0,0.0,0.0,1.0,0.0,0.0,0
CCDC170,0.9351974305686757,0.2526854959624327,0.07420671407926954,0.1426999176815586,0.0948557815265315,0.0,0.8815600506332021,0.0,0.0,0.0,0.0,0.0,0.0,0.0,0
MPDU1,0.0,0.010521268580039489,0.0,0.0,0.0,0.8330795728031785,0.0,0.0,0.0,0.0,0.0,0.0,0.0,0.0,0
MTMR12,0.6007935008501795,0.4532684887092726,0.06093273436065944,0.1171223000507947,0.0,0.0,0.0,0.0,0.0,0.0,0.0,0.0,0.0,0.0,0
SUCO,0.8339316077838654,0.8769915747653949,0.03121620113484743,0.07051515059041266,0.025877630272111922,0.0,0.0,1.0,0.0,1.0,0.0,0.0,0.0,0.0,0
TCF19,0.6425467598715284,0.386081238440989,0.0,0.0,0.7567164886834786,0.0,0.8999883870730205,0.0,0.0,0.0,0.0,0.0,0.0,0.0,0
GLUL,0.7895333459285849,0.8771377034956738,0.05243799387645773,0.13259725102782255,0.8653116344329056,0.8522769669352073,0.0,0.0,1.0,0.0,0.0,0.0,0.0,0.0,0
KDM7A,0.9351974305686757,0.40498816509502183,0.06654812002176462,0.0,0.0,0.8864705377019175,0.0,0.0,0.0,0.0,0.0,0.0,0.0,0.0,0
HAX1,0.7203854146986586,0.8839646551133643,0.0349773851607728,0.0,0.02301016091035762,0.0,0.8273460618355862,0.0,1.0,0.0,0.0,0.0,0.0,0.0,0
MIPOL1,0.9351974305686757,0.35214740735666833,0.07097090933227734,0.0,0.09116842965048172,0.0,0.9061774062933641,0.0,0.0,0.0,0.0,0.0,0.0,0.0,0
SMAP2,0.7132061212922729,0.270045893554353,0.036454001381772974,0.6376176256243061,0.0,0.0,0.0,0.0,0.0,0.0,1.0,0.0,0.0,0.0,0
AKR1A1,0.4615529945210655,0.26195249294091677,0.0328555245201323,0.12769592861033807,0.055087411021175696,0.0,0.0,0.0,0.0,0.0,0.0,0.0,0.0,0.0,0
UBE3A,0.9351974305686757,0.21822499257940037,0.04736289293804246,0.04497222356822468,0.16576741772262918,0.0,0.0,0.0,0.0,0.0,0.0,0.0,0.0,0.0,0
CNNM2,0.6519931985641413,0.22333036509349957,0.0,0.0,0.4993975598443809,0.0,0.0,0.0,0.0,0.0,1.0,0.0,0.0,0.0,0
PPP1R18,0.8938220290950312,0.39418986079716256,0.026077515464544756,0.5493766321901294,0.05264175845318627,0.47123743724124784,0.8571997277197396,0.0,0.0,0.0,0.0,0.0,0.0,0.0,0
MAPT,0.9351974305686757,0.29606746276381185,0.7781514730256744,0.9261594877935883,0.8561660500077675,0.907626457809368,0.664098386577602,0.0,0.0,0.0,0.0,0.0,0.0,0.0,0
EXT1,0.9351974305686757,0.9361706661795707,0.016621664371837652,0.10090125145573457,0.6481673672962007,0.6883368976259355,0.0,0.0,0.0,0.0,0.0,0.0,0.0,0.0,0
GCA,0.9351974305686757,0.2718268374546201,0.0497066489770316,0.07925387296384848,0.0,0.0,0.0,0.0,0.0,0.0,1.0,0.0,0.0,0.0,0
IBTK,0.5832231248819195,0.21729951062097091,0.048917918139709575,0.029708437189464296,0.20836849283409936,0.0,0.0,0.0,0.0,0.0,0.0,0.0,0.0,0.0,0
TDRD9,0.7640279614585301,0.27092114376174925,0.0,0.0,0.0,0.0,0.6585293214388535,0.0,0.0,0.0,0.0,1.0,0.0,0.0,0
IP6K1,0.0,0.1783957805329131,0.023472664354408562,0.948964403375896,0.799300394790433,0.9054520143016059,0.8328383723163456,0.0,0.0,0.0,0.0,0.0,0.0,0.0,0
RNF6,0.8781409408652938,0.1938245389714668,0.04479094986251338,0.0,0.9271805951731685,0.0,0.9314345985202923,0.0,0.0,0.0,0.0,0.0,0.0,0.0,0
HERC1,0.9351974305686757,0.25298079777153687,0.07963237462935034,0.08286221805785296,0.17949695949889602,0.0,0.0,0.0,0.0,1.0,0.0,1.0,0.0,0.0,0
UHRF2,0.8671830719818628,0.2845232930718237,0.08640402552320883,0.0,0.035179226644695666,0.0,0.0,0.0,0.0,1.0,0.0,1.0,0.0,0.0,0
SAAL1,0.8295862459852635,0.31645698716046,0.0,0.0,0.0,0.8633522279823698,0.0,0.0,0.0,0.0,0.0,0.0,0.0,0.0,0
PPHLN1,0.7307764972605328,0.368577756467338,0.0,0.0,0.0,0.0,0.8978114176152179,0.0,0.0,0.0,0.0,0.0,0.0,0.0,0
HSBP1L1,0.5273002078216512,0.21864054615612927,0.016280654090859915,0.0,0.07902439553783867,0.0,0.938776823687947,0.0,0.0,0.0,0.0,0.0,0.0,0.0,0
KCNIP4,0.7132061212922729,0.20112640896256206,0.0,0.0,0.0,0.4090008572296187,0.0,0.0,1.0,0.0,0.0,0.0,0.0,0.0,0
GPI,0.8110712261477423,0.4154926897580505,0.04156566614322603,0.0,0.056752772695490575,0.7533658935771148,0.9016300456639925,0.0,0.0,0.0,1.0,1.0,0.0,0.0,0
EXOSC10,0.4502172680899301,0.14490490216224852,0.0,0.8108702189498652,0.0,0.0,0.0,0.0,0.0,0.0,0.0,0.0,0.0,0.0,0
FAT3,0.9351974305686757,0.18580268054889593,0.8737241426300044,0.6759194927380227,0.7316545617653984,0.7518385720323054,0.7532369981999374,0.0,0.0,0.0,0.0,0.0,0.0,0.0,0
FZD3,0.6960136028717174,0.08776856862342172,0.04580474231552074,0.06006515687061787,0.06939867058804101,0.0,0.895335666519958,0.0,0.0,0.0,0.0,0.0,0.0,0.0,0
UBA2,0.8110712261477423,0.41477270132657496,0.0,0.0,0.5029508071029136,0.0,0.0,0.0,0.0,0.0,0.0,0.0,0.0,0.0,0
PNMA2,0.5618741734366144,0.07466569247513141,0.0,0.0,0.0,0.8873009437888796,0.0,0.0,0.0,1.0,0.0,0.0,0.0,0.0,0
KLC2,0.9351974305686757,0.3823169014620485,0.02622614726938854,0.04840209874024756,0.409971552091918,0.899515601733542,0.0,0.0,0.0,0.0,0.0,0.0,0.0,0.0,0
DCUN1D5,0.7050821840166257,0.11702171381601462,0.02805856660767937,0.1099595293600266,0.048731183965195685,0.0,0.0,0.0,0.0,0.0,0.0,1.0,0.0,0.0,0
TBL1XR1,0.9351974305686757,0.48408490688098904,0.03955698219716235,0.0,0.3344079443206546,0.0,0.2981889145769111,0.0,0.0,0.0,0.0,1.0,0.0,0.0,0
CSRNP2,0.07122614774230113,0.31562892435554946,0.02710845471853531,0.07262964512516398,0.25431077191415447,0.5228809195517758,0.0,0.0,0.0,0.0,0.0,0.0,0.0,0.0,0
KPNA5,0.9351974305686757,0.2395369545859304,0.030668157674876777,0.0,0.0,0.0,0.0,0.0,0.0,1.0,0.0,0.0,0.0,0.0,0
SP1,0.46722085773663324,0.3124414914263534,0.04175649994008156,0.038114369084028384,0.5942037167865547,0.0,0.0,0.0,0.0,0.0,0.0,0.0,0.0,0.0,0
DMAP1,0.7460797279425657,0.2789871452382583,0.036198640168002914,0.7419211898020075,0.0,0.0,0.1656788793918749,0.0,0.0,0.0,0.0,0.0,0.0,0.0,0
ACYP2,0.4823351596448139,0.34343448181382286,0.02360754067276837,0.5024013293563133,0.0,0.0,0.9184169858909154,0.0,0.0,0.0,0.0,0.0,0.0,0.0,0
NEK3,0.9351974305686757,0.12333112618063638,0.03166790341398187,0.0,0.9586975833206645,0.0,0.9054994256164091,0.0,1.0,0.0,1.0,0.0,0.0,0.0,0
OS9,0.9351974305686757,0.37259629654999205,0.03897560765595266,0.0,0.0,0.0,0.0,0.0,0.0,0.0,0.0,0.0,0.0,0.0,0
COPE,0.6928018137162291,0.34551986056883655,0.0,0.0,0.0,0.0,0.8915144248599058,0.0,0.0,0.0,0.0,0.0,0.0,0.0,0
KCTD6,0.03721896844889472,0.18262894718816328,0.0,0.0,0.481412322412073,0.0,0.7776731734261825,0.0,0.0,0.0,0.0,0.0,0.0,0.0,0
COX5B,0.7007368222180238,0.3175407752433576,0.033727326946341146,0.04159527232852092,0.9498734084692946,0.0,0.0,0.0,0.0,0.0,0.0,0.0,0.0,0.0,0
MDM4,0.9351974305686757,0.9340517995905351,0.07849083641208779,0.04763875104631118,0.0,0.0,0.958259415514918,0.0,0.0,0.0,0.0,0.0,0.0,0.0,0
TEFM,0.8025694313243907,0.31249172317738655,0.0,0.0,0.0,0.9484640552029606,0.0,0.0,0.0,0.0,0.0,0.0,0.0,0.0,0
TPP2,0.5682977517475911,0.20908281389136243,0.028445322463496625,0.08358796823150469,0.23005234435499888,0.0,0.8219732584349587,0.0,0.0,0.0,0.0,0.0,0.0,0.0,0
RPA2,0.4502172680899301,0.14692178307494433,0.08826909656293422,0.0,0.0,0.0,0.0,0.0,0.0,0.0,0.0,0.0,0.0,0.0,0
STPG2,0.5161534101643681,0.22795473053709925,0.03419343799636187,0.11644070637792385,0.07420408276720755,0.0,0.0,0.0,1.0,0.0,0.0,0.0,0.0,0.0,0
CYP2R1,0.5497827319100699,0.28510476364438964,0.034745904297796,0.018196326576556142,0.03607851543387702,0.0,0.0,0.0,0.0,0.0,0.0,0.0,0.0,0.0,0
TMEM135,0.9351974305686757,0.2126842782230137,0.04875937467476764,0.453115978360172,0.04086222241659287,0.0,0.0,0.0,0.0,0.0,0.0,0.0,0.0,0.0,0
PGPEP1,0.6928018137162291,0.34213758933260274,0.02462269657375922,0.12569358135454337,0.04335039142866016,0.0,0.8990219085977095,0.0,0.0,0.0,0.0,0.0,0.0,0.0,0
NDUFA6,0.5590402418288305,0.11952416832203108,0.0,0.0,0.0,0.9046037930351565,0.0,0.0,0.0,0.0,0.0,0.0,0.0,0.0,0
SRGAP2,0.9351974305686757,0.9238486654337056,0.0,0.0,0.6912297359871145,0.0,0.0,0.0,0.0,0.0,1.0,1.0,0.0,0.0,0
SLC41A1,0.9351974305686757,0.9269478122550252,0.0,0.7745923284287112,0.0,0.929272959506102,0.0,0.0,0.0,0.0,0.0,0.0,0.0,0.0,0
COL4A2,0.6348006801435859,0.2319367384371837,0.6071738080637062,0.7635977454926821,0.5625992794191002,0.8348356919126126,0.7025573245875427,0.0,0.0,0.0,0.0,0.0,0.0,0.0,0
RAB3B,0.4615529945210655,0.2604348851900054,0.0538398007379325,0.7112426427802708,0.31643122778021576,0.0,0.0,0.0,0.0,0.0,0.0,0.0,0.0,0.0,0
TXNL4B,0.52635556395239,0.011169714820649657,0.0,0.0,0.0,0.8981005162245024,0.0,0.0,0.0,0.0,0.0,0.0,0.0,0.0,0
CRBN,0.6179860192707349,0.33417357353243377,0.0287993667570753,0.0960989312602064,0.58844127826872,0.9523118737315636,0.0,0.0,0.0,0.0,0.0,0.0,0.0,0.0,0
WDR41,0.5505384470054789,0.25542388748087763,0.026559773303932152,0.03141001401862723,0.2605864554022868,0.0,0.0,0.0,0.0,0.0,0.0,0.0,0.0,0.0,0
RHOA,0.05138862648781409,0.18218447230023357,0.0,0.0,0.9454063034417468,0.9150047479783631,0.0,0.0,0.0,0.0,0.0,0.0,0.0,0.0,0
NOC2L,0.0253164556962025,0.15959540607804193,0.9308296368127505,0.7464077564358751,0.8605609612954059,0.8521857857167557,0.8226739190525026,0.0,0.0,0.0,0.0,0.0,0.0,0.0,0
CD276,0.9351974305686757,0.27625788676545576,0.038487391265178604,0.24941589180883586,0.1844969162264035,0.0,0.0,0.0,0.0,0.0,1.0,0.0,0.0,0.0,0
SLIT1,0.4349140374078972,0.2194442541726602,0.8899638819565927,0.9106732437155369,0.8043449792185982,0.8559714085359483,0.8209132973709026,0.0,0.0,0.0,0.0,0.0,0.0,0.0,0
ELP6,0.4332136784432269,0.19196291983469171,0.030330944267110856,0.03695898951701347,0.861617410111414,0.9532018341929357,0.0,0.0,0.0,0.0,0.0,0.0,0.0,0.0,0
C14orf119,0.9351974305686757,0.322382811608101,0.0,0.0,0.0,0.0,0.6223202109156709,0.0,0.0,0.0,0.0,0.0,0.0,0.0,0
ADGRE5,0.9351974305686757,0.34079350944889686,0.0,0.0,0.0,0.7093369324240099,0.0,0.0,0.0,0.0,0.0,0.0,0.0,0.0,0
U2SURP,0.6140185150198375,0.40832324892876987,0.0,0.0,0.0,0.0,0.8505792609243388,0.0,1.0,0.0,1.0,0.0,0.0,0.0,0
CDAN1,0.05403362932174571,0.17413369256646205,0.03601056175697679,0.5531723614372049,0.15153657639619159,0.9088516489838105,0.0,0.0,0.0,0.0,0.0,0.0,0.0,0.0,0
TEAD2,0.7961458530134139,0.35332100372171615,0.0,0.0,0.0,0.9552600139443383,0.0,0.0,0.0,0.0,0.0,0.0,0.0,0.0,0
POTEF,0.5571509540903079,0.2613999436795518,0.0,0.6800176874307882,0.0,0.0,0.0,0.0,0.0,0.0,0.0,0.0,0.0,0.0,0
IPPK,0.49499338749291516,0.26405157126439405,0.03237696282134289,0.051010470794122235,0.038564525056169245,0.0,0.0,0.0,0.0,0.0,0.0,0.0,0.0,0.0,0
SLCO2A1,0.5582845267334215,0.37454620179464354,0.059363191698949276,0.0,0.12119299109685469,0.0,0.9592809969343808,0.0,0.0,0.0,0.0,0.0,0.0,0.0,0
HOXB6,0.9351974305686757,0.4640333051731095,0.0,0.8906619721875634,0.0,0.0,0.0,0.0,0.0,1.0,0.0,1.0,0.0,0.0,0
MYCN,0.5694313243907048,0.3208408490688099,0.0,0.0,0.0,0.0,0.9318788482411625,0.0,0.0,0.0,0.0,0.0,0.0,0.0,0
TBC1D32,0.9351974305686757,0.2484568958300035,0.04020877552796847,0.0,0.16405247752333266,0.0,0.0,0.0,0.0,1.0,0.0,0.0,0.0,0.0,0
TMED2,0.48573587757415454,0.30078011431528795,0.0,0.0,0.0,0.7032682642381841,0.0,0.0,0.0,0.0,0.0,0.0,0.0,0.0,0
SNAPC4,0.5962592102777253,0.2914019986148214,0.05790233463809031,0.8042321927607582,0.0,0.9741049728994864,0.0,0.0,0.0,0.0,0.0,0.0,0.0,0.0,0
PRPH2,0.9351974305686757,0.40707506602430904,0.0,0.0,0.0,0.8457230392974406,0.0,0.0,0.0,0.0,0.0,0.0,0.0,0.0,0
MTPAP,0.8787077271868505,0.3724242908570603,0.023471863793754714,0.034118847414005664,0.3688239128018055,0.8789794161115997,0.0,0.0,0.0,1.0,0.0,0.0,0.0,0.0,0
PDXDC1,0.698658605705649,0.6131196200653017,0.05228599741796326,0.042475462991003646,0.05475990415582818,0.0,0.0,0.0,0.0,0.0,1.0,1.0,0.0,0.0,0
DCUN1D1,0.9351974305686757,0.47506602430912326,0.054622475218936095,0.0550672969579147,0.7379116354742314,0.0,0.0,0.0,0.0,0.0,0.0,1.0,0.0,0.0,0
ZBTB38,0.6196863782354053,0.40477658287097296,0.046186917879169224,0.44478228828374466,0.46742073772632503,0.8052735674452102,0.0,0.0,0.0,0.0,0.0,0.0,0.0,0.0,0
VPS13A,0.5873795579066692,0.26852371928062035,0.0,0.6440519815828704,0.0,0.0,0.0,0.0,0.0,1.0,0.0,1.0,0.0,0.0,0
CYB5A,0.5273002078216512,0.2210410149858056,0.09058206610954972,0.4789432074744807,0.0,0.6716472963165155,0.0,0.0,1.0,0.0,0.0,0.0,0.0,0.0,0
C2orf42,0.4823351596448139,0.3296938146448387,0.025596757598626303,0.040867852752017146,0.8596284945092372,0.0,0.9263913521447253,0.0,0.0,0.0,0.0,0.0,0.0,0.0,0
CAST,0.6803325146419799,0.28284890137071794,0.06800641612107322,0.0,0.10278326727504504,0.0,0.9018818862481892,0.0,0.0,0.0,1.0,0.0,0.0,0.0,0
PRSS23,0.9351974305686757,0.20887123166731358,0.06071536274066087,0.565170556041189,0.0847264912154481,0.5694267326887293,0.825783872286782,0.0,0.0,0.0,0.0,1.0,0.0,0.0,0
DENND6B,0.5254109200831287,0.13635941578951355,0.0,0.9556941670818775,0.6073774148585036,0.9010313920491825,0.8110382694582511,0.0,0.0,0.0,0.0,0.0,0.0,0.0,0
C16orf70,0.52635556395239,0.016191367749693486,0.034736922634269835,0.8655578994519197,0.0635010993501901,0.7954279905998093,0.0,0.0,0.0,0.0,0.0,0.0,0.0,0.0,0
HSPA13,0.9351974305686757,0.33607476920032575,0.03678591259371814,0.0,0.08222351381367148,0.0,0.0,0.0,0.0,0.0,0.0,0.0,0.0,0.0,0
RAD52,0.9293406385792556,0.40888949775859845,0.05866265963195225,0.04288837982804172,0.24046950236680845,0.7841776131778708,0.0,0.0,0.0,0.0,1.0,0.0,0.0,0.0,0
PLOD3,0.5739656149631589,0.37821464179433906,0.0,0.8290016366474857,0.0,0.9502514772516374,0.737401517889342,0.0,0.0,0.0,0.0,0.0,0.0,0.0,0
CNBP,0.6909125259777064,0.36598701585344506,0.053948223823408886,0.06809579824470635,0.06832893254029766,0.0,0.0,0.0,0.0,0.0,0.0,0.0,0.0,0.0,0
TLK1,0.9351974305686757,0.28756611944501526,0.04210495259534587,0.8742590726880152,0.056286457799271064,0.7788338585672546,0.7498017243242664,0.0,0.0,0.0,0.0,0.0,0.0,0.0,0
SDC3,0.49499338749291516,0.19094915176838603,0.043943090414579784,0.714901132239853,0.17599242393223086,0.4822990352895902,0.0,0.0,0.0,0.0,0.0,0.0,0.0,0.0,0
ZNF687,0.8838088040808615,0.8959122009878914,0.0,0.0,0.09464410629645552,0.0,0.9079382930573948,0.0,0.0,0.0,0.0,0.0,0.0,0.0,0
SURF4,0.5962592102777253,0.2806752365078277,0.0,0.8496123460860284,0.0,0.7078420801716041,0.0,0.0,0.0,1.0,0.0,0.0,0.0,0.0,0
PHF14,0.711127904779898,0.4276639952508163,0.03863162428206408,0.0,0.070622013193777,0.0,0.0,0.0,0.0,0.0,0.0,0.0,0.0,0.0,0
PAIP2,0.7037596825996599,0.31559695869580107,0.029770262754032575,0.10967662450914373,0.41843121890757,0.0,0.0,0.0,0.0,0.0,0.0,1.0,0.0,0.0,0
CUL3,0.45172869828074813,0.2391716327602347,0.05359013424972054,0.04345251984543681,0.030547487966685653,0.0,0.0,0.0,0.0,0.0,0.0,0.0,0.0,0.0,0
CRTC3,0.9351974305686757,0.3177843231271548,0.040193975393767484,0.9377127560504687,0.024044339564254842,0.0,0.0,0.0,0.0,0.0,0.0,0.0,0.0,0.0,0
NEMF,0.9351974305686757,0.33469111278550284,0.03858854231608645,0.032045381178925136,0.0357950817523015,0.890750215092944,0.0,0.0,1.0,0.0,0.0,1.0,0.0,0.0,0
ZNF180,0.9351974305686757,0.3401724623452139,0.033065943915555264,0.3918636554806437,0.0,0.9280657755395998,0.0,0.0,0.0,0.0,0.0,0.0,0.0,0.0,0
ARL6IP5,0.4732665784999055,0.2133920892602994,0.03897367709271477,0.2670442425524945,0.017565610212936636,0.0,0.0,0.0,1.0,0.0,0.0,0.0,0.0,0.0,0
EFCAB6,0.5890799168713394,0.13547046601365378,0.0,0.0,0.0,0.9387473198388656,0.0,0.0,0.0,0.0,0.0,0.0,0.0,0.0,0
JMJD6,0.6965803891932741,0.4799643811219949,0.0,0.0,0.0,0.9434280975248979,0.8298530941126118,0.0,0.0,0.0,0.0,0.0,1.0,0.0,0
STAP2,0.8261855280559229,0.2593023875303483,0.597186636547143,0.7231459551298284,0.0,0.0,0.9600925434954717,0.0,0.0,0.0,1.0,0.0,0.0,0.0,0
EXOC6,0.45191762705460037,0.2204656331103348,0.027963220674953573,0.24600357273088191,0.0,0.8987198782933908,0.0,0.0,1.0,0.0,0.0,0.0,0.0,0.0,0
DDX56,0.9351974305686757,0.44512637851907666,0.04995426051873938,0.2533941448643836,0.058007982034472154,0.9041371559374027,0.0,0.0,0.0,0.0,0.0,0.0,0.0,0.0,0
CARHSP1,0.698658605705649,0.6146676713016879,0.0,0.2005385010520356,0.0,0.0,0.0,0.0,0.0,0.0,0.0,1.0,0.0,0.0,0
FASTK,0.6888343094653315,0.3656780144758774,0.05434958896339411,0.7093289761047542,0.0,0.0,0.0,0.0,0.0,0.0,0.0,0.0,0.0,0.0,0
AP3M2,1.0,0.6514860226347312,0.0,0.0,0.0,0.0,0.8996671192518709,0.0,0.0,0.0,0.0,0.0,0.0,0.0,0
NLK,0.9351974305686757,0.401007679369211,0.03183963257512369,0.0,0.8814135608601024,0.0,0.8354206835674128,0.0,0.0,0.0,0.0,1.0,0.0,0.0,0
CCAR1,0.5709427545815228,0.26902603679095216,0.025154499077740564,0.0,0.7740680616364334,0.0,0.0,0.0,0.0,1.0,0.0,0.0,0.0,0.0,0
FRS2,0.9351974305686757,0.4489181146349445,0.04999798951336163,0.0,0.03503861599026415,0.0,0.4747552986599883,0.0,0.0,0.0,0.0,1.0,0.0,0.0,0
SNX27,0.8838088040808615,0.8973247787139155,0.05154175634581748,0.0,0.0,0.0,0.9403567246822818,0.0,0.0,0.0,0.0,1.0,0.0,0.0,0
PSMC4,0.9351974305686757,0.41585040071237755,0.02669197334408729,0.14275504962882912,0.06627885332825745,0.0,0.4974712167963829,0.0,0.0,0.0,0.0,0.0,0.0,0.0,0
YTHDC1,0.5667863215567731,0.2827027726404396,0.028827990954370403,0.01995554503277814,0.3568528404439123,0.0,0.0,0.0,0.0,0.0,0.0,0.0,0.0,0.0,0
CHD1,0.5529945210655582,0.27729600962014145,0.0,0.055524165774237105,0.0,0.0,0.0,0.0,0.0,0.0,0.0,0.0,0.0,0.0,0
SLC7A2,0.6242206688078594,0.09490299944440644,0.08650419113683014,0.0,0.0,0.0,0.0,0.0,0.0,0.0,0.0,0.0,0.0,0.0,0
IQCG,0.7035707538258077,0.4615917376380423,0.0,0.0,0.0,0.6811501146384591,0.0,0.0,0.0,0.0,0.0,0.0,0.0,0.0,0
SCART1,0.6980918193840921,0.2355914788684157,0.8698058359880468,0.8654612978045757,0.8040376306553589,0.7736354199173926,0.887151869985199,0.0,0.0,0.0,0.0,0.0,0.0,1.0,0
PSME4,0.4823351596448139,0.3427555920877381,0.0,0.0,0.0,0.2811506055696975,0.0,0.0,0.0,0.0,0.0,1.0,0.0,0.0,0
HNRNPF,0.5898356319667486,0.30774253944334085,0.05210329819440897,0.14576837669647863,0.1616152109395163,0.6732651831330463,0.7482427457714759,0.0,0.0,0.0,0.0,0.0,0.0,0.0,0
ECHDC2,0.6378235405252219,0.26503185149667785,0.08462245179692943,0.3157655761791786,0.4339166643281419,0.7383292804283051,0.0,0.0,0.0,0.0,0.0,0.0,0.0,0.0,0
COQ10B,0.9351974305686757,0.29788341667237483,0.03219298396592189,0.03924086776468596,0.0,0.0,0.9319845462319646,0.0,0.0,0.0,0.0,0.0,0.0,0.0,0
HTATIP2,0.625354241450973,0.31790761924332717,0.032290625379564224,0.8873917309237515,0.281279252742783,0.8952242553758338,0.8618008371570136,0.0,0.0,1.0,0.0,0.0,0.0,0.0,0
TRAPPC2L,0.5392027205743435,0.012388976413909514,0.0,0.0,0.0,0.0,0.9270591176892864,0.0,0.0,0.0,0.0,1.0,0.0,0.0,0
ATE1,0.9351974305686757,0.25407980759717186,0.0,0.0,0.0,0.9056182891484695,0.0,0.0,0.0,0.0,0.0,0.0,0.0,0.0,0
TASP1,0.9351974305686757,0.4519929066678845,0.032714356278481134,0.028842911377646836,0.06442000869496832,0.7732737283979371,0.0,0.0,0.0,1.0,0.0,0.0,0.0,0.0,0
PITPNB,0.7084829019459664,0.14924462101666003,0.0,0.0,0.0,0.9268423827860172,0.0,0.0,0.0,0.0,0.0,0.0,0.0,0.0,0
KIAA0040,0.8626487814094087,0.8780510080599133,0.03682332324622456,0.05802587056477613,0.1840923024498311,0.39720506986788534,0.0,0.0,1.0,0.0,0.0,0.0,0.0,0.0,0
RNF11,0.4753447950122804,0.2661247726252179,0.046677723396236034,0.0,0.05941771618680254,0.0,0.0,0.0,1.0,0.0,0.0,0.0,0.0,0.0,0
SOS2,0.9351974305686757,0.33031638392279533,0.029846040799386495,0.04974211402626663,0.045301561318880405,0.0,0.0,0.0,0.0,1.0,0.0,0.0,0.0,0.0,0
MEX3C,0.6168524466276214,0.21813518429725007,0.03082182127211416,0.5081951352373942,0.0,0.8220903429536932,0.0,0.0,0.0,0.0,0.0,0.0,0.0,0.0,0
DNAJC16,0.4579633478178726,0.13567595954060782,0.0,0.0,0.0,0.0,0.9524950091424444,0.0,0.0,1.0,0.0,0.0,1.0,0.0,0
MTFR1,0.9351974305686757,0.7447435516892332,0.03294635735122216,0.040681732852450886,0.03377787461738396,0.0,0.0,0.0,0.0,0.0,0.0,0.0,0.0,0.0,0
MTRR,0.5896467031928962,0.46608824044264846,0.0,0.0,0.0,0.0,0.8680666082765712,0.0,0.0,1.0,0.0,1.0,0.0,0.0,0
COQ4,0.5000944643869261,0.2776917749313118,0.0,0.0,0.9494435855878346,0.0,0.8728074855275532,0.0,0.0,0.0,0.0,0.0,0.0,0.0,0
GPATCH8,0.835065180426979,0.2511404890745941,0.037318687766395776,0.22724524371403024,0.04357687136381662,0.8253802915544706,0.0,0.0,0.0,0.0,0.0,0.0,0.0,0.0,0
DNAJC21,0.7007368222180238,0.4603679095219615,0.04026422899271061,0.0,0.06364967619733276,0.0,0.9558121345931572,0.0,0.0,0.0,0.0,0.0,0.0,0.0,0
ATG7,0.5936142074437937,0.3330151989101232,0.039651470969674,0.6675465672385302,0.031077230166676358,0.0,0.0,0.0,0.0,0.0,0.0,1.0,0.0,0.0,0
AP5B1,0.9351974305686757,0.3090363875760136,0.13760044546022854,0.8677302452398279,0.0,0.899219770422933,0.0,0.0,0.0,0.0,0.0,0.0,0.0,0.0,0
NUDT9,0.5068959002456074,0.23323058656985635,0.04271936207211214,0.05555662463499021,0.0,0.0,0.0,0.0,0.0,0.0,0.0,0.0,0.0,0.0,0
NELFE,0.6425467598715284,0.3823793106072713,0.0,0.9035307603770582,0.0,0.9238207217964278,0.0,0.0,0.0,0.0,0.0,0.0,0.0,0.0,0
SORL1,0.018326091063668976,0.062442633057058494,0.0,0.0,0.0,0.0,0.8505044922466753,0.0,0.0,0.0,1.0,0.0,0.0,0.0,0
ZNF26,0.48573587757415454,0.29756223790061725,0.03311258843925593,0.05449723878104071,0.8255040288698287,0.0,0.0,0.0,0.0,0.0,0.0,0.0,0.0,0.0,0
AGGF1,0.5505384470054789,0.2555852379538933,0.0,0.8916115253850098,0.0,0.0,0.0,0.0,0.0,0.0,0.0,0.0,0.0,0.0,0
PSMD8,0.9351974305686757,0.4213743711517532,0.020278981099682476,0.15241432091401627,0.0,0.0,0.0,0.0,0.0,0.0,0.0,1.0,0.0,0.0,0
CHD8,0.566030606461364,0.2965225928716579,0.032721220325047706,0.03673097836683936,0.03864519443408382,0.0,0.0,0.0,0.0,1.0,0.0,0.0,0.0,0.0,0
TRNT1,0.6179860192707349,0.33417357353243377,0.0,0.0,0.0,0.0,0.7146670791151108,0.0,0.0,0.0,0.0,0.0,0.0,0.0,0
USP6NL,0.8809748724730777,0.4538682253731232,0.9413524242935591,0.8904518194919053,0.9580650964654881,0.8432112088126424,0.0,0.0,0.0,0.0,0.0,0.0,0.0,0.0,0
PBLD,0.6270546004156432,0.26746733033465,0.0,0.0,0.0,0.8851510609874622,0.0,0.0,0.0,0.0,0.0,0.0,0.0,0.0,0
LAMP1,0.8329869639146043,0.23414084678554853,0.3896136071180281,0.9117013319679541,0.8098513678192634,0.8714387429188212,0.9082352280211112,0.0,0.0,0.0,0.0,0.0,0.0,0.0,0
TJAP1,0.9351974305686757,0.4057507744061617,0.0,0.0,0.0,0.7991113997706113,0.0,0.0,0.0,0.0,0.0,0.0,0.0,0.0,0
MXI1,0.7457018703948611,0.21492644092822183,0.033485163680217644,0.3535465481079344,0.2913536211936643,0.14189723822463735,0.1533615351897379,0.0,1.0,0.0,0.0,0.0,0.0,0.0,0
CENPC,0.5667863215567731,0.2708313354795991,0.03523471592893991,0.0,0.040849300912309434,0.0,0.0,0.0,0.0,1.0,0.0,0.0,0.0,0.0,0
PSMB8,0.6425467598715284,0.3823793106072713,0.0,0.8960029166486205,0.7473750899312996,0.9353740251974809,0.7359827488052063,0.0,0.0,0.0,0.0,0.0,0.0,0.0,0
AVL9,0.9351974305686757,0.4526459194313157,0.0,0.0,0.0,0.0,0.9587807270932277,0.0,0.0,0.0,0.0,0.0,0.0,0.0,0
ARFIP1,0.5118080483657661,0.2307083437982815,0.0,0.0,0.0,0.0,0.8480276267927852,0.0,0.0,0.0,0.0,0.0,0.0,0.0,0
ACVR2B,0.5121859059134706,0.24625735400445994,0.0,0.0,0.0,0.0,0.6370116385708825,0.0,0.0,0.0,0.0,0.0,0.0,0.0,0
ZDHHC24,0.9351974305686757,0.4391411892747602,0.0,0.7123868711135611,0.0,0.8504097950276431,0.0,0.0,0.0,0.0,0.0,0.0,0.0,0.0,0
ATP6V0A1,0.7791422633667108,0.2542792124270308,0.026967322531059733,0.0,0.46512709508855365,0.0,0.0,0.0,0.0,0.0,0.0,0.0,0.0,0.0,0
PWP1,0.5127526922350274,0.31001057911120244,0.026086676097905822,0.07252845748206294,0.04075338766384485,0.0,0.8750177505042168,0.0,0.0,0.0,0.0,0.0,0.0,0.0,0
MOB1B,0.7171736255431702,0.2850499653705353,0.030063459835600718,0.04124255197531801,0.04629610074144443,0.0,0.9533068485393791,0.0,0.0,0.0,0.0,1.0,0.0,0.0,0
UPB1,0.7230304175325901,0.18046137102236828,0.0,0.0,0.0,0.0,0.926162535512843,0.0,0.0,0.0,1.0,0.0,0.0,0.0,0
SLC30A6,0.9351974305686757,0.3394509517394647,0.0,0.0,0.0,0.0,0.9488444197272774,0.0,0.0,0.0,0.0,0.0,0.0,0.0,0
HNRNPC,0.566030606461364,0.29522265604189024,0.04460422841632517,0.045423090837156885,0.49212782070388356,0.0,0.0,0.0,0.0,0.0,0.0,0.0,0.0,0.0,0
GBE1,0.039863971282826344,0.23525203400537323,0.03422493577359812,0.03556640487702218,0.30815817006059154,0.0,0.0,0.0,0.0,1.0,0.0,0.0,0.0,0.0,0
LANCL2,0.9351974305686757,0.4517402257384449,0.03249030851326047,0.1851454232868517,0.0,0.0,0.8362339249564161,0.0,0.0,0.0,0.0,0.0,0.0,0.0,0
COMMD10,0.546948800302286,0.2815398314953079,0.6345405508943943,0.5830832769638633,0.732202994664926,0.8763904497355708,0.922950463226694,0.0,0.0,0.0,0.0,0.0,0.0,0.0,0
CMC1,0.47874551294162104,0.26615826045923996,0.04889768193990515,0.7548653848507744,0.0,0.0,0.902231026243794,0.0,0.0,0.0,0.0,0.0,0.0,0.0,0
BCL7B,0.8913659550349518,0.41251227253008194,0.030258101004152067,0.025999234932160126,0.057291398415232064,0.0,0.0,0.0,0.0,0.0,0.0,0.0,0.0,0.0,0
SHPRH,0.9351974305686757,0.21894650318514958,0.03647830243810276,0.891827723553917,0.0,0.0,0.0,0.0,0.0,1.0,0.0,0.0,0.0,0.0,0
PRRC1,0.670130360853958,0.29908441217434983,0.027052633439805636,0.06109135416183602,0.04307903261110899,0.0,0.0,0.0,0.0,0.0,0.0,0.0,0.0,0.0,0
TAF6L,0.5119969771396183,0.28699682626663925,0.0,0.05540721166395989,0.0,0.0,0.0,0.0,0.0,0.0,0.0,0.0,0.0,0.0,0
ZNF175,0.7194407708293973,0.3686112443013601,0.1038023844734116,0.10742240120509411,0.0,0.0,0.8070182311053486,0.0,1.0,0.0,0.0,0.0,1.0,0.0,0
PROSER2,0.8809748724730777,0.4542518132901038,0.07553246792051153,0.9332544267066618,0.2211390159778133,0.0,0.0,0.0,0.0,0.0,0.0,0.0,0.0,0.0,0
UBE2J2,0.0253164556962025,0.15959540607804193,0.7827310080029947,0.43659774778631705,0.862712019225043,0.8050987327953038,0.9057155603614607,0.0,0.0,0.0,0.0,0.0,0.0,0.0,0
S100A10,0.8838088040808615,0.9040482224809921,0.0,0.22599544503145358,0.0,0.24279233502236322,0.0,0.0,0.0,0.0,0.0,0.0,0.0,0.0,0
MPI,0.7736633289249952,0.26257810656742087,0.03386753401035342,0.9050921868859255,0.14112580858651202,0.0,0.6779167513831271,0.0,0.0,0.0,0.0,0.0,0.0,0.0,0
ZNRF1,0.52635556395239,0.022456637060376594,0.0,0.0,0.0,0.0,0.6580761838523477,0.0,0.0,0.0,0.0,0.0,0.0,0.0,0
SMARCD2,0.9351974305686757,0.586830148183666,0.03427331995419662,0.11942162038285414,0.3274481699254474,0.23245384731951288,0.0,0.0,0.0,0.0,0.0,0.0,0.0,0.0,0
CYP19A1,0.9351974305686757,0.23599333287668112,0.0,0.0,0.0,0.4009081211766609,0.0,0.0,0.0,0.0,1.0,0.0,0.0,0.0,0
SHARPIN,0.9351974305686757,0.8122108820238836,0.0,0.0,0.0,0.8862055514472862,0.9045573677066235,0.0,0.0,0.0,0.0,0.0,0.0,0.0,0
BCL10,0.5267334215000945,0.23043130808046206,0.0,0.0,0.0,0.937852377424109,0.0,0.0,0.0,0.0,0.0,0.0,0.0,0.0,0
GLE1,0.49707160400529,0.27671758339612296,0.058664985706661364,0.0,0.0229363065044921,0.0,0.0,0.0,0.0,0.0,0.0,0.0,0.0,0.0,0
RHBDD1,0.653882486302664,0.24477780061039195,0.05368301282573898,0.23503129611228776,0.09348391385104084,0.0,0.0,0.0,0.0,0.0,0.0,1.0,0.0,0.0,0
PABPC4,0.6559607028150387,0.27552267659124297,0.031942946892006094,0.1498336527917465,0.0,0.0,0.0,0.0,0.0,0.0,0.0,0.0,0.0,0.0,0
FMNL3,0.4396372567542036,0.3162454049364112,0.0,0.6830710040475305,0.0,0.8179418727048466,0.0,0.0,0.0,0.0,0.0,0.0,0.0,0.0,0
IGSF11,0.5104855469488003,0.35037559650204353,0.07194390634325325,0.44434593197584366,0.15762950581619575,0.7198743922910645,0.0,0.0,0.0,0.0,0.0,1.0,0.0,0.0,0
NCKAP5,0.6189306631399962,0.2557070118957919,0.0,0.0,0.0,0.8767032698412011,0.0,0.0,0.0,0.0,0.0,0.0,0.0,0.0,0
EDEM2,0.9351974305686757,0.5290742897154295,0.0347769120006391,0.0,0.0,0.0,0.0,0.0,0.0,0.0,0.0,0.0,0.0,0.0,0
SERPINI1,0.9351974305686757,0.4578426224018388,0.0,0.0,0.2747195302548348,0.0,0.0,0.0,0.0,0.0,0.0,0.0,0.0,0.0,0
NDUFA10,0.04515397695068957,0.22297265413917236,0.4738558830416607,0.8356195539765355,0.778523178709347,0.9185317241260277,0.9469054879539947,0.0,0.0,0.0,0.0,0.0,0.0,0.0,0
KIZ,0.7995465709427546,0.4501419427510256,0.02967459920156434,0.15467787164934418,0.042947794743214064,0.0,0.0,0.0,0.0,0.0,0.0,0.0,0.0,0.0,0
HPS6,0.6516153410164368,0.22118866589035782,0.02309966921009433,0.0,0.7869701987353723,0.0,0.0,0.0,0.0,0.0,0.0,0.0,0.0,0.0,0
CHAMP1,0.6064613640657472,0.22026166175765466,0.021559428867615006,0.08398338120008192,0.053476535781105276,0.0,0.0,0.0,0.0,0.0,0.0,0.0,0.0,0.0,0
ZNF221,0.9351974305686757,0.3383686858308408,0.05937615532795174,0.06095655448933693,0.0,0.0,0.9350609680816454,0.0,0.0,0.0,0.0,0.0,0.0,0.0,0
RPS6KB2,0.9351974305686757,0.5000768698008237,0.033039384016590484,0.040943597412374313,0.26465263255579863,0.0,0.0,0.0,0.0,0.0,0.0,0.0,0.0,0.0,0
CCDC142,0.4823351596448139,0.3390551864282942,0.0,0.0,0.0,0.0,0.9159481694439595,0.0,0.0,0.0,0.0,0.0,0.0,0.0,0
SYNCRIP,0.6699414320801058,0.20261661757654637,0.10323126474073326,0.17946489352752637,0.0,0.8296820432380521,0.0,0.0,0.0,0.0,0.0,0.0,0.0,0.0,0
DGKH,0.5433591535990931,0.10430546993325263,0.060403523580261194,0.24257467389519402,0.08576174442212833,0.0,0.9084486823313817,0.0,0.0,0.0,0.0,0.0,0.0,0.0,0
GSK3B,0.6348006801435859,0.35522828808670304,0.0,0.10473492928449958,0.0,0.0,0.0,0.0,0.0,0.0,0.0,0.0,0.0,0.0,0
CYB561D1,0.6941243151331947,0.25744685709066834,0.053357647501133657,0.6280091646989425,0.03194442029174058,0.0,0.8386190810867178,0.0,0.0,0.0,0.0,0.0,0.0,0.0,0
RPTOR,0.9283959947099943,0.468987982434109,0.8668806196515841,0.8384123362341286,0.8127725069090462,0.8818878650632016,0.8867310733235901,1.0,0.0,0.0,0.0,0.0,0.0,0.0,0
NUP133,0.7320989986774986,0.8939211970378489,0.0,0.0,0.0,0.6986097860918989,0.0,0.0,0.0,0.0,0.0,0.0,0.0,0.0,0
KANSL2,0.07122614774230113,0.3169288611853171,0.029579822078394324,0.09708075791048312,0.03643540845758802,0.0,0.0,0.0,0.0,0.0,1.0,0.0,0.0,0.0,0
WDR73,0.9351974305686757,0.3019445776346934,0.02911783055495347,0.0,0.0404199387987518,0.0,0.0,0.0,0.0,0.0,0.0,0.0,0.0,0.0,0
HMGA1,0.762516531267712,0.39406352033244274,0.1548739717024163,0.0,0.4547746784272658,0.7407624915652625,0.9630474196293964,0.0,0.0,0.0,0.0,0.0,0.0,0.0,0
ZNHIT6,0.7936897789533346,0.23153488442891823,0.023573588912892286,0.2766186382189265,0.7122309203398262,0.8762144813435769,0.0,0.0,0.0,0.0,0.0,0.0,0.0,0.0,0
PHF13,0.47931229926317775,0.15555707772982938,0.0,0.0,0.9180704312944544,0.8081059973887793,0.9284643040880998,0.0,0.0,0.0,0.0,0.0,0.0,0.0,0
NKIRAS2,0.5758549027016815,0.2583601616549078,0.0,0.0,0.0,0.0,0.7172045468521271,0.0,0.0,0.0,0.0,0.0,0.0,0.0,0
FNIP2,0.4991498205176648,0.22510217594812432,0.04912974017223709,0.7432905358678961,0.0,0.0,0.9009643882438243,0.0,0.0,0.0,0.0,0.0,0.0,0.0,0
ELF1,0.028339316077838628,0.09764900183421993,0.0,0.6377800145398602,0.0,0.0,0.0,0.0,0.0,0.0,0.0,0.0,0.0,0.0,0
EPN2,0.9351974305686757,0.15977958916516338,0.03402100685781429,0.0,0.03911437103163046,0.0,0.7698395069909194,0.0,0.0,1.0,1.0,0.0,0.0,0.0,0
ZNF846,0.9351974305686757,0.3208271495003463,0.07416814939461777,0.0,0.9781166509172425,0.930188112368425,0.0,0.0,0.0,0.0,0.0,0.0,0.0,0.0,0
RPAP1,0.7723408275080295,0.18466866071496532,0.03131936920543139,0.041002296615644716,0.7339606105064613,0.0,0.0,0.0,0.0,0.0,0.0,0.0,0.0,0.0,0
BZW2,0.711127904779898,0.427488945209337,0.0,0.0,0.0,0.0,0.9213199817592131,0.0,0.0,0.0,0.0,0.0,0.0,0.0,0
COG4,0.52635556395239,0.022936121956602606,0.0,0.0,0.0,0.9080484809994033,0.0,0.0,0.0,0.0,0.0,0.0,0.0,0.0,0
IFRD2,0.05138862648781409,0.17840186923000814,0.028480086119099583,0.4494830964244127,0.07356785904762352,0.931267985709447,0.0,0.0,0.0,0.0,0.0,0.0,0.0,0.0,0
IKZF3,0.9351974305686757,0.6472635111993974,0.052816099024746696,0.0,0.08534999592617465,0.8694106404531533,0.5739216894678146,0.0,0.0,1.0,0.0,0.0,0.0,0.0,0
IL15,0.5182316266767428,0.2388139218059076,0.04719733058615715,0.0,0.13244224098469976,0.0,0.5323645590686168,0.0,0.0,0.0,0.0,0.0,0.0,0.0,0
MAPK8,0.5692423956168524,0.2748422646908844,0.04255551094748393,0.3373095147133499,0.0,0.0,0.8702359154760623,0.0,0.0,1.0,0.0,0.0,0.0,0.0,0
ZNF827,0.538824863026639,0.24598184046091437,0.05582470124154531,0.2793707691421176,0.059049138918320324,0.0,0.0,0.0,0.0,0.0,0.0,0.0,0.0,0.0,0
EPHX2,0.7186850557339883,0.09509174905434928,0.08252952110975559,0.06584842031890559,0.08701320504159102,0.0,0.0,0.0,0.0,0.0,0.0,0.0,0.0,0.0,0
HIBCH,0.8299641035329681,0.291176716822309,0.033768560866766065,0.061914983130724445,0.41612762820243465,0.0,0.0,0.0,0.0,0.0,0.0,0.0,0.0,0.0,0
OAT,0.6591724919705271,0.23714257445334924,0.06493782592681784,0.2559188708499267,0.9380250323974234,0.9040247599409793,0.0,0.0,0.0,0.0,0.0,0.0,0.0,0.0,0
ZNF416,0.9351974305686757,0.36908768484903837,0.0,0.0,0.0,0.9222916203323277,0.0,0.0,0.0,0.0,0.0,0.0,0.0,0.0,0
ASB2,0.5150198375212545,0.2461401465853826,0.0,0.0,0.0,0.5298117619723458,0.0,0.0,0.0,0.0,0.0,0.0,0.0,0.0,0
CDC42BPB,0.9351974305686757,0.2762868080766567,0.4977511597763305,0.8211195972620303,0.5693852980093808,0.9524238260472674,0.9161220187072342,0.0,0.0,0.0,0.0,0.0,0.0,0.0,0
ZNF330,0.5182316266767428,0.2353342314161549,0.03104164190246258,0.9095651017883366,0.021916374388234947,0.0,0.9312596934770966,0.0,0.0,0.0,0.0,0.0,0.0,0.0,0
ZDHHC17,0.8363876818439449,0.3492537540623026,0.03473790656822784,0.4698444279348337,0.8139818326924173,0.0,0.8409387231156241,0.0,1.0,0.0,0.0,1.0,0.0,0.0,0
CTBP1,0.7181182694124315,0.21292325958398972,0.9465411830334773,0.7570712408751191,0.8801570797140477,0.8513163180773176,0.9045881730907488,1.0,0.0,0.0,0.0,0.0,0.0,0.0,0
YARS2,0.9351974305686757,0.39858285575115493,0.0,0.0,0.062236065005331506,0.0,0.0,0.0,0.0,0.0,0.0,0.0,0.0,0.0,0
HTRA1,0.6332892499527678,0.23587460328333,0.0,0.0,0.36499211883425847,0.0,0.6970950586567278,0.0,0.0,0.0,0.0,0.0,0.0,0.0,0
UBR5,0.9351974305686757,0.9141950361896933,0.03428608034814398,0.12177302474991929,0.03399913277913879,0.5122355386454117,0.0,0.0,0.0,0.0,0.0,0.0,0.0,0.0,0
CERS5,0.07122614774230113,0.31400780875402423,0.03536943122114945,0.13011407977073222,0.01809184880667822,0.0,0.0,0.0,0.0,0.0,0.0,0.0,0.0,0.0,0
COMMD8,0.49858303419610805,0.2561134324268785,0.0,0.0,0.0,0.8993583089250518,0.0,0.0,0.0,0.0,0.0,1.0,0.0,0.0,0
SCAMP2,0.7736633289249952,0.2616389250405279,0.03786253745824662,0.021076142842765037,0.10590947301105899,0.0,0.0,0.0,0.0,0.0,0.0,0.0,0.0,0.0,0
ST8SIA4,0.6465142641224259,0.27653492248327516,0.11120982521616259,0.13118867780364066,0.41380081498808075,0.8731385945811597,0.0,0.0,0.0,0.0,0.0,1.0,0.0,0.0,0
SLC35E2B,0.0253164556962025,0.15959540607804193,0.6225480701216171,0.8571363571379017,0.6099040890123485,0.9349971119978268,0.5772973821775844,0.0,0.0,0.0,0.0,0.0,0.0,0.0,0
HMGN4,0.7970904968826753,0.37678684232557785,0.05552484726354136,0.050773572707049,0.10879393103497935,0.0,0.0,0.0,0.0,0.0,0.0,1.0,0.0,0.0,0
CADM4,0.9351974305686757,0.3432898752578183,0.035000720117910014,0.8865322312250408,0.1170922911878684,0.0,0.889473878105544,0.0,0.0,0.0,0.0,0.0,0.0,0.0,0
EDC3,0.7736633289249952,0.263613185073559,0.048433398399309664,0.09251341256692769,0.10964481560132106,0.0,0.0,0.0,1.0,0.0,0.0,0.0,0.0,0.0,0
MYO5B,0.7704515397695069,0.229423628711251,0.03679036997354477,0.147120137719454,0.057718959573123944,0.0,0.0,0.0,0.0,0.0,0.0,0.0,0.0,0.0,0
CDK5RAP1,0.6168524466276214,0.49425150885524904,0.03702168006154656,0.0,0.6269519132495324,0.0,0.0,0.0,0.0,0.0,0.0,0.0,0.0,0.0,0
CEP97,0.6043831475533723,0.37093712659162353,0.054117354517381124,0.07097202506699232,0.04629008001669919,0.0,0.0,0.0,0.0,0.0,0.0,0.0,0.0,0.0,0
C6orf136,0.8938220290950312,0.39097502873103934,0.023219201715386103,0.06995504235895443,0.5895488940136784,0.0,0.9236860349890127,0.0,0.0,0.0,1.0,0.0,0.0,0.0,0
MITF,0.0,0.20598671141859026,0.06063438618781289,0.058513442998793366,0.0,0.0,0.913965218338271,0.0,0.0,0.0,0.0,0.0,1.0,0.0,0
TAOK3,0.48573587757415454,0.30906987541003567,0.03870458750648601,0.845517593694914,0.04878805990112863,0.0,0.0,0.0,0.0,0.0,0.0,0.0,0.0,0.0,0
H6PD,0.44738333648214623,0.1525203400537327,0.5623165980225212,0.9149429780421623,0.7683751745560167,0.931620899817023,0.0,0.0,0.0,0.0,0.0,0.0,0.0,0.0,0
PDP2,0.52635556395239,0.013468197973985907,0.03554179630925844,0.07565207675394373,0.06335321334685597,0.8050973059157331,0.925584429963129,0.0,0.0,0.0,0.0,1.0,0.0,0.0,0
EIF2AK3,0.4798790855847346,0.3267286191596076,0.0,0.0,0.0,0.8838253239877482,0.0,0.0,0.0,0.0,0.0,1.0,0.0,0.0,0
MOGS,0.4823351596448139,0.3386761650341348,0.0,0.7623738465573618,0.0,0.0,0.0,0.0,0.0,0.0,0.0,0.0,0.0,0.0,0
DNAJC28,0.6385792556206311,0.3417570457641695,0.04008118659482219,0.32167191132517897,0.06357352504089991,0.9345804336607948,0.0,0.0,0.0,0.0,0.0,0.0,0.0,0.0,0
PCCA,0.9351974305686757,0.23292310736656235,0.0,0.0,0.0,0.9387466281817196,0.8933325746273911,0.0,0.0,0.0,0.0,0.0,0.0,0.0,0
PGAP1,0.9351974305686757,0.29992617454772397,0.0,0.0175646871745287,0.07353193334718733,0.0,0.0,0.0,0.0,0.0,0.0,1.0,0.0,0.0,0
ALG14,0.6408464009068582,0.2365641482293308,0.029895629902136053,0.1469372509426929,0.0386966215387272,0.0,0.0,0.0,0.0,1.0,0.0,0.0,0.0,0.0,0
THBS3,0.9351974305686757,0.8976170361744719,0.0,0.0626828858665567,0.0,0.0,0.0,0.0,0.0,0.0,0.0,0.0,0.0,0.0,0
MPP3,0.552805592291706,0.2488450502698053,0.03214322088220129,0.4823330245786097,0.09605513338429268,0.89055881538853,0.0,0.0,0.0,0.0,0.0,0.0,0.0,0.0,0
SETBP1,0.8934441715473267,0.24345655334079186,0.9391222014273324,0.815112100374946,0.8759979221387487,0.797724543140638,0.6197076246688031,0.0,0.0,0.0,0.0,0.0,0.0,0.0,0
EIF3B,0.689212167013036,0.4317495110015147,0.8974839307235354,0.8408430745618051,0.0,0.7744777509101198,0.9169904641650254,0.0,0.0,0.0,0.0,0.0,0.0,0.0,0
UCHL1,0.7273757793311921,0.23602225418788186,0.0,0.0,0.9475775898656855,0.0,0.7160225924712298,0.0,0.0,0.0,0.0,0.0,0.0,0.0,0
KPNA3,0.02852824485169092,0.09763530226575629,0.0,0.0,0.0,0.9586543579734932,0.0,0.0,0.0,0.0,0.0,0.0,0.0,0.0,0
PLCB3,0.9351974305686757,0.282928054432952,0.47795954558866816,0.9402217595242002,0.5546136532422521,0.8145805637319266,0.9947822861303421,0.0,0.0,0.0,0.0,0.0,0.0,0.0,0
NAP1L1,0.8363876818439449,0.34945772541498277,0.04247191184564334,0.05073988290623526,0.08627664198735474,0.0,0.0,0.0,0.0,0.0,1.0,0.0,0.0,0.0,0
ARHGAP12,0.9351974305686757,0.3784536231553151,0.04993986657518465,0.16287700889128096,0.15092698245537153,0.0,0.0,0.0,0.0,0.0,0.0,0.0,0.0,0.0,0
PPIL6,0.9351974305686757,0.25554413924850244,0.0,0.0,0.0,0.9217926747114614,0.0,0.0,0.0,0.0,0.0,0.0,0.0,0.0,0
IDH3A,0.9351974305686757,0.2879360077935323,0.03217703830689882,0.042919153429704385,0.021260834619492942,0.5474602492398699,0.5349687568418283,0.0,0.0,0.0,0.0,0.0,0.0,0.0,0
OSBPL6,0.9036463253353486,0.28400727599302844,0.03506369689980891,0.8158462461628465,0.9185477723599315,0.0,0.8118802402831695,0.0,0.0,0.0,1.0,1.0,0.0,0.0,0
SLC8B1,0.5104855469488003,0.3009186321741976,0.04473925915006277,0.08014946803035398,0.04550545320346941,0.0,0.0,0.0,0.0,0.0,1.0,0.0,0.0,0.0,0
POLR2G,0.5119969771396183,0.28601502386008176,0.040190359204174936,0.9488164029128208,0.08623693588265065,0.0,0.0,0.0,0.0,0.0,0.0,0.0,0.0,0.0,0
NAGA,0.5590402418288305,0.1188239681561141,0.0,0.0,0.0,0.8652200606040088,0.0,0.0,0.0,0.0,0.0,1.0,0.0,0.0,0
CXADR,0.9351974305686757,0.3274425188939882,0.04966045005270844,0.38688781522238913,0.0,0.0,0.7165548276769182,0.0,0.0,0.0,0.0,0.0,0.0,0.0,0
ZNF114,0.47232193463064426,0.32483046784026304,0.0,0.0,0.0,0.0,0.9056779754508937,0.0,0.0,0.0,0.0,0.0,0.0,0.0,0
SNX8,0.689212167013036,0.4250260672344377,0.6410205683994168,0.8768370973168723,0.7890605753474635,0.9483639524672702,0.6648069389143745,0.0,0.0,0.0,0.0,0.0,0.0,0.0,0
PTDSS1,0.9351974305686757,0.8709257102845706,0.0,0.0,0.0,0.0,0.7637097543009488,0.0,0.0,0.0,0.0,0.0,0.0,0.0,0
CDC16,0.6064613640657472,0.22026166175765466,0.03759710160954808,0.0,0.1581017764823379,0.0,0.7924244615623712,0.0,0.0,0.0,0.0,0.0,0.0,0.0,0
CCDC159,0.8242962403174003,0.3217800305957029,0.0,0.0,0.0,0.0,0.942573208978113,0.0,1.0,0.0,1.0,0.0,0.0,0.0,0
BEND4,0.6200642357831098,0.22994573448714137,0.0,0.6648544215885221,0.0,0.0,0.0,0.0,0.0,1.0,0.0,1.0,0.0,0.0,0
SUMF2,0.9351974305686757,0.44630454140694575,0.04390336686851213,0.16582002699473683,0.0,0.0,0.0,0.0,0.0,0.0,0.0,0.0,0.0,0.0,0
SNX10,0.9351974305686757,0.44565152864351454,0.02810626110757757,0.03643688830728707,0.0,0.0,0.0,0.0,0.0,0.0,0.0,0.0,0.0,0.0,0
KCMF1,0.750047232193463,0.34052865112526737,0.048067402137201995,0.0,0.03182067574546584,0.0,0.0,0.0,0.0,0.0,0.0,0.0,0.0,0.0,0
FBXL5,0.4823351596448139,0.1953558462908418,0.1421970331018974,0.09523821871867098,0.6450451902967607,0.8586841872398963,0.8637648764564774,0.0,0.0,1.0,0.0,0.0,0.0,0.0,0
DNAJB14,0.596070281503873,0.22746002389813613,0.03793577922531874,0.06560276799125256,0.3075295308431108,0.0,0.0,0.0,0.0,0.0,0.0,0.0,0.0,0.0,0
TADA1,0.7753636878896656,0.8809674939683848,0.031238637275808626,0.04286584708664002,0.5553372230507756,0.924148062538492,0.0,0.0,0.0,0.0,0.0,0.0,0.0,0.0,0
SLC26A6,0.05138862648781409,0.1869823656110387,0.0276929835312935,0.8434629355335225,0.27455931471267553,0.9461468691959063,0.0,0.0,0.0,0.0,0.0,0.0,0.0,0.0,0
CALML6,0.0253164556962025,0.15959540607804193,0.0,0.8861868865447412,0.0,0.7891642409399641,0.0,0.0,0.0,0.0,0.0,0.0,0.0,0.0,0
SEC11C,0.8836198753070093,0.24205006431186293,0.041125726502026304,0.0,0.0,0.0,0.8645765719534868,0.0,0.0,0.0,0.0,0.0,0.0,0.0,0
SAMD8,0.9351974305686757,0.34033837934105077,0.036183680778469965,0.0,0.10531171958159792,0.0,0.0,0.0,0.0,0.0,0.0,0.0,0.0,0.0,0
TBC1D13,0.49707160400529,0.27437800153739594,0.03659099855702097,0.6740785154328881,0.04924795698161055,0.0,0.0,0.0,0.0,0.0,0.0,0.0,0.0,0.0,0
TALDO1,0.47591158133383715,0.2345305233996241,0.07418663036550997,0.0,0.5156365209320056,0.0,0.960211650131594,0.0,0.0,0.0,0.0,0.0,0.0,0.0,0
PTPRK,0.9351974305686757,0.25335068612005385,0.03984942816888464,0.0,0.22406929085245805,0.0,0.0,0.0,0.0,0.0,0.0,0.0,0.0,0.0,0
YTHDF2,0.4502172680899301,0.15678851671727909,0.04506884844826689,0.42581589681387444,0.6995533605004639,0.0,0.0,0.0,0.0,0.0,1.0,1.0,0.0,0.0,0
LIAS,0.7273757793311921,0.22686942027992785,0.0,0.0,0.0,0.0,0.9332982557855904,0.0,0.0,0.0,0.0,0.0,0.0,0.0,0
CLDN1,0.7141507651615342,0.4612005388496929,0.0,0.8212682445269497,0.0,0.614342603105096,0.0,0.0,0.0,0.0,0.0,1.0,0.0,0.0,0
B3GNT2,0.6089174381258265,0.3546437731655897,0.11550853315277962,0.0,0.04876472109882594,0.0,0.0,0.0,0.0,0.0,0.0,0.0,0.0,0.0,0
AKTIP,0.9351974305686757,0.08956016774360484,0.04354477749182106,0.3497826632829713,0.5468367750271993,0.9117517582213602,0.0,0.0,0.0,0.0,0.0,1.0,0.0,0.0,0
PIK3AP1,0.4349140374078972,0.2215920420728969,0.04211086711314356,0.5066793203092276,0.054706288284222485,0.0,0.0,0.0,0.0,0.0,0.0,1.0,0.0,0.0,0
MYO1E,0.6446249763839034,0.21753544763339955,0.0,0.9230838719602659,0.0,0.7603602996059471,0.7775669148601759,0.0,0.0,0.0,0.0,0.0,0.0,0.0,0
USP19,0.05138862648781409,0.18244476410104185,0.037694265628249186,0.40581266704785335,0.04813589827842681,0.9230242926042186,0.9881198679401829,0.0,0.0,0.0,0.0,0.0,0.0,0.0,0
ZNF669,0.7343661439637257,0.8750371029979227,0.0,0.9467853372317622,0.0,0.9444013092835464,0.0,0.0,0.0,0.0,0.0,0.0,0.0,0.0,0
HS3ST1,0.47591158133383715,0.19710939105418174,0.9212167693817614,0.4768517939403283,0.0,0.8220102244478303,0.7992846150100771,0.0,0.0,0.0,0.0,0.0,0.0,0.0,0
RAD23A,0.9351974305686757,0.33507774505103094,0.04867012031716122,0.0,0.04275847982415231,0.0,0.9826679206825375,0.0,0.0,0.0,0.0,0.0,0.0,0.0,0
LSM5,0.9351974305686757,0.45326240001217744,0.02976705613774226,0.35003197986738177,0.07951727575507576,0.8985568783890123,0.9179988045578816,0.0,0.0,0.0,0.0,1.0,0.0,0.0,0
AGO3,0.608539580578122,0.2455358433987107,0.06265517389050587,0.0,0.0,0.0,0.0,0.0,0.0,0.0,0.0,0.0,0.0,0.0,0
SUPT5H,0.9351974305686757,0.42943580610544096,0.026247082377934418,0.0,0.04458650438542581,0.7177206476034365,0.0,0.0,0.0,0.0,0.0,0.0,0.0,0.0,0
PEAK1,0.9351974305686757,0.2819051533210037,0.0,0.5722767866988642,0.0,0.0,0.0,0.0,0.0,0.0,0.0,0.0,0.0,0.0,0
C17orf97,0.5597959569242396,0.047676020427578514,0.0,0.0,0.0,0.0,0.5092474510540548,0.0,0.0,0.0,0.0,0.0,0.0,0.0,0
LYRM4,0.8046476478367656,0.38138989732934525,0.0,0.9138570743706391,0.0,0.8160786933053352,0.0,0.0,0.0,0.0,0.0,0.0,0.0,0.0,0
MDN1,0.9351974305686757,0.21286693913586158,0.02838255150415838,0.49155157114266557,0.07239755735520574,0.0,0.0,0.0,0.0,1.0,0.0,0.0,0.0,0.0,0
GNG12,0.5061401851501983,0.25211011408696177,0.0,0.0,0.0,0.7873291853956838,0.0,0.0,0.0,0.0,0.0,0.0,0.0,0.0,0
CTSO,0.5257887776308332,0.2291587703876217,0.04700146688548336,0.0504917778876,0.2972832748036879,0.0,0.0,0.0,0.0,0.0,0.0,0.0,0.0,0.0,0
PYGO2,0.9351974305686757,0.9042430607880296,0.0,0.0,0.0,0.8932543409321609,0.0,0.0,0.0,0.0,0.0,0.0,0.0,0.0,0
GUCY1A2,0.9351974305686757,0.1045140078087538,0.07252019698939119,0.2532564136292227,0.11503557176106519,0.0,0.0,0.0,0.0,0.0,0.0,0.0,0.0,0.0,0
SEH1L,0.9351974305686757,0.2873240937354918,0.044376187108352214,0.05567612710843133,0.30366319934346486,0.0,0.0,0.0,0.0,0.0,0.0,0.0,0.0,0.0,0
KLF7,0.5575288116380124,0.2662130587330943,0.0,0.0,0.0,0.28197307527693694,0.0,0.0,0.0,0.0,0.0,0.0,0.0,0.0,0
ST3GAL1,0.9351974305686757,0.870061115297091,0.03835840452361609,0.6605498814967435,0.0,0.8333337549708799,0.0,0.0,0.0,0.0,0.0,1.0,0.0,0.0,0
PIGU,0.9351974305686757,0.5166472589446767,0.030145760216145172,0.08350918980667996,0.8698926346336061,0.0,0.8304386796418498,0.0,0.0,0.0,0.0,0.0,0.0,0.0,0
GAB1,0.5182316266767428,0.24671552846085348,0.030668569978428102,0.1971377583971842,0.05687707235394378,0.0,0.9070960151438243,0.0,0.0,0.0,0.0,1.0,0.0,0.0,0
ABCC4,0.9351974305686757,0.22200607347535214,0.10002382651293919,0.06421503764520788,0.35295025051897294,0.0,0.0,0.0,0.0,0.0,0.0,0.0,0.0,0.0,0
CCDC88C,0.003967504250897397,0.23621709249491976,0.907775700783949,0.9124520239891394,0.899041163799258,0.8981579701416065,0.904082749834058,0.0,0.0,1.0,0.0,0.0,0.0,0.0,0
AAMDC,0.9351974305686757,0.49425303102952256,0.0,0.0,0.0,0.0,0.8845489260196343,0.0,0.0,0.0,0.0,1.0,0.0,0.0,0
PTGFRN,0.9351974305686757,0.3037437876262453,0.9527306155148842,0.9339294659310896,0.7951834287122928,0.8203081650877703,0.0,0.0,0.0,0.0,0.0,0.0,0.0,0.0,0
KIF13B,0.5917249197052711,0.08668478054052414,0.35291431668901196,0.9294704009339135,0.23579261877655214,0.8935155930254256,0.9432344267572227,0.0,0.0,1.0,1.0,0.0,0.0,0.0,0
C1orf159,0.0253164556962025,0.15959540607804193,0.637612960156425,0.8349637382846741,0.7606595605202872,0.9670556590874367,0.0,0.0,0.0,0.0,0.0,0.0,0.0,0.0,0
SH3BP2,0.608539580578122,0.20572489744350825,0.07290144734959202,0.7910654303008688,0.2614095543232144,0.8968143001596699,0.6768033670599797,0.0,0.0,0.0,1.0,0.0,0.0,0.0,0
RERE,0.5488380880408086,0.15411405651833074,0.035527737084501874,0.601908999678815,0.38858722467917,0.7782014484612899,0.764368716631419,0.0,0.0,1.0,0.0,0.0,0.0,0.0,0
DNAJA3,0.9285849234838466,0.6181260512516078,0.0,0.0,0.0,0.0,0.8058446826542119,0.0,0.0,0.0,0.0,0.0,0.0,0.0,0
SPTLC1,0.49499338749291516,0.26696805717286565,0.03722827461712076,0.0,0.040910834331497066,0.0,0.0,0.0,0.0,0.0,1.0,0.0,0.0,0.0,0
PRKCZ,0.0253164556962025,0.15959540607804193,0.7641929812841005,0.8559946248610729,0.801645788833174,0.8095049637124035,0.8355209882624234,0.0,0.0,0.0,1.0,0.0,0.0,0.0,0
FYTTD1,0.743434725108634,0.4643453508992245,0.0,0.0,0.0,0.0,0.918452207816809,0.0,0.0,0.0,0.0,0.0,0.0,0.0,0
TMX4,0.9351974305686757,0.43546970492651704,0.0,0.0,0.0,0.8085631707734917,0.0,0.0,0.0,0.0,0.0,0.0,0.0,0.0,0
RCOR1,0.9351974305686757,0.2800313567900389,0.04631443347070773,0.24737298867321547,0.0,0.0,0.0,0.0,0.0,0.0,0.0,0.0,0.0,0.0,0
EFCAB2,0.7343661439637257,0.8832568440760789,0.0,0.48255996781885685,0.0,0.0,0.9412542053566201,0.0,0.0,0.0,0.0,0.0,0.0,0.0,0
BAIAP2L2,0.49782731910069905,0.12929957150794189,0.0,0.9280356927766403,0.0,0.0,0.0,0.0,1.0,0.0,0.0,0.0,0.0,0.0,0
CD164,0.9351974305686757,0.25554413924850244,0.0,0.061807053428201184,0.0,0.0,0.0,0.0,0.0,0.0,0.0,1.0,0.0,0.0,0
TRAP1,0.7370111467976572,0.591273374888691,0.030557612120732783,0.0,0.3092400270516023,0.8078145264015894,0.0,0.0,0.0,0.0,0.0,0.0,0.0,0.0,0
ATG5,0.9351974305686757,0.28271038351180827,0.03411837822427235,0.028429133157545406,0.5872805665862593,0.0,0.0,0.0,0.0,0.0,0.0,0.0,0.0,0.0,0
LRRC41,0.4615529945210655,0.258541300393482,0.03056639733577046,0.5852105684237203,0.0,0.8641113207269517,0.0,0.0,0.0,0.0,0.0,0.0,0.0,0.0,0
TXNL4A,0.5273002078216512,0.21864054615612927,0.030945483171783205,0.27736989793808825,0.0,0.0,0.0,0.0,0.0,0.0,0.0,0.0,0.0,0.0,0
STRIP1,0.5163423389382202,0.24885113896690036,0.048452868620170085,0.10602329988455421,0.543047410655246,0.9359186309217425,0.7199400890738241,0.0,0.0,0.0,0.0,0.0,0.0,0.0,0
PDPK1,0.9351974305686757,0.6073855895761507,0.032786605690399255,0.03972904618023953,0.8823849178813132,0.0,0.7652136482445859,0.0,0.0,0.0,0.0,1.0,0.0,0.0,0
GAP43,0.6166635178537692,0.3577809743437526,0.0,0.0,0.0,0.713073122540897,0.0,0.0,1.0,0.0,0.0,0.0,0.0,0.0,0
CLUH,0.0,0.039724182021599386,0.9100009392588563,0.8035543076871967,0.881342259056915,0.9730898984364456,0.9116095584891505,0.0,0.0,0.0,0.0,0.0,0.0,0.0,0
MRPS18A,0.9351974305686757,0.4090630256258039,0.06294101257079045,0.0784972431853263,0.04908156316219474,0.0,0.0,0.0,0.0,0.0,0.0,0.0,0.0,0.0,0
TSPYL4,0.9351974305686757,0.24395734867684993,0.0,0.7094013244994916,0.0,0.8295924086574906,0.0,1.0,0.0,0.0,0.0,0.0,0.0,0.0,0
COPS7A,0.9293406385792556,0.3982221004482803,0.0330687324551562,0.04244067426438493,0.10521238287105486,0.0,0.0,0.0,0.0,0.0,0.0,0.0,0.0,0.0,0
CXXC1,0.7234082750802947,0.22498344635477302,0.04244722214630461,0.2249811944648165,0.6647951175860232,0.0,0.0,0.0,0.0,0.0,0.0,0.0,0.0,0.0,0
C2CD3,0.9351974305686757,0.37092647137170737,0.0,0.0,0.0,0.9229440289451025,0.0,0.0,0.0,0.0,0.0,0.0,0.0,0.0,0
ZCCHC2,0.9351974305686757,0.2667838740857441,0.03951639928216622,0.0,0.23263553238023238,0.0,0.0,0.0,0.0,1.0,0.0,1.0,0.0,0.0,0
STRN3,0.9351974305686757,0.35039386259332833,0.0,0.0,0.0,0.8991287443269675,0.0,0.0,0.0,1.0,0.0,0.0,0.0,0.0,0
GSR,0.8632155677309654,0.12938785761581836,0.04439324803620261,0.7601597055388586,0.0,0.0,0.0,0.0,0.0,1.0,0.0,1.0,0.0,0.0,0
HBS1L,0.9351974305686757,0.2663135222351607,0.0,0.0,0.0,0.9058652433329439,0.0,0.0,1.0,0.0,1.0,0.0,0.0,0.0,0
LETMD1,0.07122614774230113,0.31562892435554946,0.03662700415362841,0.0,0.19953459755291494,0.0,0.0,0.0,0.0,0.0,0.0,0.0,0.0,0.0,0
NECAP2,0.5172869828074815,0.13665928412143907,0.031456447937511546,0.6328548330492835,0.17159228939324656,0.0,0.9325143705721995,0.0,0.0,0.0,0.0,1.0,0.0,0.0,0
TRNAU1AP,0.4549404874362365,0.15566819645181187,0.030352718240048898,0.1078514704840655,0.0488397188276662,0.7162826174264532,0.0,0.0,0.0,0.0,0.0,0.0,0.0,0.0,0
DHFR,0.5505384470054789,0.2582383877130092,0.0,0.895750180409632,0.0,0.0,0.0,0.0,0.0,0.0,0.0,0.0,0.0,0.0,0
EHHADH,0.6914793122992632,0.46125077060072617,0.0,0.053782461418896095,0.0,0.0,0.0,0.0,0.0,0.0,0.0,0.0,0.0,0.0,0
BANP,0.5392027205743435,0.007828542289806784,0.7737124749407486,0.803287576608281,0.8201605712116145,0.8326586156595993,0.9330556964984378,0.0,0.0,0.0,0.0,0.0,0.0,0.0,0
ALKBH3,0.9351974305686757,0.3416413605193659,0.0,0.0,0.0,0.0,0.9201903822921054,0.0,0.0,0.0,1.0,0.0,0.0,0.0,0
AP4S1,0.9351974305686757,0.34779855545661426,0.0,0.0,0.0,0.0,0.9115290371805258,0.0,0.0,0.0,0.0,0.0,0.0,0.0,0
MEGF11,0.9351974305686757,0.2586752517295705,0.11590119107652808,0.4737134105700205,0.5375188918444319,0.8096174946185121,0.8082254279146089,0.0,0.0,0.0,0.0,0.0,0.0,0.0,0
PYGL,0.8018137162289817,0.3159196596418324,0.028097396659752975,0.30025832178338424,0.02703911628570776,0.9216869730029423,0.0,0.0,0.0,0.0,0.0,0.0,0.0,0.0,0
ACTN3,0.9351974305686757,0.43913814492621267,0.0,0.7443505776133695,0.6672006590037336,0.6049845552493491,0.6733703032231597,0.0,0.0,0.0,0.0,0.0,0.0,0.0,0
NUDT18,0.6092952956735311,0.08287934485619244,0.050064377324436984,0.4899024079475731,0.0,0.7114295869586195,0.0,0.0,0.0,0.0,0.0,0.0,0.0,0.0,0
GPCPD1,0.9112034762894389,0.4365656704036045,0.03374797907964947,0.06400949049251989,0.04510042379189778,0.4131438495067393,0.0,0.0,1.0,0.0,1.0,0.0,0.0,0.0,0
TMUB2,0.541847723408275,0.24793174570556573,0.0,0.0,0.9293638931186773,0.0,0.8481781125842228,0.0,0.0,0.0,1.0,0.0,0.0,0.0,0
NPM3,0.6516153410164368,0.22275650539230238,0.06275310238663338,0.0,0.08784179769432192,0.0,0.0,0.0,0.0,0.0,0.0,0.0,0.0,0.0,0
GFOD2,0.52635556395239,0.009472490505437803,0.03727884451231203,0.8267029377209573,0.05171320181095839,0.8161393587355438,0.0,0.0,0.0,0.0,0.0,0.0,0.0,0.0,0
DHRS7B,0.9351974305686757,0.21390506199054735,0.03283909726071532,0.0,0.0,0.0,0.0,0.0,0.0,0.0,0.0,0.0,0.0,0.0,0
NRF1,0.9351974305686757,0.4022802170620515,0.0,0.0,0.5716695898643367,0.0,0.8826834512721752,0.0,0.0,0.0,0.0,0.0,0.0,0.0,0
TRMT61A,0.7640279614585301,0.26844152186983883,0.9126237140425989,0.9085902345890353,0.9433381194548763,0.0,0.8142406642167758,0.0,0.0,0.0,0.0,0.0,0.0,0.0,0
MCM6,0.07424900812393725,0.23928275148221723,0.036218838864947846,0.05862199786441313,0.3481309646880898,0.9256910525577449,0.0,0.0,0.0,0.0,0.0,0.0,0.0,0.0,0
ARMC8,0.700170035896467,0.4095470770448509,0.033077172912516314,0.05084961407905496,0.0,0.0,0.9326167033328201,0.0,1.0,0.0,0.0,1.0,0.0,0.0,0
PLSCR1,0.631211033440393,0.41512432358380713,0.034677465140486065,0.17211892577293306,0.04774453523030281,0.857622298871529,0.0,0.0,0.0,0.0,0.0,1.0,0.0,0.0,0
PGBD1,0.7802758360098243,0.3767533544915558,0.06928314170872264,0.0,0.17933665530297888,0.0,0.8932049825636348,0.0,0.0,0.0,0.0,0.0,0.0,0.0,0
UNC45A,0.7746079727942565,0.309523483343608,0.0,0.10909267147092691,0.0,0.0,0.951026293650065,1.0,0.0,0.0,1.0,0.0,0.0,0.0,0
FKBP7,0.45909692046098616,0.2721373610064616,0.040030079962589074,0.48764117654125844,0.0,0.0,0.0,0.0,0.0,0.0,0.0,0.0,0.0,0.0,0
BMF,0.7723408275080295,0.18645721548660116,0.03784568084676076,0.3134712621324087,0.014111453552148358,0.664698768745339,0.0,0.0,0.0,0.0,0.0,1.0,0.0,0.0,0
TM9SF3,0.4349140374078972,0.22043518962486014,0.05089975263093022,0.040046716585197366,0.0,0.8981694451894238,0.0,0.0,0.0,0.0,1.0,0.0,0.0,0.0,0
DVL2,0.03287360665029282,0.012020610239666107,0.053678634410352956,0.075351748950422,0.0,0.9259254855618114,0.0,0.0,0.0,0.0,1.0,0.0,0.0,0.0,0
ZNF623,0.9351974305686757,0.8357908836982753,0.03636609639716412,0.0,0.0,0.0,0.0,0.0,0.0,0.0,0.0,0.0,0.0,0.0,0
ZC3H12A,0.6109956546382014,0.2502591501701029,0.0,0.0,0.21722318397026655,0.0,0.11430957334023838,0.0,0.0,0.0,0.0,0.0,0.0,0.0,0
COG3,0.552049877196297,0.10997861345145404,0.027161585964432862,0.0443376680653202,0.0,0.0,0.6786902816077801,0.0,1.0,0.0,0.0,0.0,0.0,0.0,0
SHKBP1,0.9351974305686757,0.3813761977608817,0.056227866932629135,0.01740172998016001,0.8976528980147813,0.0,0.8393669010325244,0.0,0.0,0.0,1.0,0.0,0.0,0.0,0
GOLGB1,0.7048932552427736,0.352695390095212,0.04461629235569476,0.043396881940178336,0.05312681739132767,0.0,0.0,0.0,0.0,0.0,0.0,0.0,0.0,0.0,0
AMPD2,0.6941243151331947,0.25648179860112186,0.0,0.0,0.6274106625476739,0.0,0.7480305185490189,0.0,0.0,0.0,0.0,0.0,0.0,0.0,0
SLC3A2,0.5119969771396183,0.2856162142003638,0.03456448929857237,0.27391274236101437,0.031352110910450245,0.0,0.4737007311057767,1.0,0.0,0.0,0.0,0.0,0.0,0.0,0
MMS19,0.5766106177970904,0.22609920009741913,0.0,0.0,0.0,0.8095347212594998,0.0,0.0,0.0,0.0,0.0,0.0,0.0,0.0,0
IMPACT,0.6119402985074627,0.2647685153473221,0.07104134985165543,0.9592279798507463,0.28221810022360255,0.0,0.9153980771009304,0.0,0.0,0.0,0.0,0.0,0.0,0.0,0
KATNA1,0.9351974305686757,0.21324900487856852,0.026260278230289282,0.0,0.060961726140457514,0.0,0.0,0.0,0.0,1.0,0.0,0.0,0.0,0.0,0
RPRD2,0.9351974305686757,0.9160825322891217,0.03464015550560524,0.05277371568085973,0.04270428678931955,0.0,0.7250737043214097,0.0,0.0,0.0,0.0,0.0,0.0,0.0,0
CANX,0.6438692612884942,0.3640675540942683,0.03471970139840237,0.20639598408304677,0.03749642348171895,0.7968166355791603,0.0,0.0,0.0,0.0,0.0,0.0,0.0,0.0,0
AFMID,0.9351974305686757,0.49510088209999187,0.0,0.0,0.0,0.0,0.8993246127569687,0.0,0.0,0.0,0.0,1.0,0.0,0.0,0
POFUT2,0.9351974305686757,0.3694119079693434,0.921436289394051,0.920145137387689,0.9513727810180092,0.8576403230375912,0.9472995107974073,0.0,0.0,0.0,0.0,0.0,0.0,0.0,0
RICTOR,0.6053277914226336,0.4498953505186811,0.03423190002891134,0.052893187755388885,0.0,0.0,0.0,0.0,0.0,0.0,0.0,0.0,0.0,0.0,0
TEKT3,0.6376346117513697,0.035965933739753486,0.07059162210184913,0.1652029574296794,0.1662504863648391,0.0,0.0,0.0,0.0,0.0,0.0,1.0,0.0,0.0,0
EIF4A3,0.6969582467409786,0.4776719866657536,0.0,0.7399330762725472,0.0,0.0,0.0,0.0,0.0,0.0,0.0,0.0,0.0,0.0,0
PEX5,0.9293406385792556,0.39108614745302195,0.0,0.0,0.0,0.0,0.9290670024833052,0.0,0.0,0.0,0.0,0.0,0.0,0.0,0
NARS2,0.9351974305686757,0.4457078490916424,0.052099369660337784,0.0,0.0518624008719038,0.0,0.0,0.0,0.0,0.0,0.0,0.0,0.0,0.0,0
INO80,0.7723408275080295,0.19435729996727322,0.03183804187404763,0.029898727539984855,0.602457554713748,0.0,0.0,0.0,0.0,0.0,0.0,0.0,0.0,0.0,0
CBFB,0.52635556395239,0.014249073376410792,0.05237910824346547,0.5034606052300135,0.1317626292725041,0.0,0.9308340201453058,0.0,0.0,1.0,0.0,1.0,0.0,0.0,0
GPR157,0.46193085206877005,0.14976824896682414,0.05502310465207979,0.32784992764445026,0.06207933592837957,0.0,0.0,0.0,0.0,0.0,0.0,0.0,0.0,0.0,0
TBXA2R,0.052711127904779886,0.2256486365123943,0.8908072716447304,0.8023754600337262,0.8507884743603491,0.0,0.6319383088885695,0.0,0.0,0.0,0.0,0.0,0.0,0.0,0
FUCA1,0.4783676553939165,0.14864184000426212,0.05634205455821212,0.8605901472596005,0.2439619420971869,0.4806531268890931,0.0,0.0,0.0,0.0,0.0,0.0,0.0,0.0,0
SMOX,0.9351974305686757,0.4298163496738742,0.04501632618335482,0.3427651311712436,0.2961379799106784,0.9109865355887368,0.7279839384189467,0.0,0.0,0.0,0.0,0.0,0.0,0.0,0
ZNF789,0.9163045531834498,0.40077326453105616,0.03430265354171419,0.0,0.0,0.0,0.0,0.0,0.0,0.0,0.0,0.0,0.0,0.0,0
CDIPT,0.7266200642357831,0.5957135572451693,0.0,0.0,0.0,0.8001585640609972,0.0,0.0,0.0,0.0,0.0,0.0,0.0,0.0,0
TMEM201,0.44738333648214623,0.14759915062675522,0.7142756310845892,0.37070512744512407,0.917103886505635,0.8420693282350451,0.8666451401058047,0.0,0.0,0.0,1.0,0.0,0.0,0.0,0
ASXL1,0.6168524466276214,0.508392507858225,0.023769783876561593,0.6684821656801885,0.2340970520063366,0.0,0.0,0.0,0.0,0.0,0.0,0.0,0.0,0.0,0
TTC21B,0.5325902134895144,0.27365649093164673,0.047544282069346445,0.85144006944994,0.4878974880091506,0.9606628430321887,0.0,0.0,0.0,0.0,0.0,0.0,0.0,0.0,0
NAF1,0.5728320423200454,0.22450243928427377,0.03000675319731838,0.057782346532808435,0.5313937683300597,0.9220774303409551,0.0,0.0,0.0,0.0,0.0,0.0,0.0,0.0,0
SFSWAP,0.48573587757415454,0.29748765136120436,0.35487780983854517,0.8624662073800925,0.8592434242432622,0.7496025385218523,0.7578083419861332,0.0,0.0,0.0,1.0,0.0,0.0,0.0,0
RAP2B,0.8344983941054223,0.4440821669672961,0.0,0.0,0.04775571038356415,0.0,0.8554367731274378,0.0,0.0,0.0,0.0,1.0,0.0,0.0,0
LTA4H,0.653882486302664,0.32768302242923797,0.04609406125826407,0.0,0.03561626142964256,0.9300450604433744,0.0,0.0,0.0,0.0,0.0,1.0,0.0,0.0,0
TMEM126A,0.9351974305686757,0.21231286770022295,0.02906195015987393,0.06543062588051292,0.0,0.0,0.8914576094331942,0.0,0.0,0.0,0.0,0.0,0.0,0.0,0
TOMM34,0.9351974305686757,0.535123410279243,0.0229238719887091,0.046472681895394115,0.2391482201479837,0.0,0.0,0.0,0.0,0.0,0.0,0.0,0.0,0.0,0
ZNF823,0.9351974305686757,0.3210752639069647,0.03228558485556563,0.0,0.036114718572040724,0.5143447198637863,0.0,0.0,1.0,0.0,0.0,0.0,0.0,0.0,0
APMAP,0.768373323257132,0.45038244628627555,0.0,0.0,0.2990079435220562,0.6922401581351398,0.0,0.0,0.0,0.0,0.0,0.0,0.0,0.0,0
PANX1,0.9351974305686757,0.1588678067751977,0.032452048440163514,0.0,0.6293484346220305,0.0,0.8139654922349339,0.0,0.0,0.0,0.0,0.0,0.0,0.0,0
PCSK7,0.018326091063668976,0.05196094100813564,0.0,0.0,0.0,0.9211142696586296,0.0,0.0,0.0,0.0,1.0,0.0,0.0,0.0,0
SMC5,0.6665407141507651,0.2745560959274227,0.0,0.0,0.0,0.0,0.7536418495349335,0.0,0.0,0.0,0.0,0.0,0.0,0.0,0
ZNF740,0.46722085773663324,0.3153442777663615,0.0,0.0,0.8373150420001504,0.0,0.8684446832932377,0.0,0.0,0.0,0.0,0.0,0.0,0.0,0
TRIP11,0.5987152843378046,0.24229361219566029,0.033420496365989136,0.043668219814154946,0.0,0.9228864198033608,0.0,0.0,0.0,0.0,0.0,0.0,0.0,0.0,0
ZKSCAN8,0.7802758360098243,0.3791325128813998,0.052184720770619204,0.0565138480296461,0.035419730475943566,0.0,0.0,1.0,0.0,0.0,0.0,0.0,0.0,0.0,0
GOLIM4,0.711127904779898,0.4544055528917506,0.0,0.0,0.0,0.899180359385365,0.0,0.0,0.0,0.0,0.0,0.0,0.0,0.0,0
GATAD1,0.5671641791044777,0.4072014064890289,0.0,0.0,0.0,0.0,0.9079300698129787,0.0,0.0,0.0,0.0,0.0,0.0,0.0,0
SFPQ,0.8290194596637068,0.23771795632882006,0.032345442237655446,0.06078588388374219,0.04420538161719088,0.0,0.0,0.0,0.0,0.0,0.0,1.0,0.0,0.0,0
PTPRD,0.9351974305686757,0.282090858582399,0.0,0.730074048064328,0.0,0.0,0.0,0.0,0.0,0.0,0.0,0.0,0.0,0.0,0
ARMC1,0.9351974305686757,0.7407889429260759,0.03923363411656484,0.0581803921765957,0.04712536948316251,0.865892207729806,0.0,0.0,0.0,0.0,0.0,0.0,0.0,0.0,0
ESD,0.02852824485169092,0.10162948756003073,0.03659871730509849,0.0,0.1395667245236207,0.7301928452378454,0.0,0.0,0.0,0.0,0.0,0.0,0.0,0.0,0
ARL1,0.6567164179104477,0.307838436422586,0.03345527323075534,0.041448723804955956,0.0,0.0,0.0,0.0,0.0,0.0,0.0,0.0,0.0,0.0,0
RFX2,0.5692423956168524,0.28179707894756867,0.8892730873603635,0.6862877587984897,0.9382587056314048,0.9133673025544624,0.9352802912331876,0.0,0.0,0.0,0.0,0.0,0.0,0.0,0
ARFGAP2,0.6442471188361987,0.3213264226621306,0.06935170442504811,0.03864513356788242,0.02705904550685637,0.8931171566706227,0.0,0.0,0.0,0.0,0.0,0.0,0.0,0.0,0
PAK2,0.7086718307198187,0.46980082349628216,0.05276612844407832,0.301884027936657,0.06662768198550865,0.0,0.0,0.0,0.0,0.0,0.0,1.0,0.0,0.0,0
SNPH,0.9351974305686757,0.4171198940566705,0.8724031458021038,0.8286359215985786,0.8974685289015937,0.6272922898827967,0.7101410845194349,0.0,0.0,0.0,0.0,1.0,0.0,0.0,0
GCAT,0.49782731910069905,0.12960096201414095,0.03059052505309076,0.8834119252426379,0.0,0.0,0.0,0.0,0.0,0.0,0.0,0.0,0.0,0.0,0
RAB38,0.9351974305686757,0.22025709523483336,0.0,0.1666864994459276,0.0,0.0,0.0,0.0,0.0,0.0,0.0,0.0,0.0,0.0,0
LGALS1,0.4948044587190629,0.1260329855165117,0.05983806129390362,0.13619932211912766,0.07624149972085968,0.03779390752385335,0.0,0.0,0.0,0.0,0.0,0.0,0.0,0.0,0
B2M,0.8216512374834687,0.19507881057302257,0.0,0.0,0.0,0.0,0.8878540841394047,0.0,0.0,0.0,0.0,0.0,0.0,0.0,0
HEATR4,0.07670508218401662,0.21919157324322058,0.0,0.0,0.0,0.8135962116021097,0.0,0.0,0.0,0.0,0.0,0.0,0.0,0.0,0
PCBD1,0.6183638768184394,0.2872555958931738,0.02129882797967277,0.0,0.09276306750248604,0.8656110034685699,0.0,0.0,0.0,0.0,0.0,0.0,0.0,0.0,0
EPHA3,0.9351974305686757,0.3063847599911714,0.1014523766492971,0.0,0.20433717138059862,0.0,0.0,0.0,0.0,0.0,0.0,0.0,0.0,0.0,0
RBPJ,0.039863971282826344,0.18407196839966206,0.09728164136053832,0.8797005378622995,0.23278392642351714,0.8997014956833794,0.9176924770930316,0.0,0.0,0.0,1.0,0.0,0.0,0.0,0
ALG10,0.9351974305686757,0.39598602644016717,0.0,0.09715778418565246,0.0,0.0,0.0,0.0,0.0,1.0,0.0,0.0,0.0,0.0,0
URB2,0.7320989986774986,0.8885737988142263,0.0,0.0,0.0,0.0,0.910159890240636,0.0,0.0,0.0,0.0,1.0,0.0,0.0,0
SYTL2,0.9351974305686757,0.2101057150033107,0.029652973251060217,0.03332507300545815,0.07245168645226631,0.9203832197401342,0.0,0.0,0.0,0.0,0.0,0.0,0.0,0.0,0
DNAJC27,0.4813905157755526,0.3131234255009856,0.0,0.0,0.0,0.9040625352914176,0.0,0.0,0.0,0.0,0.0,0.0,0.0,0.0,0
BIRC6,0.9351974305686757,0.342751025564917,0.04415725272726029,0.021037854614372156,0.23129680677592265,0.0,0.0,0.0,0.0,0.0,0.0,0.0,0.0,0.0,0
ZNF84,0.48573587757415454,0.29756223790061725,0.0,0.0,0.0,0.0,0.9304475973204347,0.0,0.0,0.0,0.0,0.0,0.0,0.0,0
SDF2,0.9351974305686757,0.44623908791317535,0.0,0.0,0.0,0.0,0.8521019403521831,0.0,0.0,0.0,0.0,0.0,0.0,0.0,0
NUDT1,0.689212167013036,0.4244582962303355,0.0,0.0,0.0,0.824763238509496,0.7640707367470984,0.0,0.0,0.0,0.0,0.0,0.0,0.0,0
SMAD2,0.5709427545815228,0.23328081832088943,0.056667037633274235,0.04009177086472177,0.5150421846129175,0.9337645806346542,0.0,0.0,0.0,0.0,0.0,1.0,0.0,0.0,0
NAA35,0.5201209144152654,0.2697962569734608,0.038914545232058555,0.12971191805024845,0.048903422013416624,0.0,0.0,0.0,0.0,0.0,0.0,0.0,0.0,0.0,0
RPS29,0.700170035896467,0.3251455579149257,0.0,0.0,0.0,0.0,0.9235311385020998,0.0,0.0,0.0,0.0,1.0,0.0,0.0,0
UBE2D3,0.467031928962781,0.23102495604721784,0.0,0.05479849193564517,0.0,0.0,0.0,0.0,0.0,0.0,0.0,1.0,0.0,0.0,0
C19orf57,0.9351974305686757,0.35006202860165464,0.0,0.0,0.0,0.0,0.9614639265439837,1.0,0.0,0.0,0.0,0.0,0.0,0.0,0
USP1,0.673720007557151,0.2650516397622364,0.03661938077502847,0.0,0.05066628681656992,0.0,0.9428952608917022,0.0,1.0,0.0,0.0,0.0,0.0,0.0,0
PUM2,0.5324012847156622,0.322690290811395,0.03191526771688376,0.32163041203712056,0.060328360240500194,0.0,0.0,0.0,0.0,0.0,0.0,1.0,0.0,0.0,0
POLE4,0.4827130171925184,0.338526991955309,0.02406358483904947,0.054931441318384455,0.8065306922270568,0.0,0.0,0.0,1.0,1.0,0.0,1.0,0.0,0.0,0
DSTYK,0.9351974305686757,0.9282721038731726,0.028193703301884365,0.0,0.4834848689565548,0.0,0.0,0.0,0.0,0.0,1.0,1.0,0.0,0.0,0
CTR9,0.5006612507084829,0.2589629426673059,0.026876420173446103,0.051259822353625514,0.04890845591739167,0.0,0.0,0.0,0.0,0.0,0.0,0.0,0.0,0.0,0
ROCK1,0.6393349707160401,0.2741542419191574,0.0257827825021848,0.07112731729065634,0.017327880360168843,0.0,0.0,0.0,0.0,0.0,0.0,1.0,0.0,0.0,0
FOXJ3,0.9351974305686757,0.29497910815809303,0.034567602509530206,0.07162512095678306,0.0,0.0,0.0,0.0,0.0,0.0,0.0,0.0,0.0,0.0,0
BAG6,0.6425467598715284,0.3823793106072713,0.0,0.0,0.0,0.9110674612913806,0.0,0.0,0.0,0.0,0.0,0.0,0.0,0.0,0
ZBTB14,0.5966370678254298,0.266397241820216,0.02998192026549566,0.8912650115365033,0.8325789796951318,0.9796635739332081,0.0,0.0,0.0,0.0,0.0,0.0,0.0,0.0,0
C9orf16,0.5000944643869261,0.2797451880265771,0.05177189159770707,0.0,0.0,0.0,0.0,0.0,0.0,0.0,0.0,1.0,0.0,0.0,0
ZNF148,0.5826563385603627,0.35113211711608866,0.13732066389727854,0.09097872012396094,0.22862108735438702,0.9349275947707799,0.0,0.0,0.0,0.0,0.0,0.0,0.0,0.0,0
SEMA4D,0.711127904779898,0.27504014734646964,0.8917320928064418,0.7992745368577524,0.0,0.974566334129895,0.9562852664929212,0.0,0.0,0.0,0.0,0.0,0.0,0.0,0
FDX1,0.5509163045531835,0.07748932575290529,0.07014853965688109,0.5197642416792226,0.0,0.0,0.9233271613253935,0.0,0.0,0.0,0.0,0.0,0.0,0.0,0
INPP5F,0.4825240884186661,0.21755219155041067,0.052985365296241,0.05659945447110154,0.6307544331423619,0.0,0.7990195963921227,0.0,0.0,0.0,0.0,0.0,0.0,0.0,0
NFU1,0.4823351596448139,0.33450084100128624,0.045047219575481724,0.8899839814908054,0.3350360993343472,0.9362852592971335,0.0,0.0,0.0,1.0,0.0,0.0,0.0,0.0,0
SRF,0.9351974305686757,0.4023045718504311,0.06595111055947406,0.33805481631965756,0.07870770169558773,0.7044347721091374,0.0,0.0,0.0,0.0,0.0,0.0,0.0,0.0,0
BIRC2,0.7876440581900623,0.12527950925101403,0.034996199425517016,0.3630191109544121,0.0,0.0,0.7999218224525744,0.0,1.0,0.0,0.0,1.0,0.0,0.0,0
SLC39A13,0.6442471188361987,0.32532974100204737,0.0,0.0,0.0,0.0,0.880610181553934,0.0,0.0,0.0,0.0,0.0,0.0,0.0,0
ALG5,0.9351974305686757,0.15681134933138488,0.0,0.0,0.0,0.9061596680188254,0.0,0.0,0.0,1.0,0.0,0.0,0.0,0.0,0
RP9,0.9351974305686757,0.4456865386518103,0.0,0.8741015266286097,0.0,0.0,0.0,0.0,0.0,0.0,0.0,0.0,0.0,0.0,0
TUBGCP5,0.9351974305686757,0.21851268351713588,0.0473691278281551,0.0,0.09092544558251141,0.0,0.0,0.0,0.0,0.0,0.0,0.0,0.0,0.0,0
IFNGR2,0.7385225769884753,0.34279060209603396,0.05411174917190479,0.41988387098820934,0.07903346739124811,0.0,0.0,0.0,0.0,0.0,0.0,0.0,0.0,0.0,0
WDR53,0.7035707538258077,0.4650059745340245,0.0,0.9326955152582527,0.0,0.0,0.0,0.0,0.0,0.0,0.0,0.0,0.0,0.0,0
CNIH4,0.9125259777064046,0.9043374355930012,0.033721239436655115,0.20061389103288557,0.056860173700683914,0.0,0.848383973681847,0.0,1.0,0.0,0.0,0.0,0.0,0.0,0
DGAT1,0.9351974305686757,0.8050079533605812,0.07372277516797308,0.1106254390624881,0.0,0.4960219118985541,0.0,0.0,0.0,0.0,0.0,0.0,0.0,0.0,0
NLN,0.9351974305686757,0.26972471478259546,0.0,0.0,0.0,0.0,0.9207654101083582,0.0,0.0,0.0,0.0,0.0,0.0,0.0,0
TRAF3,0.9351974305686757,0.2770281069479644,0.43965746747164836,0.9530432924398506,0.7953037990054171,0.9062311657655349,0.9249214120500764,0.0,0.0,1.0,0.0,0.0,0.0,0.0,0
TBC1D2B,0.9351974305686757,0.2868339536193499,0.0,0.0,0.0,0.8928037292052269,0.0,0.0,0.0,0.0,0.0,0.0,0.0,0.0,0
ANKAR,0.8299641035329681,0.2947492598427594,0.034321033638902376,0.0,0.8766052765706526,0.0,0.0,0.0,0.0,1.0,0.0,0.0,0.0,0.0,0
YWHAZ,0.9351974305686757,0.9066876726716443,0.03954699073692117,0.08849289319453121,0.050765586763833484,0.0,0.0,0.0,0.0,0.0,1.0,1.0,0.0,0.0,0
FIBP,0.9351974305686757,0.3090363875760136,0.031229118927987517,0.08005481871394615,0.0730442365760228,0.13838144285718823,0.0,0.0,0.0,0.0,0.0,0.0,0.0,0.0,0
SLC4A1AP,0.48875873795579067,0.3229018730354438,0.0,0.0,0.0,0.0,0.952189934989597,0.0,0.0,1.0,0.0,0.0,0.0,0.0,0
ZC3HAV1,0.8074815794445493,0.393072584880243,0.04495704264125973,0.033515544824113404,0.3025377949197254,0.0,0.0,0.0,0.0,0.0,0.0,1.0,0.0,0.0,0
SPATA24,0.7037596825996599,0.3151220403223965,0.02596911726455801,0.19116459114004417,0.1100898622597878,0.9758875168588371,0.3922444170347025,0.0,0.0,0.0,0.0,0.0,0.0,0.0,0
DUSP16,0.9351974305686757,0.34213454498405527,0.03034445163169293,0.04664328494071628,0.0,0.0,0.0,0.0,0.0,0.0,0.0,0.0,0.0,0.0,0
DDX17,0.4948044587190629,0.1266829539313955,0.03068465726423885,0.0,0.0917027418254236,0.0,0.0,0.0,0.0,0.0,0.0,0.0,1.0,0.0,0
CHRNB1,0.03287360665029282,0.014760523932384695,0.0,0.0,0.58785627909962,0.0,0.8121011139434591,0.0,0.0,0.0,0.0,0.0,0.0,0.0,0
LYSMD4,0.9351974305686757,0.336010837880829,0.048196445440348276,0.7579833057769076,0.8455530882681013,0.8585043374051164,0.0,0.0,0.0,0.0,0.0,1.0,0.0,0.0,0
WDR20,0.9351974305686757,0.2798593510971071,0.8769855909747436,0.9675603495713411,0.7576999093240538,0.9396068014426044,0.8967348392138329,0.0,0.0,0.0,0.0,1.0,0.0,0.0,0
LOXHD1,0.6153410164368034,0.2393984367270207,0.8107502576216415,0.8834918245439377,0.7526900411790252,0.7213372956573729,0.6610115785867756,1.0,0.0,0.0,1.0,0.0,0.0,0.0,0
TBC1D8,0.7821651237483469,0.31160733992434797,0.0,0.4934201371196263,0.0,0.0,0.0,0.0,0.0,0.0,0.0,0.0,0.0,0.0,0
CEP192,0.9351974305686757,0.29277347763545447,0.0,0.0,0.0,0.0,0.9514759507042998,0.0,0.0,0.0,0.0,0.0,0.0,0.0,0
INPPL1,0.8031362176459476,0.35980698830209074,0.04401016753796346,0.8170964312872091,0.9292258972891607,0.8632624229025432,0.9309556653109053,0.0,0.0,0.0,0.0,0.0,0.0,0.0,0
CEP131,0.8883430946533156,0.46381867860051307,0.5857901534089296,0.9553412018618903,0.799290134448326,0.9220233838370482,0.8925164090687595,0.0,0.0,0.0,0.0,0.0,0.0,0.0,0
NIPA2,0.9351974305686757,0.21851268351713588,0.02265810870545495,0.32573036783715675,0.0,0.0,0.0,0.0,0.0,0.0,0.0,0.0,0.0,0.0,0
EVC,0.6691857169846969,0.20440060582536088,0.09882029040477812,0.0,0.28771360620532965,0.0,0.0,0.0,0.0,0.0,0.0,0.0,0.0,0.0,0
OTULIN,0.7831097676176081,0.48113493313849537,0.0,0.0,0.0,0.0,0.7448020775361742,0.0,0.0,0.0,0.0,0.0,0.0,0.0,0
SERTAD3,0.9351974305686757,0.38791089191801575,0.027578055953079557,0.776558630089375,0.056634449925508985,0.7093937301404247,0.0,0.0,0.0,0.0,0.0,0.0,0.0,0.0,0
TSR1,0.46476478367655394,0.04473061320790589,0.0,0.0,0.0,0.830158363818667,0.0,0.0,1.0,0.0,0.0,0.0,0.0,0.0,0
GTF3C3,0.8173058756848668,0.29731107914545135,0.03859646739997596,0.0,0.9377002684614689,0.0,0.0,0.0,0.0,1.0,0.0,0.0,0.0,0.0,0
SNX2,0.670130360853958,0.2902892892207229,0.05962138202911807,0.28412005424309994,0.0374566303703831,0.0,0.0,0.0,0.0,0.0,0.0,0.0,0.0,0.0,0
TRAPPC3,0.6295106744757226,0.24898509030298877,0.03305084252192818,0.03564814697704334,0.5509390277197899,0.0,0.72531129901402,0.0,0.0,0.0,0.0,0.0,0.0,0.0,0
MOB3A,0.47024371811826937,0.2035329664893333,0.9883228686108658,0.8071629116194915,0.9009582516912391,0.8370916136959737,0.8131913387103914,0.0,1.0,0.0,0.0,0.0,0.0,0.0,0
PPID,0.4991498205176648,0.22557557214725515,0.021660041373835908,0.9596359931018221,0.04078831917725183,0.0,0.0,0.0,1.0,1.0,0.0,0.0,0.0,0.0,0
PFKFB2,0.9351974305686757,0.9229703708777616,0.0,0.0,0.6509266249406351,0.0,0.8732622569474419,0.0,0.0,0.0,0.0,1.0,1.0,0.0,0
RPUSD1,0.7370111467976572,0.5955841724319021,0.0,0.8647498781274272,0.0,0.0,0.0,0.0,0.0,0.0,0.0,0.0,0.0,0.0,0
CEP295,0.9351974305686757,0.16922163618512678,0.023784774550003555,0.19396876470099197,0.0,0.0,0.0,0.0,0.0,0.0,0.0,0.0,1.0,0.0,0
HEXB,0.5505384470054789,0.25353334703290176,0.024342584580126874,0.31879422022912257,0.42802824845715987,0.7729932476325383,0.9337851796064032,0.0,0.0,0.0,0.0,0.0,0.0,0.0,0
ARHGEF11,0.774230115246552,0.8772122900350865,0.05412824895961347,0.2263935559148296,0.13679384555910007,0.6405634274502038,0.0,0.0,0.0,0.0,0.0,1.0,0.0,0.0,0
MFSD11,0.6965803891932741,0.47632942895632147,0.0,0.0,0.4213122407740529,0.0,0.92068159571965,0.0,0.0,1.0,0.0,0.0,0.0,0.0,0
PIAS2,0.5611184583412054,0.236994923548797,0.0,0.0,0.0,0.8489385928393579,0.0,0.0,0.0,0.0,1.0,0.0,0.0,0.0,0
SMAD3,0.9351974305686757,0.25382103797063726,0.0,0.0,0.2449420065066267,0.0,0.0,0.0,0.0,0.0,0.0,0.0,0.0,0.0,0
APBB1,0.5006612507084829,0.24157362376418479,0.06069637264847971,0.35939384911724265,0.03361750842732866,0.6386266223167903,0.0,0.0,0.0,0.0,1.0,0.0,0.0,0.0,0
APEX1,0.6079727942565653,0.2992016195934272,0.0,0.0,0.9372379961707468,0.0,0.0,0.0,0.0,0.0,0.0,0.0,0.0,0.0,0
RBM26,0.632722463631211,0.1718763081185164,0.0,0.0,0.0,0.45420779938006,0.0,0.0,0.0,0.0,0.0,0.0,0.0,0.0,0
SUMF1,0.5883242017759305,0.33663949585588054,0.020724310823413448,0.048608964821141215,0.19813531491149924,0.9114618466494983,0.0,0.0,0.0,0.0,0.0,0.0,0.0,0.0,0
LYSMD3,0.5505384470054789,0.26864092669969786,0.0,0.0,0.0,0.8874780613351788,0.0,0.0,0.0,0.0,0.0,0.0,0.0,0.0,0
CNOT6L,0.6228981673908935,0.26912345594447107,0.060779213512938864,0.042703098147208,0.06616547053773017,0.0,0.0,0.0,1.0,0.0,0.0,1.0,0.0,0.0,0
PIK3IP1,0.5989042131116569,0.14989154508299646,0.01792022292886788,0.2732950189173174,0.0,0.7123770324044609,0.0,0.0,0.0,0.0,0.0,0.0,0.0,0.0,0
BSDC1,0.6062724352918949,0.2213165285293513,0.08869523265627992,0.02605503305600187,0.03522454591681697,0.0,0.0,0.0,0.0,0.0,0.0,0.0,0.0,0.0,0
BFSP1,0.9351974305686757,0.4485132162781318,0.054034335269913344,0.09217913899569039,0.4373078306807777,0.9343533632916751,0.2955607065978491,0.0,1.0,0.0,0.0,0.0,0.0,0.0,0
DDX50,0.5484602304931041,0.2689605832971817,0.03879146908940399,0.0,0.0,0.0,0.0,0.0,0.0,0.0,0.0,0.0,0.0,0.0,0
GNA13,0.9351974305686757,0.5603930253974779,0.03421161163493466,0.03458742145587265,0.6900177429469063,0.7116743930187194,0.0,0.0,0.0,0.0,0.0,0.0,0.0,0.0,0
ASNSD1,0.8299641035329681,0.2956595200584515,0.0,0.0,0.0,0.9067007967925581,0.0,0.0,0.0,0.0,0.0,0.0,0.0,0.0,0
SYNRG,0.9351974305686757,0.3449642669589242,0.0,0.0,0.0,0.928181124615488,0.0,0.0,0.0,0.0,1.0,0.0,0.0,0.0,0
SF3B1,0.9351974305686757,0.29825330502089187,0.025069134646884726,0.0,0.13624904920252662,0.0,0.0,0.0,0.0,0.0,0.0,0.0,0.0,0.0,0
SETD1A,0.7266200642357831,0.5935094488968045,0.9514965434851169,0.9157066118161514,0.9456789209943655,0.0,0.8889918094036817,0.0,0.0,0.0,0.0,0.0,0.0,0.0,0
NCOA3,0.9351974305686757,0.5511184175476251,0.030421202861533395,0.0512191333966038,0.021598559009822486,0.0,0.0,0.0,0.0,1.0,0.0,1.0,1.0,0.0,0
STOX1,0.5484602304931041,0.26847957622668217,0.0344341791046398,0.9610320519903599,0.0991002061384436,0.0,0.940516005698117,0.0,0.0,0.0,0.0,0.0,0.0,0.0,0
SAMHD1,0.9351974305686757,0.5026554330205267,0.06343873453629129,0.0,0.12170881700017439,0.0,0.0,0.0,0.0,0.0,0.0,0.0,0.0,0.0,0
EIF3E,0.9351974305686757,0.8915526938679211,0.06412030605323749,0.05574244314242313,0.09372004861265162,0.0,0.0,0.0,0.0,0.0,0.0,0.0,0.0,0.0,0
SLC35C2,0.9351974305686757,0.5406123707103226,0.0,0.0,0.0,0.7814613477835393,0.0,0.0,0.0,0.0,0.0,0.0,0.0,0.0,0
MRPS22,0.6196863782354053,0.40841001286237266,0.031455718042178164,0.3432447033364942,0.0,0.0,0.8644239115872843,0.0,0.0,0.0,0.0,0.0,0.0,0.0,0
WDFY2,0.9351974305686757,0.12013760455434527,0.029676983231457895,0.31207650444370444,0.0,0.0,0.8368854657145824,0.0,0.0,0.0,0.0,0.0,0.0,0.0,0
NEK6,0.7094275458152277,0.2829097883416672,0.04721900401415569,0.5377987733899012,0.16173402939661097,0.0,0.0,0.0,0.0,0.0,0.0,0.0,0.0,0.0,0
CDYL,0.9351974305686757,0.38040200622569276,0.0,0.8511333883400752,0.9289281770066546,0.8093867232319794,0.0,0.0,0.0,1.0,0.0,0.0,0.0,0.0,0
TIMMDC1,0.5104855469488003,0.3502659999543348,0.0,0.8952178530085915,0.7239124065938266,0.0,0.0,0.0,0.0,0.0,0.0,0.0,0.0,0.0,0
KBTBD2,0.9351974305686757,0.46189769466706243,0.02646537599783991,0.04193211766646216,0.036134297055543434,0.8415079706393886,0.7991661880141623,0.0,0.0,0.0,0.0,0.0,0.0,0.0,0
UBLCP1,0.6589835631966748,0.3133608846876879,0.058196165067609204,0.31408962573647453,0.0,0.0,0.0,0.0,0.0,1.0,0.0,0.0,0.0,0.0,0
CHI3L2,0.8522576988475344,0.25512249697467865,0.0,0.0,0.0,0.0,0.8853339902721554,0.0,0.0,0.0,0.0,0.0,0.0,0.0,0
CUL2,0.8787077271868505,0.38736747570229324,0.019599124431889877,0.11039831460066135,0.0,0.0,0.0,0.0,0.0,0.0,0.0,0.0,0.0,0.0,0
SPINT1,0.7723408275080295,0.1961899977928473,0.0,0.0,0.0,0.0,0.29982734961623186,0.0,0.0,0.0,0.0,0.0,0.0,0.0,0
NAA40,0.9351974305686757,0.2829935079267225,0.030841485937581306,0.03852205869413898,0.23032880746581041,0.0,0.9013264195907117,0.0,0.0,0.0,0.0,0.0,0.0,0.0,0
MDK,0.6442471188361987,0.32247414206452496,0.07322888308737881,0.0,0.7078611253477604,0.0,0.0,0.0,0.0,0.0,0.0,0.0,0.0,0.0,0
SLC4A7,0.0,0.2694629008075134,0.041206723702520424,0.05477769748569818,0.0,0.0,0.0,0.0,0.0,0.0,0.0,1.0,0.0,0.0,0
ESF1,0.7532590213489514,0.4451187676477081,0.0,0.0,0.0,0.8098320874345154,0.0,0.0,0.0,0.0,0.0,0.0,0.0,0.0,0
PHLPP1,0.9351974305686757,0.26624502439284276,0.03859697265351566,0.83693733781555,0.19766391708189404,0.0,0.8696678433839434,0.0,0.0,0.0,0.0,0.0,0.0,0.0,0
PALLD,0.505195541280937,0.22663196109322561,0.08808217113108349,0.30082449402192235,0.06054600846307898,0.8857314731617237,0.0,0.0,0.0,0.0,0.0,1.0,1.0,0.0,0
CEP152,0.9351974305686757,0.21963300378260314,0.0,0.0,0.0,0.8250394509214242,0.0,0.0,0.0,0.0,0.0,0.0,0.0,0.0,0
HPS4,0.6860003778575476,0.1465458060293321,0.0,0.526430241588765,0.0,0.46544920988888283,0.0,0.0,1.0,0.0,1.0,0.0,0.0,0.0,0
TMCO4,0.4502172680899301,0.140012634046472,0.03475511069841797,0.027494195722623495,0.0,0.9138739745992295,0.7810028232032769,0.0,0.0,0.0,0.0,0.0,0.0,0.0,0
MPG,0.7370111467976572,0.5975158115852687,0.0253474879217587,0.0,0.7724681418305935,0.0,0.9030498044866636,0.0,0.0,1.0,0.0,0.0,0.0,0.0,0
ULK3,0.7736633289249952,0.2616389250405279,0.028480658202411063,0.05113735477968894,0.6282142463033441,0.885560175229779,0.0,0.0,0.0,0.0,0.0,1.0,0.0,0.0,0
TAF1B,0.5254109200831287,0.3244575351431986,0.02435347809401836,0.0,0.21924913060368256,0.0,0.7909051488059479,0.0,0.0,0.0,0.0,0.0,0.0,0.0,0
ISCA1,0.5667863215567731,0.2722667458197289,0.03721795511945229,0.6402897483016452,0.24309786516907922,0.0,0.0,0.0,1.0,0.0,0.0,1.0,0.0,0.0,0
WHAMM,0.9351974305686757,0.2991102891370033,0.042615525399098665,0.33281692414891156,0.3074921819660577,0.0,0.7264430044819217,0.0,0.0,0.0,0.0,0.0,0.0,0.0,0
TMIGD2,0.8261855280559229,0.2593023875303483,0.0,0.7106334397271411,0.0,0.5977225793272355,0.0,0.0,0.0,0.0,0.0,0.0,0.0,0.0,0
DHX38,0.52635556395239,0.011169714820649657,0.0,0.0,0.0,0.0,0.9313113881752373,0.0,0.0,0.0,0.0,0.0,0.0,0.0,0
MLH3,0.48875873795579067,0.22139263724303793,0.0492099708684573,0.05572335014927781,0.43164138092471743,0.9041449772829714,0.0,0.0,1.0,0.0,0.0,1.0,0.0,0.0,0
FDPS,0.9351974305686757,0.8980919545478763,0.026560633600355345,0.0292826746809019,0.031873922871288735,0.0,0.0,0.0,0.0,0.0,0.0,0.0,0.0,0.0,0
NRDE2,0.5477045153976952,0.24039698305058949,0.047691093976529444,0.06054482826683293,0.0,0.0,0.0,0.0,0.0,0.0,0.0,1.0,0.0,0.0,0
RCC2,0.46684300018892877,0.1369058763537837,0.1735489763815193,0.48859472472577253,0.6068255689119089,0.894728657954572,0.8101356342106618,0.0,0.0,0.0,0.0,1.0,0.0,0.0,0
KIAA0319L,0.608539580578122,0.23918076580587708,0.0,0.4034080932681338,0.0,0.0,0.0,0.0,0.0,0.0,0.0,0.0,0.0,0.0,0
ASB7,0.8853202342716795,0.32526276533400306,0.0,0.0,0.0,0.0,0.8163586976896396,0.0,0.0,0.0,0.0,0.0,0.0,0.0,0
CEP162,0.5832231248819195,0.21383808632250295,0.038224493719156795,0.5843525260389029,0.05359326231756971,0.0,0.0,0.0,0.0,0.0,0.0,0.0,0.0,0.0,0
ZNF2,0.7007368222180238,0.3231119330852189,0.0,0.0,0.0,0.0,0.9494206653847079,0.0,0.0,0.0,0.0,1.0,0.0,0.0,0
PHF20,0.9351974305686757,0.5445182698967205,0.04001930094937636,0.0,0.03690838600851992,0.9275466681760395,0.0,0.0,0.0,0.0,0.0,1.0,0.0,0.0,0
NAE1,0.52635556395239,0.013644770189738809,0.026894872242457638,0.4455581403970286,0.9414477095505278,0.9192189365487813,0.9296780819772157,0.0,0.0,0.0,0.0,0.0,0.0,0.0,0
DCLRE1A,0.7515586623842812,0.2179083803304641,0.0,0.9100245930888033,0.0,0.9511663293315145,0.0,0.0,0.0,0.0,0.0,0.0,0.0,0.0,0
TRIP12,0.05346684300018892,0.22632904841275278,0.0,0.08269843150089869,0.0,0.8925078640130919,0.0,0.0,0.0,1.0,0.0,1.0,0.0,0.0,0
PAK6,0.7723408275080295,0.18379341050756912,0.0,0.0,0.0,0.8674332176323061,0.0,0.0,0.0,0.0,0.0,0.0,0.0,0.0,0
GALC,0.5611184583412054,0.23918076580587716,0.08388399313685763,0.0,0.6843906581132535,0.0,0.0,0.0,0.0,0.0,0.0,0.0,0.0,0.0,0
GNB1L,0.5830341961080672,0.1557336499455822,0.977712355685522,0.9371266172562813,0.9627316501193474,0.965848330970979,0.0,0.0,1.0,0.0,0.0,0.0,0.0,0.0,0
FEZ2,0.4823351596448139,0.331292097632258,0.030495190372276035,0.6244785201036224,0.4087359562506573,0.9419962155584415,0.0,0.0,0.0,0.0,0.0,1.0,0.0,0.0,0
PUS7,0.6266767428679387,0.3862304115198149,0.03257611600076038,0.9481336362756618,0.0921857885698633,0.0,0.0,0.0,0.0,0.0,0.0,0.0,0.0,0.0,0
SERBP1,0.5027394672208578,0.254499927696722,0.09802428013329166,0.03500499674873585,0.0,0.0,0.0,0.0,0.0,0.0,0.0,0.0,0.0,0.0,0
COL19A1,0.5922917060268279,0.26464978575397097,0.0,0.0,0.0,0.0,0.9174967300936135,0.0,1.0,1.0,0.0,0.0,0.0,0.0,0
MNS1,0.4823351596448139,0.20043534184228756,0.04362862749917711,0.04044038003840235,0.10702717142105873,0.0,0.0,0.0,0.0,0.0,0.0,0.0,0.0,0.0,0
NUDT6,0.5826563385603627,0.22661065065339336,0.0,0.0,0.0,0.8415044389297185,0.0,0.0,0.0,0.0,0.0,0.0,0.0,0.0,0
GPR161,0.9072359720385414,0.8754374348319142,0.03322690361504085,0.07433534550361037,0.09282741427031413,0.0,0.0,0.0,0.0,0.0,0.0,0.0,0.0,0.0,0
SLC25A16,0.6270546004156432,0.27009155878256497,0.04238279216795054,0.08135197963334623,0.09743098497073174,0.0,0.0,0.0,0.0,1.0,0.0,0.0,0.0,0.0,0
ATP2C1,0.5733988286416021,0.3751307167157568,0.02950872944412053,0.06075905482063116,0.13947319123733373,0.930193947033688,0.0,0.0,1.0,0.0,0.0,1.0,0.0,0.0,0
FAM167A,0.5618741734366144,0.07888515956191819,0.038330924831496145,0.32331024139172904,0.041590551296932045,0.852161465065219,0.0,0.0,0.0,0.0,1.0,0.0,0.0,0.0,0
REEP2,0.6584167768751181,0.3098157408041647,0.05665691709034732,0.4776359400710394,0.0,0.0,0.0,0.0,0.0,0.0,0.0,0.0,0.0,0.0,0
UBE2D2,0.7037596825996599,0.317487499143777,0.0246591411257455,0.34309937879448804,0.0,0.0,0.0,0.0,0.0,0.0,0.0,0.0,0.0,0.0,0
KLK1,0.595314566408464,0.34948512455191005,0.0,0.714626101861528,0.2183696219153801,0.4886173876162242,0.2860297497571785,0.0,0.0,0.0,0.0,0.0,0.0,0.0,0
SFT2D2,0.9072359720385414,0.8774649709645261,0.04716085106016601,0.04805170094138847,0.6185146334769893,0.0,0.7312431592654627,0.0,0.0,0.0,0.0,1.0,0.0,0.0,0
MRPL19,0.4827130171925184,0.3408954951252369,0.023222117907205492,0.044654210944275616,0.029350553466336318,0.0,0.938922105580539,0.0,0.0,0.0,0.0,0.0,0.0,0.0,0
ADGRL1,0.9351974305686757,0.3460023898136098,0.027501115346255742,0.6434024404986899,0.0,0.7013334028189898,0.0,0.0,0.0,0.0,0.0,0.0,0.0,0.0,0
SYNC,0.6062724352918949,0.22077920101072368,0.05659114892880568,0.12056506200138971,0.7217327048045284,0.84717497777619,0.0,0.0,0.0,0.0,0.0,1.0,0.0,0.0,0
RNPS1,0.9351974305686757,0.6097632257917212,0.0,0.0,0.0,0.9445805629751617,0.8543922443638846,0.0,0.0,0.0,0.0,0.0,1.0,0.0,0
FAM171B,0.4762894388815416,0.2879542738848171,0.0,0.0,0.0,0.0,0.9291322429915876,0.0,0.0,0.0,0.0,0.0,0.0,0.0,0
MCUR1,0.9351974305686757,0.4450472254568425,0.035469243661429777,0.0,0.040529534749037296,0.33830653832072877,0.0,0.0,0.0,0.0,0.0,0.0,0.0,0.0,0
CLDND1,0.6043831475533723,0.3541703769664589,0.0,0.0,0.0,0.9430896394647982,0.0,0.0,0.0,0.0,0.0,1.0,0.0,0.0,0
DNAAF1,0.5392027205743435,0.0038358791698060446,0.0,0.0,0.92561197284784,0.0,0.0,0.0,0.0,0.0,0.0,0.0,0.0,0.0,0
KIF9,0.4332136784432269,0.19324154622462714,0.0,0.7178636586569094,0.0,0.9573907283490733,0.0,0.0,0.0,0.0,0.0,0.0,0.0,0.0,0
ZNF805,0.9185716984696769,0.38515727865683336,0.02966126262250418,0.11589204440000599,0.04035030178957017,0.0,0.9336781052329043,0.0,0.0,0.0,0.0,0.0,0.0,0.0,0
EDC4,0.52635556395239,0.013083087882731548,0.03521112079005081,0.03693953443615725,0.03293030371883601,0.0,0.8889713208668447,0.0,0.0,0.0,0.0,0.0,0.0,0.0,0
MAP4K2,0.5815227659172492,0.27596106278207794,0.10099466359033112,0.8988744750687657,0.0,0.7777889284898751,0.0,0.0,0.0,0.0,0.0,0.0,0.0,0.0,0
ALDH1L2,0.6648403551860949,0.30746854807406904,0.0,0.0,0.0,0.9352750243498377,0.0,0.0,0.0,0.0,0.0,0.0,0.0,0.0,0
ELP3,0.5618741734366144,0.08632098088910198,0.038292648674419644,0.14679238911165543,0.04584498348877738,0.6765118126558569,0.0,0.0,0.0,0.0,0.0,0.0,0.0,0.0,0
PRTG,0.4885698091819384,0.20724402736869343,0.04780763785429192,0.6110515734522042,0.1675524687610065,0.9104494215118069,0.0,0.0,0.0,0.0,0.0,1.0,0.0,0.0,0
HSPG2,0.5085962592102777,0.14296260778896583,0.6054208412641726,0.8572519355301976,0.8131474842408076,0.7673875488312805,0.8265834905714929,0.0,0.0,0.0,1.0,0.0,0.0,0.0,0
PTRHD1,0.4813905157755526,0.31372772868765747,0.0,0.0,0.0,0.9301787237458499,0.0,0.0,0.0,0.0,0.0,0.0,0.0,0.0,0
SLC39A7,0.6425467598715284,0.38544344742029507,0.0,0.8478740602366739,0.6564421019342893,0.0,0.0,0.0,0.0,0.0,0.0,0.0,0.0,0.0,0
FHL2,0.7007368222180238,0.2973780548134956,0.11319883453197056,0.0,0.8032305963883315,0.726097038738211,0.0,1.0,0.0,0.0,0.0,0.0,0.0,0.0,0
NCOA1,0.6291328169280181,0.3159424922559384,0.03626200586940015,0.6333057280347044,0.12249166134592733,0.0,0.0,0.0,0.0,0.0,0.0,0.0,0.0,0.0,0
HDAC5,0.541847723408275,0.2501723862365001,0.04111437942907782,0.6839077410831194,0.0,0.0,0.0,0.0,1.0,0.0,0.0,0.0,0.0,0.0,0
PRR5,0.5890799168713394,0.12960705071123574,0.07576721033609127,0.0,0.0,0.7297285289879348,0.0,0.0,0.0,0.0,0.0,0.0,0.0,0.0,0
GAK,0.7181182694124315,0.21288824957569386,0.9321533641101595,0.8730427134822366,0.9091117101845373,0.9272920788208651,0.9400679425420915,0.0,0.0,0.0,0.0,0.0,0.0,0.0,0
TMEM63B,0.9351974305686757,0.41010571500331067,0.715814565162372,0.9132731535353598,0.805013208789874,0.8515396966193441,0.9386540788651726,0.0,0.0,0.0,0.0,0.0,0.0,0.0,0
RNF215,0.6287549593803137,0.16195629837660108,0.03207506090153499,0.1350425309179344,0.2791902697594515,0.7861770609393981,0.0,0.0,0.0,0.0,0.0,0.0,0.0,0.0,0
RPL13A,0.7961458530134139,0.36085576637669253,0.08186310764240275,0.0,0.024521198629344595,0.0,0.0,0.0,0.0,0.0,0.0,0.0,0.0,0.0,0
RCL1,0.8671830719818628,0.2781469050391579,0.03810026229956527,0.19567565518435517,0.40389022896565435,0.0,0.0,0.0,0.0,0.0,0.0,0.0,0.0,0.0,0
HSPBAP1,0.7048932552427736,0.3539557503938626,0.0,0.23164295249662556,0.0,0.0,0.0,0.0,0.0,0.0,0.0,0.0,0.0,0.0,0
KCNK5,0.9351974305686757,0.4090843360656361,0.06540739828110434,0.43388109160273436,0.0930690821929975,0.7266803350845842,0.0,0.0,0.0,0.0,0.0,0.0,0.0,0.0,0
NOC3L,0.030039675042508984,0.22041692353357534,0.06313918471066009,0.035353939870755295,0.0531914656753212,0.0,0.0,0.0,0.0,0.0,1.0,0.0,0.0,0.0,0
AMPD3,0.5006612507084829,0.2525150124437747,0.08774051762223974,0.9479750890938712,0.32384950259427336,0.9447748035023263,0.7078138323454674,0.0,0.0,0.0,1.0,1.0,0.0,0.0,0
LIG3,0.9351974305686757,0.2924568653865181,0.0,0.0,0.0,0.0,0.7688878004106162,0.0,0.0,0.0,0.0,0.0,0.0,0.0,0
IL18R1,0.7007368222180238,0.2967311307471593,0.06031790752949203,0.04686863430222216,0.3903567501060422,0.0,0.0,0.0,0.0,0.0,0.0,0.0,0.0,0.0,0
CASD1,0.5416587946344229,0.3980500947553486,0.0381100162106881,0.0649639566463269,0.0,0.0,0.0,0.0,0.0,0.0,0.0,0.0,0.0,0.0,0
MCM3,0.7071604005290006,0.41075568341819446,0.03794557833212225,0.7759171745758553,0.26720858937676384,0.8375506417460559,0.0,0.0,0.0,0.0,0.0,0.0,0.0,0.0,0
FAM169A,0.5505384470054789,0.25239171632760227,0.0,0.0,0.9195753222141281,0.0,0.0,0.0,0.0,0.0,0.0,0.0,0.0,0.0,0
KIAA1522,0.6062724352918949,0.2221141478487872,0.037767862139210254,0.4896348533359025,0.19679805907921266,0.575744283264055,0.5242213401943238,0.0,0.0,0.0,0.0,0.0,0.0,0.0,0
TSSK3,0.6062724352918949,0.22075332404807022,0.0,0.7636987962364941,0.0,0.0,0.0,0.0,0.0,0.0,0.0,0.0,0.0,0.0,0
MAL,0.7007368222180238,0.3253343075248685,0.0,0.6166694018049508,0.0,0.0,0.0,0.0,0.0,0.0,0.0,0.0,0.0,0.0,0
DERL1,0.9351974305686757,0.9101704074099444,0.0,0.0,0.0,0.7512743151738294,0.0,0.0,0.0,0.0,0.0,0.0,0.0,0.0,0
PLEKHG2,0.9351974305686757,0.43136744525880766,0.04090345419985008,0.0,0.5061648026886975,0.0,0.8492946002747244,0.0,0.0,0.0,0.0,0.0,0.0,0.0,0
EP400,0.48573587757415454,0.2968772594774376,0.39621960165825165,0.7511667493662675,0.9194139089296589,0.9472111377809634,0.9591582549840505,0.0,0.0,0.0,0.0,0.0,0.0,0.0,0
LRRC58,0.5571509540903079,0.3495810215311551,0.0,0.9046459947346852,0.0,0.94686049118139,0.0,0.0,0.0,0.0,0.0,0.0,0.0,0.0,0
CDK12,0.9351974305686757,0.612825840430471,0.03774021213389099,0.061891706827016446,0.0365270063928217,0.0,0.9381183176436755,0.0,0.0,0.0,0.0,0.0,0.0,0.0,0
SIN3A,0.9351974305686757,0.27015244575351427,0.037726698302384676,0.0,0.032220190694645205,0.7637984730706909,0.9504185320208277,0.0,0.0,0.0,0.0,0.0,0.0,0.0,0
RTCB,0.6408464009068582,0.1441483815482033,0.03145780828040142,0.05168038866799806,0.6695430749252934,0.9364864083317574,0.0,0.0,0.0,0.0,0.0,0.0,0.0,0.0,0
ARIH1,0.9351974305686757,0.2810603465990821,0.0,0.0,0.8444863269339858,0.0,0.8464661559176082,0.0,0.0,1.0,0.0,0.0,0.0,0.0,0
RASA3,0.9351974305686757,0.2312654595824677,0.70666234114146,0.811566147170575,0.807737659362583,0.7342900393937921,0.799539376071121,0.0,0.0,0.0,0.0,0.0,0.0,0.0,0
DPM1,0.9351974305686757,0.6213454498405526,0.0,0.0,0.0,0.9449300477990688,0.0,0.0,0.0,0.0,0.0,1.0,0.0,0.0,0
RSF1,0.9351974305686757,0.48628140435798506,0.0,0.9304995213778472,0.0,0.9430608321054983,0.0,0.0,0.0,0.0,0.0,0.0,0.0,0.0,0
TMEM60,0.9351974305686757,0.4071968399662078,0.0,0.0,0.0,0.9217045546913347,0.0,0.0,0.0,0.0,0.0,0.0,0.0,0.0,0
AREG,0.7978462119780843,0.3009262430455663,0.03615843803316094,0.43529882854563157,0.0,0.0,0.0,0.0,0.0,0.0,0.0,0.0,0.0,0.0,0
MDM1,0.9351974305686757,0.42681309983179977,0.030374168957612795,0.0,0.0684377542517543,0.9496730735903577,0.0,0.0,0.0,0.0,1.0,0.0,0.0,0.0,0
PLBD2,0.5104855469488003,0.2994558226971406,0.0,0.0,0.0,0.0,0.8872674639234706,0.0,0.0,0.0,0.0,0.0,0.0,0.0,0
BAZ2A,0.44322690345739657,0.31938565046312156,0.030925690459990815,0.05816704739211962,0.03934404405725562,0.9004764033595658,0.0,0.0,0.0,0.0,0.0,0.0,0.0,0.0,0
ATP8B1,0.7264311354619308,0.23662046867745873,0.0982971646196654,0.2645091833153872,0.0,0.5824568663068055,0.0,0.0,0.0,0.0,1.0,0.0,0.0,0.0,0
EIF3J,0.8216512374834687,0.19109071397584318,0.0,0.0,0.48645087549878174,0.0,0.9427475198727073,0.0,0.0,0.0,0.0,1.0,0.0,0.0,0
DDX59,0.7169846967693179,0.8999139971535348,0.0,0.0,0.0,0.885716839060509,0.0,0.0,0.0,0.0,0.0,0.0,0.0,0.0,0
AFTPH,0.5106744757226525,0.3387918502789385,0.0,0.0,0.0,0.0,0.8073898198822905,0.0,0.0,0.0,0.0,0.0,0.0,0.0,0
ZC3H14,0.5611184583412054,0.23603595375634556,0.04694847689955621,0.8294251691269193,0.0,0.0,0.8315111384943138,0.0,0.0,0.0,0.0,0.0,0.0,0.0,0
CPNE3,0.9351974305686757,0.8394136584697588,0.0,0.0,0.0,0.0,0.8692455689942512,0.0,0.0,0.0,0.0,0.0,0.0,0.0,0
SOCS6,0.5767995465709428,0.2294281952340722,0.05410903827902927,0.5407789018167488,0.0,0.0,0.9127456584775282,0.0,0.0,0.0,0.0,1.0,0.0,0.0,0
TPR,0.7895333459285849,0.876099580640988,0.0,0.0,0.0,0.9237668195022111,0.0,0.0,0.0,0.0,0.0,1.0,0.0,0.0,0
LARS2,0.4332136784432269,0.20377499219885664,0.017584438481354107,0.10723360932180098,0.049506816056481696,0.0,0.0,0.0,0.0,0.0,0.0,0.0,0.0,0.0,0
HPSE,0.541847723408275,0.23789148419602557,0.05718205550866506,0.10019854607518103,0.28873534316934485,0.0,0.0,0.0,0.0,0.0,0.0,0.0,0.0,0.0,0
ZNF561,0.8216512374834687,0.31558934782443243,0.0,0.9501135533909939,0.0,0.9172563391025299,0.0,0.0,0.0,0.0,0.0,0.0,0.0,0.0,0
TRPV2,0.6376346117513697,0.0573509601114226,0.0,0.0,0.0,0.7682740444936751,0.0,0.0,0.0,1.0,0.0,0.0,0.0,0.0,0
DHX34,0.7339882864160212,0.32392934067021334,0.04856265179084927,0.0,0.0,0.0,0.7882365326677374,0.0,0.0,0.0,0.0,0.0,0.0,0.0,0
RPL9,0.7273757793311921,0.22686942027992785,0.0,0.9101170342465296,0.0,0.8310215900746534,0.0,0.0,0.0,0.0,0.0,0.0,0.0,0.0,0
PI4KA,0.5830341961080672,0.1557336499455822,0.0,0.0,0.0,0.0,0.9132375609805379,0.0,0.0,0.0,0.0,0.0,0.0,0.0,0
ZFYVE28,0.7107500472321935,0.2117801067044165,0.6694024045244037,0.8225559483493692,0.8367972416954773,0.8774945488383933,0.33326038689217197,0.0,0.0,0.0,0.0,0.0,0.0,0.0,0
ADAM22,0.5416587946344229,0.40161654907870403,0.06662084870760199,0.06068286788576837,0.5099767874964282,0.0,0.0,0.0,0.0,0.0,0.0,0.0,1.0,0.0,0
RPL35,0.5031173247685623,0.28287934485619254,0.0,0.0,0.0,0.7525840664705851,0.0,0.0,0.0,0.0,0.0,0.0,0.0,0.0,0
BCKDHB,0.7098054033629322,0.22701250466165862,0.033745184609462194,0.040778177821755135,0.036432173902174105,0.0,0.0,0.0,0.0,0.0,0.0,1.0,0.0,0.0,0
ZKSCAN1,0.7286982807481579,0.39794049820763977,0.028885540946830757,0.36163862412784914,0.0,0.0,0.7288881577895382,0.0,0.0,0.0,0.0,0.0,0.0,0.0,0
SLC30A7,0.5048176837332325,0.21683981399030372,0.0,0.0,0.12788719465980133,0.0,0.0,1.0,0.0,0.0,0.0,0.0,0.0,0.0,0
SIPA1L2,0.803514075193652,0.8938511770212575,0.036048148989333305,0.0,0.0,0.912887606938194,0.0,0.0,0.0,0.0,0.0,0.0,0.0,0.0,0
ZER1,0.49707160400529,0.2733931547822909,0.03132841875457537,0.0,0.8342522457036466,0.9549747614281924,0.0,0.0,0.0,0.0,0.0,1.0,0.0,0.0,0
RPS15A,0.698658605705649,0.6131196200653017,0.0,0.0,0.0,0.7901391704732155,0.0,0.0,0.0,0.0,0.0,0.0,0.0,0.0,0
DALRD3,0.05138862648781409,0.18356051784368782,0.030119257067418064,0.4089232285272766,0.0,0.0,0.0,0.0,0.0,0.0,0.0,0.0,0.0,0.0,0
HIC2,0.5830341961080672,0.1557336499455822,0.9473028419396496,0.7644042831290454,0.8782895735148265,0.7123919342069054,0.8796849556697683,0.0,0.0,0.0,0.0,1.0,0.0,0.0,0
APPL2,0.6648403551860949,0.30794803297029477,0.0,0.0,0.0,0.7763737772650814,0.0,0.0,0.0,0.0,0.0,1.0,0.0,0.0,0
PPP2R5C,0.9348195730209711,0.2725711806744754,0.2771146051290384,0.7977906805069909,0.8967376737633076,0.9653079495251894,0.8345738502471842,0.0,0.0,0.0,1.0,0.0,0.0,0.0,0
POGZ,0.9129038352541092,0.8989854708465578,0.028618238204846935,0.06730500902506116,0.9534302011811314,0.0,0.9201234324273335,0.0,0.0,0.0,0.0,0.0,0.0,0.0,0
EWSR1,0.9351974305686757,0.16459727074152716,0.0,0.0,0.0,0.0,0.7956565096517952,0.0,0.0,0.0,1.0,0.0,0.0,0.0,0
TIPIN,0.9351974305686757,0.26143799803639517,0.03557685123446236,0.16052028611124852,0.4846124881378879,0.8600039092967136,0.0,0.0,0.0,0.0,0.0,0.0,0.0,0.0,0
TMED9,0.6438692612884942,0.36510872129750144,0.04092223439573044,0.04634543282543637,0.0,0.8556314264517363,0.8669842813746962,0.0,0.0,0.0,0.0,0.0,0.0,0.0,0
ACTL6A,0.9351974305686757,0.48521131584355115,0.04681073690330949,0.0,0.1363799406569743,0.0,0.0,0.0,0.0,0.0,0.0,0.0,0.0,0.0,0
TWSG1,0.6924239561685244,0.2673729555296786,0.0,0.0,0.0,0.0,0.8971061854476682,0.0,0.0,0.0,0.0,0.0,0.0,0.0,0
CDC40,0.9351974305686757,0.2442222070004794,0.0,0.0,0.0,0.0,0.8673813550327013,0.0,0.0,0.0,0.0,0.0,0.0,0.0,0
MFSD6,0.920838843755904,0.29477513680541284,0.028298129447260064,0.0,0.035937384845702115,0.0,0.9001869274865305,0.0,0.0,0.0,0.0,0.0,0.0,0.0,0
ARL8B,0.6245985263555639,0.33546742166510646,0.04827947588615741,0.0,0.06205953453597061,0.0,0.0,0.0,1.0,0.0,0.0,0.0,0.0,0.0,0
NEK7,0.7587379557906669,0.8898311147643306,0.025112241329572453,0.047695750398165884,0.33279325122186665,0.0,0.0,0.0,0.0,0.0,0.0,0.0,0.0,0.0,0
STRN,0.4823351596448139,0.3301276343128525,0.035840304194130986,0.08076432810852227,0.026822554420485156,0.0,0.0,0.0,0.0,0.0,0.0,0.0,0.0,0.0,0
PDCD6IP,0.5248441337615719,0.26706699850065835,0.0,0.0,0.811368133074354,0.0,0.8870031566419635,0.0,0.0,0.0,0.0,0.0,0.0,0.0,0
MSTO1,0.9351974305686757,0.8797817202091469,0.0,0.042858994745083055,0.9459216647119442,0.0,0.7632339770362833,0.0,0.0,0.0,1.0,1.0,0.0,0.0,0
SEPHS1,0.9351974305686757,0.44803220920763237,0.07928243823827176,0.26758168931269927,0.024520967912327444,0.0,0.0,0.0,0.0,0.0,0.0,1.0,0.0,0.0,0
NADSYN1,0.9351974305686757,0.49603854145261106,0.8570448700275602,0.866620836597709,0.8825833155924668,0.0,0.8897639088254369,0.0,0.0,0.0,1.0,0.0,0.0,0.0,0
SMARCC1,0.013980729265067021,0.1859883858102913,0.028207846706047566,0.5060854815827048,0.0,0.862741612207335,0.0,0.0,0.0,0.0,0.0,0.0,0.0,0.0,0
SKIV2L,0.6425467598715284,0.3823793106072713,0.0,0.0,0.9391915047219551,0.8427768980244312,0.8791722641121296,0.0,0.0,0.0,0.0,0.0,0.0,0.0,0
RHBDL3,0.9351974305686757,0.3043009034104315,0.0,0.0,0.4267307339718204,0.0,0.7757813996434578,0.0,0.0,0.0,0.0,0.0,0.0,0.0,0
UQCRFS1,0.9351974305686757,0.4295012595992116,0.0,0.6659695706535006,0.0,0.7331523935938057,0.0,0.0,0.0,0.0,0.0,0.0,0.0,0.0,0
USP40,0.47307764972605326,0.23252734205539194,0.8896615974229817,0.9591528133307341,0.9778386545163972,0.0,0.43840372287193097,0.0,0.0,0.0,1.0,0.0,0.0,0.0,0
ZNF692,0.7343661439637257,0.8741298871307778,0.0,0.5317922521354351,0.9660873185308936,0.9027616847879157,0.0,0.0,0.0,0.0,1.0,0.0,0.0,0.0,0
GART,0.6236538824863027,0.3378389691835818,0.0,0.0,0.0,0.9420181881278967,0.0,0.0,0.0,0.0,0.0,0.0,0.0,0.0,0
FOXA3,0.8583034196108067,0.3477726784939609,0.0,0.0,0.7604535976970482,0.0,0.5046650493800852,0.0,0.0,0.0,0.0,0.0,0.0,0.0,0
TADA3,0.5936142074437937,0.3380398961877146,0.0,0.0,0.0,0.877622379698273,0.0,0.0,0.0,0.0,1.0,0.0,0.0,0.0,0
TOB1,0.9351974305686757,0.5366684171670816,0.0,0.0,0.0,0.5273413820481232,0.0,0.0,0.0,0.0,0.0,0.0,0.0,0.0,0
KIAA0100,0.9351974305686757,0.4486304236972093,0.02680459673056494,0.020780803481470628,0.0,0.0,0.0,0.0,0.0,0.0,0.0,0.0,0.0,0.0,0
RNF168,0.7035707538258077,0.46547784855888164,0.03624284274986987,0.04640872384934416,0.44846894222524203,0.0,0.0,0.0,0.0,0.0,0.0,0.0,0.0,0.0,0
FAM172A,0.5558284526733421,0.27594736321361435,0.0,0.0,0.0,0.9178911877310977,0.0,0.0,0.0,0.0,0.0,0.0,0.0,0.0,0
ZNF267,0.9191384847912337,0.4077326453105617,0.041193637168478466,0.5725453835944386,0.0,0.0,0.0,0.0,0.0,0.0,0.0,0.0,0.0,0.0,0
FBXW8,0.48573587757415454,0.30260520126949336,0.0403166398321466,0.037980788883484246,0.028301647606845146,0.0,0.0,0.0,0.0,0.0,0.0,0.0,0.0,0.0,0
YEATS2,0.9351974305686757,0.46964708389463516,0.03715692728389147,0.04648693264787598,0.0,0.0,0.8606737587794975,0.0,0.0,0.0,0.0,1.0,0.0,0.0,0
IFT172,0.4813905157755526,0.32060491205638136,0.04549347922909933,0.0,0.17262047161024993,0.7667248869767921,0.0,0.0,0.0,0.0,0.0,0.0,0.0,0.0,0
BRD1,0.5254109200831287,0.13635941578951355,0.8020086898745362,0.7654574729278703,0.8553157225731756,0.9025178229400311,0.8401787494219595,0.0,0.0,0.0,0.0,0.0,0.0,0.0,0
ARF6,0.9351974305686757,0.33563181648666957,0.05432598516281576,0.05539951928322908,0.12119150554743009,0.0,0.0,0.0,0.0,0.0,0.0,1.0,0.0,0.0,0
ARGLU1,0.5682977517475911,0.20881947774200665,0.0,0.0,0.0,0.12569327423193294,0.0,0.0,0.0,0.0,1.0,0.0,0.0,0.0,0
ZNF689,0.7266200642357831,0.5958429420584366,0.08594502344225166,0.0911778902946085,0.1077973928421026,0.0,0.0,0.0,0.0,0.0,0.0,0.0,0.0,0.0,0
NTRK1,0.774230115246552,0.8810192478936917,0.0,0.0,0.6564345128886554,0.0,0.4969110730100418,0.0,0.0,0.0,0.0,0.0,0.0,0.0,0
HSPA1B,0.6425467598715284,0.3823793106072713,0.0,0.08803236566697244,0.0,0.0,0.0,0.0,0.0,0.0,0.0,1.0,0.0,0.0,0
MYL12A,0.7084829019459664,0.27648012420942075,0.0,0.0,0.0,0.0,0.7276749816566702,0.0,0.0,0.0,0.0,0.0,0.0,0.0,0
TMEM218,0.014169658038919314,0.06742775380353272,0.04295916275390459,0.0,0.0,0.0,0.0,0.0,0.0,0.0,0.0,0.0,0.0,0.0,0
BLMH,0.9351974305686757,0.3723847143259431,0.05216208272019528,0.18251168855293617,0.06915226413696658,0.0,0.0,0.0,0.0,1.0,0.0,0.0,0.0,0.0,0
BTAF1,0.5233327035707538,0.22609920009741916,0.02554493625646544,0.0,0.0,0.0,0.0,0.0,0.0,0.0,0.0,1.0,0.0,0.0,0
ATP2B4,0.9351974305686757,0.9280589994748499,0.1932312220264902,0.12014400001476049,0.22984364343540145,0.11691536693667337,0.9475619115524196,0.0,1.0,0.0,1.0,1.0,0.0,0.0,0
SIVA1,0.7640279614585301,0.2841442716776643,0.14795546056148093,0.0,0.5446505199755214,0.0,0.9926227937904601,0.0,0.0,0.0,1.0,0.0,0.0,0.0,0
SETD4,0.6722085773663329,0.34504342002115823,0.0,0.9280696847263027,0.0,0.8739989642527431,0.0,0.0,0.0,1.0,0.0,0.0,0.0,0.0,0
C1orf54,0.9351974305686757,0.9179182744632433,0.0,0.0,0.0,0.9261968768264922,0.6314873320770751,0.0,0.0,0.0,0.0,0.0,0.0,0.0,0
NR6A1,0.9351974305686757,0.2871490436940125,0.0,0.0,0.0,0.8460156737583595,0.0,0.0,0.0,1.0,0.0,0.0,0.0,0.0,0
SRBD1,0.4823351596448139,0.33463479233737475,0.041825683576460944,0.040358855966648954,0.0,0.0,0.0,0.0,0.0,0.0,0.0,0.0,0.0,0.0,0
RPA3,0.689212167013036,0.4265299754168855,0.0,0.9395294814594211,0.0,0.0,0.0,0.0,1.0,0.0,0.0,0.0,0.0,0.0,0
ITGA2B,0.541847723408275,0.24323583807110066,0.07567620872867623,0.7214559777972072,0.0,0.8744483753899641,0.706135916988859,0.0,0.0,0.0,0.0,0.0,0.0,0.0,0
HSPA9,0.6013602871717363,0.3078567025138708,0.03276786866303887,0.03199155711152283,0.08464312543849892,0.0,0.0,0.0,0.0,0.0,1.0,0.0,0.0,0.0,0
FAM222B,0.9351974305686757,0.46302258145535097,0.0,0.05374346231124093,0.1983717691434999,0.0,0.0,0.0,0.0,0.0,0.0,0.0,0.0,0.0,0
PTMA,0.05686756092952955,0.22818153450388529,0.050307708762440416,0.9374171003126159,0.0,0.0,0.0,0.0,1.0,0.0,0.0,0.0,0.0,0.0,0
INTS8,0.9351974305686757,0.8913380672953247,0.03269761949538735,0.4787598168256682,0.0,0.0,0.0,0.0,0.0,1.0,0.0,1.0,0.0,0.0,0
NOTCH2,0.9351974305686757,0.7941183186062977,0.014475299858133027,0.0,0.0,0.0,0.0,0.0,0.0,0.0,0.0,0.0,0.0,0.0,0
SRP72,0.9351974305686757,0.292269637950849,0.04743323581533986,0.048902084878902824,0.04430582814895236,0.0,0.0,0.0,0.0,0.0,0.0,0.0,0.0,0.0,0
PSMA5,0.6941243151331947,0.2614745302189647,0.031744352613649045,0.05682200071597505,0.09951083272295777,0.918496617892864,0.8518670749155289,0.0,0.0,0.0,0.0,0.0,0.0,0.0,0
DNTTIP1,0.8605705648970338,0.5402683593244593,0.0,0.0,0.0,0.9162362192763779,0.0,0.0,0.0,0.0,0.0,1.0,0.0,0.0,0
POLR3H,0.5590402418288305,0.12325501746694972,0.03305758367457422,0.7445814394135136,0.08737921768403277,0.7352489971669427,0.0,0.0,0.0,0.0,0.0,0.0,0.0,0.0,0
NDUFB4,0.5104855469488003,0.34734038100022074,0.04960681687455236,0.0,0.0,0.0,0.0,0.0,0.0,0.0,0.0,0.0,0.0,0.0,0
TOB2,0.5590402418288305,0.1250268283215745,0.0,0.0497941519853302,0.0,0.0,0.0,0.0,0.0,0.0,0.0,0.0,0.0,0.0,0
EIF2S2,0.9351974305686757,0.4976474796599465,0.04106179461920619,0.33233432914560124,0.10972012663141924,0.0,0.0,0.0,0.0,0.0,0.0,0.0,0.0,0.0,0
SEC24D,0.5911581333837144,0.22842812673623006,0.033837032684949954,0.021021208035760693,0.43818029888386784,0.8441921522435019,0.0,0.0,1.0,0.0,0.0,0.0,0.0,0.0,0
MRPL42,0.9351974305686757,0.33380672953246415,0.029247885405428775,0.0,0.04002954228362893,0.0,0.0,0.0,0.0,0.0,0.0,0.0,0.0,0.0,0
REEP5,0.546948800302286,0.28084572002648583,0.04357430197856835,0.032240121066567214,0.09430293644584578,0.9381644256076734,0.0,0.0,1.0,0.0,0.0,0.0,0.0,0.0,0
SPRY4,0.6606839221613452,0.30994969214025314,0.0,0.7907312453335203,0.0,0.5684000321915808,0.0,0.0,0.0,0.0,0.0,0.0,0.0,0.0,0
CFAP69,0.5416587946344229,0.4069654694766004,0.048898528066638,0.04542032409291368,0.04653860981553671,0.0,0.0,0.0,0.0,0.0,0.0,0.0,0.0,0.0,0
MYO5A,0.9351974305686757,0.24197243342390273,0.044482668422597904,0.0,0.3638269502846617,0.0,0.0,0.0,0.0,1.0,0.0,0.0,0.0,0.0,0
RCE1,0.9351974305686757,0.45975142894109944,0.04267780335399806,0.0,0.11595269741829804,0.0,0.8777352866711154,0.0,0.0,0.0,0.0,0.0,0.0,0.0,0
SLC46A2,0.557906669185717,0.2723565541018791,0.09914816264163033,0.0,0.8584368229476508,0.9780507999416362,0.0,0.0,0.0,0.0,0.0,1.0,0.0,0.0,0
TNRC18,0.689212167013036,0.42947994915937937,0.8017387900609011,0.8755128192749737,0.807107533816826,0.9598820321245952,0.9318667896655702,0.0,0.0,0.0,1.0,0.0,0.0,0.0,0
WWTR1,0.8344983941054223,0.43456248905937234,0.0,0.0,0.0,0.9500688484822601,0.0,0.0,0.0,0.0,0.0,0.0,0.0,0.0,0
APOF,0.44322690345739657,0.320413118097891,0.0,0.0,0.9320953805548752,0.0,0.8143599299637382,0.0,0.0,0.0,0.0,0.0,0.0,0.0,0
AHCYL2,0.9351974305686757,0.4015739281990396,0.03416866507839327,0.05861847251526268,0.43394069066862423,0.8785263150464557,0.7126025916571708,0.0,0.0,1.0,1.0,0.0,0.0,0.0,0
TMEM64,0.9351974305686757,0.8610574544679622,0.0,0.0,0.0,0.7959433787892667,0.0,0.0,0.0,0.0,0.0,0.0,0.0,0.0,0
MLEC,0.48573587757415454,0.29982571104565764,0.02851715719660019,0.0,0.041386415311396293,0.0,0.7711391955605801,0.0,0.0,0.0,0.0,0.0,0.0,0.0,0
PPRC1,0.6516153410164368,0.22118866589035782,0.03073744953948893,0.04183046768017541,0.0,0.9244005713638557,0.7934217094904792,0.0,0.0,0.0,0.0,0.0,0.0,0.0,0
MEN1,0.5815227659172492,0.27692307692307694,0.039542129456958404,0.37722645839639196,0.888173804139812,0.9378263433196213,0.0,0.0,0.0,0.0,0.0,0.0,0.0,0.0,0
KLHL5,0.7273757793311921,0.22083247711030435,0.04056477423563774,0.05938834970455472,0.0,0.0,0.0,0.0,0.0,0.0,0.0,0.0,1.0,0.0,0
FAM160B1,0.7515586623842812,0.2204641109360611,0.04634667677313048,0.03125989821200901,0.03009671572280308,0.0,0.8128852903949585,0.0,0.0,0.0,0.0,0.0,0.0,0.0,0
P4HTM,0.05138862648781409,0.18356051784368782,0.0,0.8760701803850027,0.0,0.9075105969724396,0.8966534495885085,0.0,0.0,0.0,0.0,0.0,0.0,0.0,0
LUC7L,0.7370111467976572,0.5975158115852687,0.019479847811465847,0.032575661329815785,0.9180850541714454,0.9445128686875542,0.9736180530090475,0.0,0.0,0.0,0.0,0.0,0.0,0.0,0
ST3GAL5,0.750047232193463,0.34144195568950686,0.0,0.37402053737802826,0.0,0.0,0.0,0.0,0.0,0.0,1.0,0.0,0.0,0.0,0
HAL,0.653882486302664,0.32768302242923797,0.0,0.9440377861948379,0.0,0.9122384699817918,0.0,0.0,0.0,0.0,0.0,0.0,0.0,0.0,0
MED4,0.02852824485169092,0.0964175628467703,0.03897617199279063,0.0,0.12014625157755272,0.0,0.0,0.0,0.0,0.0,0.0,0.0,0.0,0.0,0
TMEM106B,0.711127904779898,0.42754069913464393,0.020416894681002457,0.03318979761784793,0.040632199260914124,0.0,0.0,0.0,0.0,0.0,0.0,1.0,0.0,0.0,0
VPS8,0.6914793122992632,0.4635035885258504,0.05045413123791844,0.33786443202482563,0.04960129704944522,0.0,0.0,0.0,0.0,0.0,0.0,0.0,0.0,0.0,0
AKAP11,0.5433591535990931,0.10481387614067936,0.036402721245695616,0.14998887691172844,0.5022347891692961,0.0,0.0,0.0,1.0,0.0,0.0,0.0,0.0,0.0,0
RPS27L,0.9351974305686757,0.24962288132368274,0.0339441663676609,0.05373743618317557,0.02767180653369167,0.0,0.0,0.0,1.0,0.0,0.0,0.0,0.0,0.0,0
CAPN15,0.7370111467976572,0.5975158115852687,0.9242612476633326,0.8107964890885175,0.9285383247618376,0.930189377097201,0.7786232162877451,0.0,0.0,0.0,0.0,1.0,0.0,0.0,0
GGA2,0.698658605705649,0.5957881437845822,0.02557823923269236,0.03548538123829286,0.6242672734179301,0.0,0.0,0.0,0.0,0.0,0.0,0.0,0.0,0.0,0
FBF1,0.7415454373701115,0.49038975272278945,0.03273773212430729,0.07958994536127115,0.0,0.9335161153529381,0.0,0.0,0.0,0.0,0.0,0.0,0.0,0.0,0
C8orf33,0.9351974305686757,0.8050079533605812,0.06524023704481395,0.0,0.7958181264159797,0.0,0.0,0.0,0.0,0.0,0.0,0.0,0.0,0.0,0
IFITM2,0.4813905157755526,0.2320372019392501,0.0,0.0,0.9452931904153868,0.19006867740173633,0.0,0.0,0.0,0.0,0.0,0.0,0.0,0.0,0
EXOC3,0.9210277725297562,0.4954738147970563,0.9068892525424083,0.9271599709279226,0.0,0.9511761432872093,0.9033606797555048,0.0,0.0,0.0,0.0,0.0,0.0,0.0,0
ZFAND2B,0.5184205554505952,0.254562336841945,0.029986863201433307,0.07866929060556092,0.38796224185314077,0.0,0.8150929000035377,0.0,0.0,0.0,0.0,0.0,0.0,0.0,0
KLHL24,0.9351974305686757,0.46964708389463516,0.06132296018861187,0.059435561350703936,0.7688422972665204,0.0,0.0,0.0,0.0,0.0,0.0,0.0,1.0,0.0,0
PUM1,0.49499338749291516,0.18818183893874013,0.03870960522548634,0.024620361223455695,0.0,0.0,0.0,0.0,0.0,0.0,0.0,1.0,0.0,0.0,0
HSCB,0.9351974305686757,0.15803822179601337,0.0,0.0,0.0,0.0,0.8988583200752336,0.0,0.0,0.0,0.0,0.0,0.0,0.0,0
PINK1,0.02815038730398639,0.13061777442899444,0.05507284196712572,0.0,0.10872585030318106,0.0,0.8163168539033201,0.0,0.0,0.0,0.0,0.0,0.0,0.0,0
GAPDH,0.9293406385792556,0.3979648529960195,0.03939536307383502,0.0,0.6172800579543867,0.0,0.0,0.0,0.0,0.0,0.0,1.0,0.0,0.0,0
CYB561A3,0.9351974305686757,0.3332937568022163,0.0,0.0,0.0,0.941280613054867,0.0,0.0,0.0,0.0,0.0,0.0,0.0,0.0,0
DTX3L,0.7048932552427736,0.35265429138982124,0.0,0.0,0.0,0.0,0.642233632078786,0.0,0.0,0.0,0.0,0.0,0.0,0.0,0
SLC1A2,0.9351974305686757,0.39189594416664775,0.0,0.0,0.8202989098552717,0.40698530566333263,0.0,0.0,0.0,0.0,0.0,0.0,0.0,0.0,0
GABPA,0.6797657283204233,0.31947698091954546,0.0,0.0,0.0,0.0,0.9382404760799916,0.0,0.0,0.0,0.0,1.0,0.0,0.0,0
CNIH1,0.5624409597581712,0.29030451096346016,0.022649709118815572,0.0,0.03604120249884628,0.8847331020436535,0.0,0.0,0.0,0.0,0.0,1.0,0.0,0.0,0
SMARCD1,0.07122614774230113,0.31400780875402423,0.02567898604854301,0.06930186947143491,0.048378290108025995,0.0,0.1535994559605972,0.0,0.0,0.0,0.0,0.0,0.0,0.0,0
MVK,0.5127526922350274,0.3049569605224102,0.0,0.0,0.0,0.0,0.5330160230224196,0.0,0.0,0.0,0.0,0.0,0.0,0.0,0
ZNF469,0.5392027205743435,0.012433119467847809,0.5708340704892343,0.7431545480392351,0.7698891761307742,0.8412086856262645,0.9302666236008685,0.0,0.0,0.0,0.0,1.0,0.0,0.0,0
ZNF778,0.5392027205743435,0.012388976413909514,0.9969397456862258,0.97011247734019,0.0,0.8488106012783031,0.0,0.0,0.0,0.0,0.0,0.0,0.0,0.0,0
PDIK1L,0.4502172680899301,0.14022726061906834,0.04925574758430744,0.09712083152226227,0.45451205397475875,0.0,0.0,0.0,0.0,0.0,0.0,0.0,0.0,0.0,0
GM2A,0.6363121103344039,0.3101019095676264,0.04477875803532512,0.02996334876168756,0.0,0.0,0.0,0.0,0.0,0.0,0.0,0.0,0.0,0.0,0
STX2,0.48573587757415454,0.2978895053694698,0.15922898503759977,0.0,0.10059629970947709,0.8741489612649073,0.7681203123529546,0.0,0.0,0.0,0.0,1.0,0.0,0.0,0
ALCAM,0.5837899112034763,0.36680898996126066,0.040535308600924275,0.050262898666675625,0.05394256931317998,0.0,0.0,0.0,0.0,0.0,0.0,0.0,0.0,0.0,0
GSPT1,0.7664840355186094,0.6186999109528053,0.017791400104626057,0.0,0.20022274748058036,0.0,0.0,0.0,0.0,0.0,1.0,0.0,0.0,0.0,0
SNAP29,0.5830341961080672,0.1557336499455822,0.0,0.0,0.0,0.0,0.8370297950272374,0.0,0.0,0.0,0.0,0.0,0.0,0.0,0
TP53BP2,0.791800491214812,0.8987738886225085,0.033650988283400886,0.08641507803275639,0.1878712520078219,0.4501325482172419,0.0,0.0,0.0,0.0,0.0,1.0,0.0,0.0,0
CDK8,0.8781409408652938,0.1956176602659238,0.03250835265768313,0.05895055182129899,0.0,0.0,0.0,0.0,0.0,0.0,0.0,0.0,0.0,0.0,0
DERA,0.9351974305686757,0.36935558752121533,0.02508002260219534,0.07194241596080221,0.028748522537329686,0.0,0.9279441312537524,0.0,0.0,1.0,0.0,1.0,0.0,0.0,0
IFT140,0.9351974305686757,0.6055178817422809,0.5148528221181454,0.9458559830363983,0.898711247780473,0.9943304561994042,0.9150804780122777,0.0,0.0,0.0,0.0,0.0,0.0,0.0,0
SLC25A40,0.5416587946344229,0.4037415043648348,0.0,0.2816859422174461,0.0,0.8042026432821302,0.0,0.0,0.0,0.0,0.0,0.0,0.0,0.0,0
STAMBPL1,0.5208766295106745,0.21720665799027328,0.03236624127601229,0.05175913829579179,0.6952634409611647,0.0,0.0,0.0,0.0,0.0,0.0,1.0,0.0,0.0,0
CDK19,0.9351974305686757,0.243444375946602,0.03336531400392634,0.4472604118488853,0.44184638432020595,0.9248806120207932,0.0,0.0,0.0,0.0,0.0,0.0,0.0,0.0,0
PTPRA,0.6858114490836955,0.4238524708693898,0.035721987483637765,0.776152898506485,0.3116783179706468,0.9326443243075889,0.0,0.0,0.0,0.0,0.0,0.0,0.0,0.0,0
ARHGEF12,0.018326091063668976,0.060290278634000605,0.0340601769225527,0.0,0.09205245995553014,0.0,0.4331596440676223,0.0,0.0,0.0,0.0,0.0,0.0,0.0,0
COG5,0.6153410164368034,0.38040200622569276,0.0,0.0,0.0,0.8413268635687121,0.0,0.0,0.0,0.0,0.0,0.0,0.0,0.0,0
TRIM24,0.8074815794445493,0.3968490992533735,0.026936254718968596,0.6222248172947751,0.0,0.0,0.0,0.0,0.0,0.0,0.0,0.0,0.0,0.0,0
MSH3,0.5505384470054789,0.2626694370238448,0.0,0.0,0.0,0.0,0.9505314664836868,0.0,0.0,0.0,0.0,0.0,0.0,0.0,0
UBQLN4,0.9351974305686757,0.8860698221339364,0.06899249817228846,0.0544230473409109,0.0,0.7982034322395952,0.0,0.0,0.0,0.0,0.0,0.0,0.0,0.0,0
PYROXD1,0.9351974305686757,0.39120335487209934,0.0975699766532066,0.1983995225156407,0.03932842595450147,0.0,0.0,0.0,0.0,0.0,0.0,0.0,0.0,0.0,0
SH3PXD2B,0.9351974305686757,0.3577809743437526,0.047778717757272535,0.40145439806651667,0.39495998478505195,0.8065431121649328,0.0,0.0,0.0,1.0,0.0,0.0,0.0,0.0,0
CSNK1G3,0.670130360853958,0.28797710649892305,0.04308980970103838,0.5137113386215281,0.0,0.0,0.8229406289330058,0.0,0.0,1.0,0.0,1.0,0.0,0.0,0
CLPB,0.9351974305686757,0.37222336385292754,0.032035657129813336,0.22905270662214455,0.32746403436007726,0.802771938176764,0.0,0.0,0.0,0.0,0.0,0.0,0.0,0.0,0
ERI1,0.8949556017381447,0.0935391312951421,0.02873799004779372,0.0,0.0,0.0,0.0,0.0,0.0,0.0,0.0,0.0,0.0,0.0,0
SAR1A,0.9351974305686757,0.2777785388649146,0.0507211876445347,0.05457342064737411,0.7513262167994444,0.8246262958507568,0.9445304156584341,0.0,0.0,0.0,0.0,0.0,0.0,0.0,0
MRPS33,0.8074815794445493,0.39750058984253117,0.03309173152617897,0.044444480014887315,0.0,0.0,0.0,0.0,0.0,0.0,0.0,0.0,0.0,0.0,0
GNL1,0.8938220290950312,0.3896720475527243,0.0458831098265327,0.7251854211722677,0.0,0.9040960308179208,0.0,0.0,0.0,0.0,0.0,0.0,0.0,0.0,0
SCAF4,0.7166068392216134,0.32722028145002324,0.032604118394241294,0.47273917806312993,0.042313561112417165,0.0,0.0,0.0,0.0,0.0,0.0,0.0,0.0,0.0,0
FUT8,0.5607406007935009,0.23632821121690228,0.0,0.9029954403006928,0.0,0.9131989757464093,0.0,0.0,1.0,0.0,0.0,0.0,0.0,0.0,0
SCARF1,0.4496504817683733,0.0458144012908035,0.5899010715909261,0.7101333566990167,0.7544833629725147,0.5549783135707811,0.8515103412504103,0.0,0.0,0.0,0.0,0.0,0.0,0.0,0
MIEF1,0.4948044587190629,0.12743338584834568,0.030106145756528327,0.1765921647495624,0.0,0.8746105332587796,0.0,0.0,0.0,0.0,0.0,0.0,0.0,0.0,0
PPP1R9A,0.629699603249575,0.40474766155977204,0.053334057561407945,0.7333002623943738,0.10474516162490828,0.0,0.9323302655345908,0.0,0.0,0.0,0.0,0.0,0.0,0.0,0
TRPV1,0.8422444738333649,0.04939912170544386,0.903878095450787,0.9737410788264521,0.836922495614377,0.0,0.8146443372327358,0.0,0.0,0.0,0.0,0.0,0.0,0.0,0
MFAP3,0.6589835631966748,0.3134415599241957,0.0,0.0,0.0,0.0,0.9403836240361199,0.0,0.0,0.0,0.0,0.0,0.0,0.0,0
PLXND1,0.698658605705649,0.3703769664588899,0.07384598360738451,0.5608910260917607,0.0,0.7915580428476359,0.0,0.0,0.0,0.0,0.0,0.0,0.0,0.0,0
WWP2,0.52635556395239,0.02650714280277927,0.05116015952117907,0.6697138927582216,0.042991050100700354,0.0,0.0,0.0,0.0,0.0,1.0,0.0,0.0,0.0,0
PRKRIP1,0.5739656149631589,0.37670616708907,0.030103934968895685,0.08879546247633976,0.046818360961685755,0.0,0.5012845236266761,0.0,0.0,0.0,0.0,0.0,0.0,0.0,0
ELL2,0.5558284526733421,0.28021097335433937,0.0,0.23224741618604522,0.0,0.0,0.0,0.0,0.0,0.0,0.0,0.0,0.0,0.0,0
MEGF9,0.49499338749291516,0.2741907741017269,0.0649721249461163,0.12159363016232295,0.25687752096602967,0.0,0.0,0.0,0.0,0.0,0.0,1.0,0.0,0.0,0
PRELID2,0.6606839221613452,0.3084427396092579,0.06327877683460528,0.10279296203981665,0.4264960682378863,0.0,0.0,0.0,0.0,0.0,0.0,0.0,0.0,0.0,0
HLA-F,0.9351974305686757,0.38909209915443216,0.0,0.8679414478048688,0.8261634016588993,0.0,0.0,0.0,0.0,0.0,0.0,0.0,0.0,0.0,0
UNC50,0.7007368222180238,0.31163473906127515,0.0,0.0,0.8232019154962188,0.0,0.6863392950125561,0.0,0.0,0.0,0.0,0.0,0.0,0.0,0
PRKCI,0.9351974305686757,0.4900137756771775,0.08300087618187556,0.05705830662357703,0.052613519508160816,0.0,0.8219517053312767,0.0,0.0,0.0,0.0,0.0,0.0,0.0,0
ZBTB11,0.6043831475533723,0.36511785434314376,0.0,0.0,0.0,0.840562367083269,0.0,0.0,0.0,0.0,1.0,0.0,0.0,0.0,0
GAPVD1,0.9351974305686757,0.293077912490201,0.0312804520393486,0.029125139375368047,0.0,0.0,0.0,0.0,1.0,0.0,0.0,0.0,0.0,0.0,0
TMEM138,0.9351974305686757,0.3332937568022163,0.0,0.0,0.0,0.0,0.8979482137167626,0.0,0.0,0.0,1.0,0.0,0.0,0.0,0
ENDOD1,0.9351974305686757,0.15895304853452677,0.07032807631689056,0.9391360988236126,0.5412267151720922,0.0,0.737573849428387,0.0,0.0,0.0,0.0,0.0,0.0,0.0,0
ASH2L,1.0,0.7749663218941938,0.028255667051334754,0.0,0.0341699163640637,0.0,0.0,0.0,0.0,0.0,0.0,0.0,0.0,0.0,0
RER1,0.0253164556962025,0.15959540607804193,0.937157547877274,0.7724571069596036,0.9028343116076487,0.9303312913226319,0.9211082867773587,0.0,0.0,0.0,0.0,0.0,0.0,0.0,0
TTLL1,0.6672964292461742,0.13319785982297108,0.05033957893545025,0.09224745425591158,0.2694282393247091,0.0,0.0,0.0,0.0,0.0,1.0,0.0,0.0,0.0,0
GUK1,0.7320989986774986,0.8883241622333341,0.03913343351640638,0.0,0.2704101315764503,0.0,0.7644625196402198,0.0,0.0,0.0,0.0,0.0,0.0,0.0,0
PPP2R3A,0.5582845267334215,0.3855180339597081,0.03765631521246988,0.3489087623319658,0.09033271461431917,0.0,0.0,0.0,0.0,0.0,0.0,0.0,0.0,0.0,0
PDIA5,0.7048932552427736,0.3562511891986514,0.03437064915860571,0.0,0.26124238677407097,0.0,0.8502362050528055,0.0,0.0,0.0,0.0,0.0,0.0,0.0,0
CD2BP2,0.7266200642357831,0.598310386556157,0.0,0.0,0.0,0.4157564500171013,0.0,0.0,0.0,0.0,0.0,0.0,0.0,0.0,0
ZNF304,0.8265633856036274,0.37588571515552816,0.0,0.0,0.0,0.0,0.9211998752866133,0.0,0.0,0.0,1.0,0.0,0.0,0.0,0
ZNF644,0.5919138484791233,0.2337131158146296,0.04426561813391259,0.05013589580737879,0.042827421611370854,0.46207762295806853,0.0,0.0,0.0,0.0,0.0,0.0,0.0,0.0,0
HLA-B,0.6425467598715284,0.3823793106072713,0.0,0.6077813584326205,0.0,0.0,0.0,0.0,0.0,0.0,0.0,0.0,0.0,0.0,0
ZNF277,0.5773663328924995,0.38710870607575865,0.0,0.0,0.0,0.0,0.8538197105149624,0.0,0.0,0.0,0.0,0.0,0.0,0.0,0
TMEM184B,0.49782731910069905,0.13124034370695092,0.020407358773449784,0.025357879637648805,0.09233928303354605,0.0,0.0,0.0,0.0,0.0,0.0,1.0,0.0,0.0,0
NECAP1,0.8717173625543171,0.37275003615163904,0.0,0.0,0.0,0.45159365123684936,0.0,0.0,0.0,1.0,0.0,0.0,0.0,0.0,0
PPP1R11,0.9351974305686757,0.39133121751109284,0.0,0.8793877530655454,0.0,0.4632237715827711,0.0,0.0,0.0,0.0,0.0,1.0,0.0,0.0,0
ZDHHC7,0.5392027205743435,0.008522653758628818,0.03501978121747688,0.045592193591688264,0.12060616423442677,0.0,0.0,0.0,0.0,0.0,0.0,0.0,0.0,0.0,0
TMEM248,0.4651426412242584,0.4111621039492812,0.04357562231401476,0.03766633076761818,0.026090340581212446,0.0,0.6654768311293345,0.0,0.0,0.0,0.0,0.0,0.0,0.0,0
MRPS5,0.7007368222180238,0.3231119330852189,0.03901233783528945,0.0,0.028990634426764268,0.0,0.0,0.0,0.0,0.0,0.0,0.0,0.0,0.0,0
HMGB2,0.505195541280937,0.22581150915968373,0.04145176184703837,0.23387723728824403,0.0,0.0,0.0,0.0,0.0,0.0,0.0,0.0,0.0,0.0,0
MRPL14,0.9351974305686757,0.4096231857585374,0.0,0.0,0.0,0.3208245062481688,0.0,0.0,0.0,0.0,0.0,0.0,0.0,0.0,0
HES1,0.7526922350273947,0.4727721076786082,0.050745597035958816,0.041294842411948286,0.0759082431208098,0.0,0.0,0.0,0.0,0.0,0.0,0.0,0.0,0.0,0
CENPT,0.52635556395239,0.01269645561720345,0.04239611144637788,0.49614387727240905,0.0,0.8780801238721402,0.0,0.0,0.0,0.0,0.0,0.0,0.0,0.0,0
ARL6IP6,0.9351974305686757,0.2644579917954806,0.0,0.0,0.0,0.0,0.9117289258901783,0.0,0.0,0.0,1.0,0.0,0.0,0.0,0
DGKQ,0.7181182694124315,0.21288824957569386,0.5426632920746532,0.7332155193853974,0.9084930723852793,0.8723440806489832,0.856754287153567,0.0,0.0,0.0,0.0,0.0,0.0,0.0,0
SORBS3,0.5618741734366144,0.07609805846671377,0.041057751559801556,0.8132273201875277,0.0,0.19471592249113326,0.8946428501337604,0.0,0.0,0.0,0.0,0.0,0.0,0.0,0
DESI2,0.7343661439637257,0.8832203118935092,0.0328322475986868,0.19165032009357968,0.05229846053705084,0.0,0.9644030597502166,0.0,0.0,0.0,0.0,0.0,0.0,0.0,0
RDH13,0.7944454940487437,0.3716388489318142,0.1313271275248773,0.0,0.0,0.0,0.5217170796290435,0.0,0.0,0.0,0.0,1.0,0.0,0.0,0
TET3,0.4823351596448139,0.3356881369347977,0.07360558147892388,0.0,0.6867200125441594,0.0,0.5493878591817849,0.0,0.0,0.0,0.0,1.0,0.0,0.0,0
NOXA1,0.5962592102777253,0.2927597780669909,0.0,0.9836144309088595,0.0,0.9325287205438398,0.9210103122147878,0.0,0.0,0.0,0.0,0.0,0.0,0.0,0
TBC1D10A,0.6287549593803137,0.15889977243494596,0.05243541825375668,0.2963030479031283,0.1757990075233235,0.3167729074208738,0.0,0.0,0.0,0.0,0.0,0.0,0.0,0.0,0
C7orf26,0.689212167013036,0.42196801911850884,0.8975012186721242,0.8795019790944492,0.6277343007518027,0.9517200248028088,0.9502098294249024,0.0,0.0,1.0,0.0,0.0,0.0,0.0,0
MAVS,0.9351974305686757,0.4318545410264022,0.03331916432777419,0.0,0.0,0.0,0.9213730932585489,0.0,0.0,0.0,0.0,0.0,0.0,0.0,0
WDR82,0.6108067258643491,0.1821144522836418,0.048617524332089775,0.0935697855775081,0.27325972146854577,0.8807374817453881,0.0,0.0,1.0,0.0,1.0,1.0,0.0,0.0,0
TBX10,0.9351974305686757,0.49346302258145547,0.0,0.0,0.39070018114838045,0.0,0.7735948132736322,0.0,0.0,0.0,0.0,0.0,0.0,0.0,0
ING2,0.5144530511996976,0.2199313499402547,0.03143973393488877,0.0,0.8590781338094698,0.0,0.9520936858354669,0.0,0.0,0.0,0.0,0.0,0.0,0.0,0
RAB1A,0.5106744757226525,0.3392713351751642,0.04234494255295343,0.1095065421720614,0.9583227638361138,0.6739414308768026,0.0,0.0,0.0,0.0,0.0,0.0,0.0,0.0,0
COMMD1,0.6089174381258265,0.3546224627257575,0.0,0.0,0.0,0.0,0.8388904356401695,0.0,0.0,0.0,0.0,0.0,0.0,0.0,0
SERP1,0.8344983941054223,0.4372278162126782,0.0,0.0,0.0,0.6871036667054973,0.0,1.0,0.0,0.0,0.0,0.0,0.0,0.0,0
BIN3,0.5618741734366144,0.06948116689879821,0.031436830489019275,0.6726821565346499,0.49074502796608926,0.0,0.0,0.0,0.0,0.0,0.0,0.0,0.0,0.0,0
RBM24,0.9351974305686757,0.42908722819675627,0.0,0.0,0.0,0.0,0.8242861899373584,0.0,0.0,0.0,0.0,0.0,0.0,0.0,0
SERHL2,0.5890799168713394,0.12288969564125396,0.12016270238085065,0.19791782731662946,0.6027332233924761,0.0,0.0,0.0,0.0,1.0,0.0,0.0,1.0,0.0,0
IVNS1ABP,0.7895333459285849,0.8801044211551787,0.10016626019728875,0.0,0.0,0.7997324076087998,0.0,0.0,0.0,0.0,1.0,0.0,0.0,0.0,0
TOR1A,0.49707160400529,0.26737752205249976,0.030332821930124584,0.8070504881478909,0.0,0.0,0.0,0.0,0.0,0.0,1.0,0.0,0.0,0.0,0
ZNF442,0.9351974305686757,0.32767388938359554,0.04439277984098062,0.0,0.04248337218111664,0.0,0.0,0.0,0.0,1.0,0.0,0.0,0.0,0.0,0
DGKA,0.44322690345739657,0.31810702407318614,0.0,0.0,0.0,0.0,0.8196910629399055,0.0,0.0,0.0,1.0,0.0,0.0,0.0,0
MCF2L,0.6599282070659362,0.22690595246249745,0.7721646842944146,0.7509413825536267,0.7956560056689826,0.8226572318426926,0.8028772677574486,0.0,0.0,0.0,1.0,0.0,0.0,0.0,0
PEX26,0.4492726242206688,0.1554520477049416,0.0,0.0,0.0,0.0,0.8334974153906674,0.0,0.0,0.0,0.0,0.0,0.0,0.0,0
POLR2J,0.5739656149631589,0.3736968285499007,0.05657756367177143,0.0,0.15110692778774212,0.0,0.0,0.0,1.0,0.0,0.0,1.0,0.0,0.0,0
MYH14,0.5870017003589647,0.3461972281206476,0.5161686335533262,0.7700799973107701,0.7756769224660858,0.7963056493059201,0.8058866252578389,0.0,0.0,0.0,0.0,0.0,0.0,0.0,0
TCIRG1,0.9351974305686757,0.47720924568653883,0.05382901789845511,0.6429042482072079,0.06258509286895073,0.0,0.8576003063384814,0.0,0.0,0.0,0.0,0.0,0.0,0.0,0
CHRNE,0.5324012847156622,0.04837926494204303,0.0,0.0,0.27561957916931606,0.0,0.0,0.0,0.0,0.0,0.0,1.0,0.0,0.0,0
STK17A,0.7407897222747024,0.44159341202974334,0.035843233945762665,0.041435387466872135,0.04033977923615271,0.0,0.0,0.0,0.0,0.0,0.0,0.0,0.0,0.0,0
SIMC1,0.6438692612884942,0.3586623132482438,0.03036398137048431,0.0,0.0,0.0,0.0,0.0,0.0,0.0,0.0,0.0,0.0,0.0,0
JAG1,0.9351974305686757,0.43233707027117535,0.0,0.0,0.0,0.7822675608614671,0.0,0.0,0.0,0.0,0.0,0.0,0.0,0.0,0
PSPC1,0.8091819384092198,0.16232618672511817,0.03810041513335458,0.06726053275137334,0.0,0.0,0.0,0.0,0.0,1.0,0.0,0.0,0.0,0.0,0
GNPNAT1,0.9351974305686757,0.3148373937332085,0.0,0.0,0.0,0.8185416035606703,0.0,0.0,0.0,0.0,0.0,0.0,0.0,0.0,0
SLC9A8,0.9351974305686757,0.6121971824554197,0.0290617476516004,0.07147503752565043,0.0,0.0,0.0,0.0,0.0,0.0,1.0,0.0,0.0,0.0,0
SERINC5,0.5505384470054789,0.25518186177135416,0.028285275481509692,0.043210106186430154,0.3475781919610068,0.0,0.0,0.0,0.0,0.0,0.0,0.0,0.0,0.0,0
ACACA,0.9351974305686757,0.33281579408026424,0.025566797110558558,0.0818673156393501,0.3768458212221754,0.0,0.9541966476968905,0.0,0.0,0.0,0.0,1.0,0.0,0.0,0
SIT1,0.9351974305686757,0.3129270650196741,0.0,0.0,0.0,0.0,0.7444917218118756,0.0,1.0,0.0,0.0,0.0,0.0,0.0,0
PKN1,0.9351974305686757,0.34422601243616385,0.19390535915034326,0.9492542014952814,0.3378498885442174,0.9947241278298529,0.8430081248353106,0.0,0.0,0.0,1.0,0.0,0.0,0.0,0
RPL18,0.47232193463064426,0.32129141265383476,0.0,0.41919742332686843,0.0,0.37493202070183623,0.0,0.0,0.0,0.0,0.0,0.0,0.0,0.0,0
GRB2,0.9351974305686757,0.5028609265474806,0.0,0.040539392876642724,0.0,0.0,0.0,0.0,0.0,0.0,0.0,0.0,0.0,0.0,0
RPL5,0.5152087662951067,0.2219649747699614,0.043075036108189024,0.8147658518059598,0.04973771100754391,0.0,0.0,0.0,0.0,0.0,1.0,1.0,0.0,0.0,0
MAP2K3,0.9351974305686757,0.2074069000159829,0.035982963768941806,0.6332976641357485,0.04866437903872039,0.0,0.4431331626547631,0.0,0.0,0.0,0.0,1.0,0.0,0.0,0
TNFAIP8L1,0.8261855280559229,0.26696196847577075,0.025814056860240686,0.0,0.218878340024486,0.0,0.0,0.0,0.0,0.0,0.0,0.0,0.0,0.0,0
EED,0.9351974305686757,0.20025724745226076,0.039604415045136385,0.04872367462046003,0.04851841709212235,0.0,0.0,0.0,0.0,0.0,1.0,1.0,0.0,0.0,0
TTLL6,0.9351974305686757,0.4858171412044967,0.0380086804427614,0.03465321236993489,0.7647592864166717,0.055937474718928466,0.0,0.0,0.0,0.0,1.0,0.0,0.0,0.0,0
AREL1,0.43925939920649915,0.2225266570769687,0.0,0.0,0.0,0.9437564417575074,0.0,0.0,0.0,0.0,0.0,1.0,0.0,0.0,0
NCAPH2,0.5254109200831287,0.13635941578951355,0.0,0.0,0.0,0.844024979960371,0.0,0.0,0.0,0.0,0.0,0.0,0.0,0.0,0
RNF169,0.9351974305686757,0.38728680046578534,0.06475373552232257,0.041693783487786386,0.0,0.0,0.0,0.0,0.0,0.0,0.0,0.0,0.0,0.0,0
KHK,0.4813905157755526,0.32269637950848995,0.03586536963445743,0.0,0.044678194641263456,0.0,0.7097261124576004,0.0,0.0,0.0,0.0,0.0,0.0,0.0,0
TNKS1BP1,0.9351974305686757,0.2917749313118859,0.0,0.25885221016766796,0.0,0.2243251893105934,0.0,0.0,1.0,0.0,0.0,0.0,0.0,0.0,0
RNF111,0.534479501228037,0.21451393170004032,0.03502574886271722,0.30264213305841586,0.0,0.9521783426693815,0.9044572311656509,0.0,0.0,0.0,0.0,0.0,0.0,0.0,0
HSPA4,0.6433024749669375,0.29544793783440265,0.0,0.6884868818529157,0.0,0.0,0.6591838302217425,0.0,0.0,0.0,0.0,0.0,0.0,0.0,0
URI1,0.9351974305686757,0.4562915268169053,0.0582613181458135,0.06857182302683333,0.7035136935488214,0.0,0.0,0.0,0.0,0.0,0.0,0.0,0.0,0.0,0
PODXL,0.8074815794445493,0.39701501624921043,0.0779428148775873,0.23041624243942574,0.0,0.0,0.0,0.0,0.0,0.0,0.0,1.0,0.0,0.0,0
MRPL24,0.774230115246552,0.8788014399768631,0.04120728222585596,0.06424287530016118,0.2192150692252741,0.9270338641350317,0.0,0.0,0.0,0.0,0.0,0.0,0.0,0.0,0
METTL23,0.6965803891932741,0.475796667960515,0.0,0.0,0.0,0.0,0.869269759822153,0.0,1.0,0.0,0.0,0.0,0.0,0.0,0
FKBP8,0.6928018137162291,0.34078133205470695,0.08073577507852613,0.868135051673719,0.06262132241706288,0.9939865883647899,0.0,0.0,0.0,0.0,0.0,0.0,0.0,0.0,0
GMFB,0.5624409597581712,0.29112952941982323,0.0384350074196199,0.0,0.03967815002001168,0.0,0.0,0.0,0.0,0.0,0.0,1.0,0.0,0.0,0
BCL2L13,0.7899112034762894,0.14890517615361773,0.04678370129479266,0.04727216819265698,0.13803552137254946,0.9597811862745532,0.9351778108243362,0.0,0.0,0.0,1.0,0.0,0.0,0.0,0
C5orf22,0.6007935008501795,0.45058489546468194,0.0,0.0,0.0,0.0,0.8388980563003665,0.0,1.0,0.0,0.0,1.0,0.0,0.0,0
RNF32,0.6843000188928774,0.3768233745081475,0.0,0.0,0.0,0.0,0.6659264554948787,0.0,0.0,1.0,0.0,0.0,0.0,0.0,0
TAX1BP1,0.9351974305686757,0.44312471934911846,0.0,0.0,0.0,0.0,0.872048364715889,0.0,0.0,0.0,0.0,0.0,0.0,0.0,0
TRAPPC6B,0.6920460986208199,0.3168603633429991,0.054763401416786914,0.07244783155228982,0.48305942857734807,0.0,0.0,0.0,1.0,0.0,0.0,0.0,0.0,0.0,0
COIL,0.9351974305686757,0.5266205447861727,0.09067795687356371,0.23028137615520544,0.07612609531988015,0.0,0.0,0.0,0.0,1.0,0.0,0.0,0.0,0.0,0
PAXBP1,0.7385225769884753,0.33380064083536926,0.0,0.0,0.0,0.9525376257518599,0.0,0.0,0.0,1.0,0.0,0.0,0.0,0.0,0
TM7SF2,0.9351974305686757,0.3090363875760136,0.0,0.0,0.46703530502802776,0.0,0.0,0.0,0.0,0.0,0.0,0.0,0.0,0.0,0
PCCB,0.5582845267334215,0.38363358220882715,0.03900494151256191,0.22942649239436555,0.1807287723261056,0.0,0.0,0.0,0.0,0.0,0.0,0.0,0.0,0.0,0
CHCHD4,0.6058945777441904,0.3234802992594622,0.0,0.7809079687542131,0.0,0.9129125587041056,0.0,0.0,0.0,0.0,0.0,0.0,0.0,0.0,0
SNIP1,0.6109956546382014,0.2501982631991536,0.02486166646053001,0.04666401558806436,0.059616997698977665,0.0,0.0,0.0,0.0,0.0,0.0,1.0,0.0,0.0,0
RGS10,0.7685622520309843,0.21883690663744096,0.05157689825425552,0.34752281436175747,0.6520101193497079,0.7395832089246013,0.0,0.0,0.0,0.0,0.0,0.0,0.0,0.0,0
ELOVL4,0.5832231248819195,0.2246546567116468,0.0,0.7919531414680686,0.0,0.0,0.0,0.0,0.0,0.0,0.0,0.0,0.0,0.0,0
THSD4,0.9351974305686757,0.27392439360382365,0.6371233033805602,0.9328833582568112,0.683950621617277,0.9256539510624741,0.643193949645989,0.0,0.0,0.0,0.0,0.0,0.0,0.0,0
ETV2,0.9351974305686757,0.41038275072113006,0.0500376307171416,0.6243513170503456,0.0,0.0,0.0,0.0,0.0,0.0,0.0,0.0,0.0,0.0,0
ITGB1,0.8787077271868505,0.37757532859937143,0.0,0.0,0.0,0.2625565688068466,0.0,0.0,0.0,0.0,0.0,1.0,0.0,0.0,0
ATP6V1C1,0.9351974305686757,0.9099710025800855,0.0,0.0,0.0,0.0,0.827826738681335,0.0,0.0,0.0,0.0,0.0,0.0,0.0,0
RAPGEF2,0.5057623276024938,0.225872396130633,0.03683339610908321,0.0,0.40648603284870627,0.0,0.0,0.0,0.0,0.0,0.0,0.0,0.0,0.0,0
NCOA6,0.9351974305686757,0.5183475276084358,0.03847249825442772,0.12141337716441312,0.10709678718527443,0.0,0.0,0.0,0.0,1.0,0.0,0.0,0.0,0.0,0
TMCO1,0.7876440581900623,0.8934082243076013,0.0,0.8934510443777843,0.0,0.0,0.0,0.0,1.0,0.0,0.0,0.0,0.0,0.0,0
CD8B,0.750047232193463,0.3336058025283315,0.0,0.0,0.0,0.789956413126081,0.0,0.0,0.0,0.0,1.0,1.0,0.0,0.0,0
TMEM198,0.5437370111467976,0.25606167850157163,0.0,0.0,0.0,0.0,0.6405596976727932,0.0,0.0,0.0,0.0,0.0,0.0,0.0,0
PWWP2A,0.6589835631966748,0.31345069296983813,0.06586612802269384,0.9571458212730034,0.14582047158925157,0.0,0.0,0.0,0.0,0.0,0.0,0.0,0.0,0.0,0
ABCF1,0.8938220290950312,0.3896720475527243,0.022808370010601,0.0811712631961457,0.046341039558803344,0.0,0.0,0.0,0.0,0.0,0.0,0.0,0.0,0.0,0
INO80D,0.5274891365955034,0.26509882716472205,0.0,0.0,0.0,0.8659462399955059,0.0,0.0,0.0,0.0,0.0,0.0,0.0,0.0,0
EDF1,0.7814094086529378,0.2957889048717187,0.08962954155431493,0.0,0.9566870813046977,0.9686455287679162,0.0,0.0,0.0,0.0,0.0,0.0,0.0,0.0,0
DPP8,0.9351974305686757,0.2548591608253229,0.04931545285939621,0.026623238094027356,0.40291902220255327,0.8996249703284545,0.0,0.0,0.0,0.0,0.0,0.0,0.0,0.0,0
NFIA,0.8966559607028151,0.28938207335357824,0.03616750127597253,0.06726510252903731,0.07719957328318125,0.36120118558560965,0.5858319903503574,0.0,0.0,0.0,0.0,0.0,0.0,0.0,0
ZNF658,0.9351974305686757,0.2946427076435981,0.03550335988264873,0.0,0.1512505979592337,0.0,0.0,0.0,0.0,0.0,0.0,0.0,0.0,0.0,0
RIF1,0.06404685433591534,0.2502972045269463,0.05841979316537982,0.0,0.08039094197190148,0.0,0.9293117099564934,0.0,0.0,0.0,0.0,0.0,0.0,0.0,0
GOLGA1,0.5031173247685623,0.2823161403749115,0.04570840449120024,0.0,0.0,0.9470575251774478,0.0,0.0,1.0,0.0,0.0,0.0,0.0,0.0,0
ENSA,0.9351974305686757,0.9226933351599426,0.09260352923753659,0.058057265685413716,0.05763798882021662,0.8311809682810047,0.0,0.0,1.0,0.0,1.0,0.0,0.0,0.0,0
CCDC34,0.6867560929529568,0.31822423149226353,0.015588554486444244,0.06867807157675229,0.062272416011379214,0.0,0.0,0.0,0.0,0.0,0.0,0.0,0.0,0.0,0
SPG21,0.9351974305686757,0.24671400628657972,0.06169142626280947,0.046056505559250255,0.3237174843037064,0.32594787230972705,0.0,0.0,0.0,0.0,0.0,0.0,0.0,0.0,0
PGD,0.44738333648214623,0.1411573091003188,0.03496306305639958,0.0,0.4221106965521173,0.0,0.8738215524733071,0.0,0.0,0.0,0.0,0.0,0.0,0.0,0
ACTR5,0.9351974305686757,0.5234072348943231,0.0519773342264517,0.05520784067721408,0.04398989754948363,0.0,0.7017536859530588,0.0,0.0,0.0,0.0,1.0,0.0,0.0,0
TRIQK,0.9351974305686757,0.8814759001758116,0.05791959006513743,0.0,0.6333126589147796,0.0,0.0,0.0,0.0,0.0,0.0,0.0,1.0,0.0,0
USP24,0.6245985263555639,0.2710246516123631,0.05173045388067807,0.0,0.0,0.0,0.0,0.0,0.0,0.0,0.0,1.0,0.0,0.0,0
HYAL2,0.05138862648781409,0.17713998675708378,0.0,0.695868638294138,0.0,0.8834766569582961,0.0,0.0,0.0,0.0,0.0,0.0,0.0,0.0,0
GCC2,0.9351974305686757,0.30369507804948587,0.0445802079017794,0.07028112972422229,0.037694946609360194,0.0,0.7191716185309796,0.0,0.0,0.0,0.0,1.0,0.0,0.0,0
DDX41,0.6438692612884942,0.3625880007002002,0.05749351539110746,0.06626960089406289,0.0,0.9965032331337855,0.0,0.0,0.0,0.0,0.0,0.0,0.0,0.0,0
DENND4C,0.9351974305686757,0.28545181937880065,0.0,0.0,0.05563421888362956,0.0,0.0,0.0,0.0,0.0,1.0,0.0,0.0,0.0,0
ATL2,0.6028717173625543,0.3403338128182296,0.08444071672163703,0.483961587441798,0.01808979758574904,0.9174210257251227,0.0,0.0,0.0,0.0,1.0,0.0,0.0,0.0,0
GOLPH3,0.6007935008501795,0.45270376205371776,0.0,0.0,0.32966780967547993,0.7252986158637245,0.0,0.0,0.0,0.0,0.0,0.0,0.0,0.0,0
AKR7A2,0.4502172680899301,0.1399426140298803,0.0,0.0,0.0,0.6440308131268273,0.0,0.0,0.0,0.0,0.0,1.0,0.0,0.0,0
DTNA,0.9351974305686757,0.2587650600117207,0.10940088365491539,0.0696169809725245,0.0,0.0,0.0,0.0,0.0,0.0,0.0,0.0,1.0,0.0,0
ZNF787,0.9185716984696769,0.3860203514700397,0.5871841146681196,0.8057789744541176,0.37123631071642266,0.9215007700051424,0.8315163020024259,0.0,0.0,0.0,1.0,0.0,0.0,0.0,0
SREK1,0.8964670319289628,0.26455997747182075,0.0320895522421415,0.0,0.0,0.0,0.8573998366668829,1.0,0.0,0.0,0.0,0.0,0.0,0.0,0
PSMD13,0.4813905157755526,0.2320372019392501,0.0,0.0,0.0,0.0,0.8266837736692472,0.0,0.0,0.0,0.0,0.0,0.0,0.0,0
TSPAN14,0.9351974305686757,0.3144218401564795,0.04042891472070431,0.552813932298253,0.0636902180334243,0.0,0.0,0.0,0.0,0.0,0.0,0.0,0.0,0.0,0
BMI1,0.6816550160589457,0.40294236287112534,0.0,0.0,0.0,0.0,0.903430865048156,0.0,1.0,0.0,0.0,0.0,0.0,0.0,0
ANKRD50,0.41904402040430755,0.22760919697696191,0.0451030819577564,0.06526207669522822,0.07829914675120651,0.6771452055212345,0.0,0.0,0.0,0.0,0.0,0.0,0.0,0.0,0
NAT9,0.9351974305686757,0.5036448462984529,0.0,0.0,0.0,0.8441913814931779,0.0,0.0,0.0,0.0,0.0,0.0,0.0,0.0,0
ZBTB40,0.5890799168713394,0.1414236895982222,0.02475717503146561,0.8392536184292644,0.032401705374669076,0.0,0.5702373359310398,0.0,0.0,0.0,0.0,0.0,0.0,0.0,0
MOV10,0.8522576988475344,0.26215341994504954,0.021489829095081417,0.20474042160682954,0.0,0.0,0.0,0.0,0.0,0.0,0.0,0.0,0.0,0.0,0
DUOX1,0.8216512374834687,0.20230152750188368,0.7210825496837612,0.874574381103687,0.4155246844376549,0.9214830223932926,0.8384468609763231,0.0,0.0,0.0,0.0,0.0,0.0,0.0,0
TRAF4,0.9351974305686757,0.46209253297410036,0.0,0.0,0.045526601027708745,0.0,0.0,0.0,0.0,0.0,0.0,0.0,0.0,0.0,0
ARHGAP33,0.8110712261477423,0.40533217648088526,0.029613020073478075,0.0,0.03623876928414544,0.0,0.9895871200210199,0.0,0.0,0.0,0.0,0.0,0.0,0.0,0
PROSER3,0.8110712261477423,0.40673105463844555,0.0,0.0,0.0,0.0,0.9513474682376714,0.0,0.0,0.0,0.0,0.0,0.0,0.0,0
MAP4,0.43453617986019266,0.190544253411573,0.04657943260063389,0.07149321460387252,0.7589269098908162,0.0,0.0,0.0,0.0,0.0,1.0,0.0,0.0,0.0,0
RAPH1,0.5885131305497827,0.2718572809400948,0.029625979253924226,0.051157907165305494,0.04392206684725789,0.0,0.0,0.0,0.0,1.0,0.0,0.0,0.0,0.0,0
CCAR2,0.5618741734366144,0.07110380467459712,0.04207626983061839,0.0585131877282369,0.0,0.0,0.0,0.0,0.0,0.0,0.0,0.0,0.0,0.0,0
WASF2,0.4524844133761572,0.14770570282591666,0.05271266194869601,0.05807154839551676,0.06646214713671161,0.0,0.0,0.0,0.0,0.0,0.0,1.0,0.0,0.0,0
MTHFD2L,0.8909880974872473,0.3100364560738559,0.0,0.0,0.0,0.0,0.9055526854293435,1.0,0.0,0.0,0.0,0.0,0.0,0.0,0
CAND1,0.9351974305686757,0.42510674247094554,0.05204325967888024,0.0875310329833688,0.39337159246042835,0.0,0.0,0.0,0.0,0.0,0.0,0.0,0.0,0.0,0
OST4,0.4813905157755526,0.32269637950848995,0.02289619571817217,0.029684488294116445,0.5492389215939427,0.0,0.0,0.0,0.0,0.0,0.0,0.0,0.0,0.0,0
SYPL1,0.6266767428679387,0.38737965309648303,0.030453786741454058,0.04608904321851558,0.644247766143876,0.0,0.0,0.0,0.0,0.0,1.0,0.0,0.0,0.0,0
CCDC85B,0.9351974305686757,0.3090363875760136,0.06661435621034069,0.11783840561101086,0.0,0.0,0.0,0.0,0.0,0.0,0.0,0.0,0.0,0.0,0
ZNF613,0.7194407708293973,0.37347611328020947,0.0,0.0,0.0,0.9391627236421866,0.0,0.0,0.0,0.0,0.0,0.0,0.0,0.0,0
DCST1,0.9351974305686757,0.9077684164059944,0.0,0.0,0.0,0.8783916578304979,0.0,0.0,0.0,0.0,1.0,0.0,0.0,0.0,0
SLC9C1,0.819006234649537,0.37505156365352277,0.0,0.9187170969164855,0.0,0.0,0.0,0.0,0.0,0.0,0.0,0.0,0.0,0.0,0
ZMYM4,0.9351974305686757,0.24574894779703327,0.046111499922651726,0.0,0.051448967926724785,0.0,0.9068164879758374,0.0,0.0,1.0,0.0,1.0,0.0,0.0,0
PNMA1,0.07670508218401662,0.21874557618101695,0.02691124183221274,0.1930553949993965,0.09692003635107564,0.0,0.0,0.0,0.0,0.0,0.0,0.0,0.0,0.0,0
CFAP20,0.52635556395239,0.018689255732888987,0.0,0.21872896270885023,0.0,0.0,0.0,0.0,0.0,0.0,0.0,0.0,0.0,0.0,0
ATAD2B,0.4813905157755526,0.31296511937651744,0.0,0.062088216172343454,0.0,0.0,0.0,0.0,0.0,1.0,0.0,0.0,0.0,0.0,0
MBD5,0.5074626865671641,0.24325410416238558,0.0,0.0,0.0,0.0,0.919947558446517,0.0,1.0,0.0,0.0,0.0,0.0,0.0,0
ANKS3,0.9285849234838466,0.6216285742554666,0.0,0.0,0.0,0.0,0.6544842943569601,0.0,0.0,0.0,1.0,0.0,0.0,0.0,0
DAAM1,0.5851124126204421,0.27626701981109814,0.0434933004620896,0.8569540134347844,0.028094527700056857,0.0,0.9021450796602541,0.0,0.0,0.0,0.0,1.0,0.0,0.0,0
ARHGEF26,0.9351974305686757,0.4392599188681112,0.0,0.0,0.3216839798570372,0.0,0.8609183143875527,0.0,0.0,0.0,1.0,1.0,0.0,0.0,0
MTR,0.7249197052711127,0.8820619372711985,0.034884831336964364,0.0,0.01730583108020317,0.0,0.9312373023740388,0.0,0.0,1.0,0.0,0.0,0.0,0.0,0
PHAX,0.670130360853958,0.2958863240252376,0.040368232907088394,0.4244095561073773,0.03569297231872834,0.0,0.6762112011705793,0.0,0.0,0.0,0.0,0.0,0.0,0.0,0
TNIP2,0.608539580578122,0.205834493991217,0.10716454177366554,0.0,0.12967638485470817,0.0,0.0,0.0,0.0,0.0,0.0,0.0,0.0,0.0,0
LMAN1,0.7264311354619308,0.23852014217107698,0.05659414965303558,0.6336168687465401,0.0,0.875513754468927,0.0,0.0,0.0,0.0,0.0,0.0,0.0,0.0,0
ACP1,0.5254109200831287,0.3241926768195691,0.0,0.0,0.0,0.0,0.9045217009262153,0.0,0.0,0.0,0.0,0.0,0.0,0.0,0
RASGEF1B,0.541847723408275,0.24175932902558012,0.06875160019675294,0.15989700987971753,0.12818306267597043,0.0,0.0,0.0,0.0,0.0,0.0,0.0,0.0,0.0,0
AZIN1,0.9351974305686757,0.9105966162065895,0.0,0.0,0.0,0.9107420623419755,0.0,0.0,0.0,0.0,0.0,0.0,0.0,0.0,0
DPM3,0.9351974305686757,0.9041715185971643,0.025408383736358536,0.01967716944930836,0.04883303789142533,0.0,0.0,0.0,0.0,0.0,0.0,0.0,0.0,0.0,0
FAIM,0.6196863782354053,0.40656209329406123,0.041249195947323514,0.177248501567423,0.04879919344445741,0.0,0.0,0.0,0.0,0.0,1.0,0.0,0.0,0.0,0
SPATA4,0.505195541280937,0.22212328089442962,0.0380884423565268,0.0,0.07311160298705054,0.0,0.0,0.0,0.0,0.0,0.0,0.0,0.0,0.0,0
HNRNPK,0.5201209144152654,0.2728314724752836,0.0,0.0483650378124596,0.0,0.0,0.0,0.0,0.0,0.0,1.0,0.0,0.0,0.0,0
PSMD1,0.05686756092952955,0.22577954349993526,0.03584510143564035,0.4783603758875613,0.0,0.0,0.0,0.0,0.0,0.0,0.0,0.0,0.0,0.0,0
CCS,0.9351974305686757,0.44565457299206196,0.0,0.0,0.0,0.0,0.8051454901266806,0.0,0.0,0.0,0.0,0.0,0.0,0.0,0
PPAT,0.9351974305686757,0.29344171214162307,0.0,0.0,0.0,0.8961365870146147,0.0,0.0,0.0,0.0,0.0,0.0,0.0,0.0,0
ORC3,0.6992253920272058,0.20620894886255517,0.0,0.0,0.0,0.0,0.9309778939532926,0.0,0.0,0.0,0.0,0.0,0.0,0.0,0
NIPAL2,0.9351974305686757,0.8931996864320993,0.07662448414468234,0.15974469160919133,0.12764821618437255,0.933179373924414,0.0,0.0,0.0,0.0,0.0,0.0,0.0,0.0,0
ATG9A,0.5184205554505952,0.254562336841945,0.0,0.0,0.0,0.9357176073381683,0.0,0.0,0.0,0.0,0.0,0.0,0.0,0.0,0
DUSP7,0.03910825618741731,0.17608359781111324,0.03526947494648855,0.678756030053895,0.2850897898653542,0.5090614279002251,0.0,0.0,0.0,0.0,0.0,0.0,0.0,0.0,0
TGFB2,0.9351974305686757,0.9024925603732371,0.0,0.0,0.2639602131366266,0.0,0.5354880145357866,0.0,0.0,0.0,0.0,0.0,0.0,0.0,0
USB1,0.52635556395239,0.021086680214017828,0.0,0.0,0.0,0.782563958249986,0.0,0.0,1.0,0.0,0.0,0.0,0.0,0.0,0
GNB5,0.9351974305686757,0.23973027071869463,0.0,0.0,0.0,0.9326757038279445,0.0,0.0,0.0,0.0,0.0,0.0,0.0,0.0,0
TRAM2,0.8242962403174003,0.41338143404038324,0.0,0.30262007660106716,0.0,0.7682422302606323,0.0,0.0,0.0,0.0,0.0,0.0,0.0,0.0,0
MBOAT1,0.9351974305686757,0.4441202213241395,0.0,0.0,0.0,0.4844739685813135,0.0,0.0,0.0,0.0,0.0,0.0,0.0,0.0,0
PCYT2,0.7232193463064425,0.4561910633148391,0.20401937840949005,0.0,0.9522684836500865,0.9037519015476442,0.9801056100534249,0.0,0.0,0.0,1.0,0.0,0.0,0.0,0
ENY2,0.9351974305686757,0.9011956678920173,0.0,0.0,0.0,0.0,0.5876266429157729,0.0,0.0,0.0,0.0,0.0,0.0,0.0,0
ZBTB3,0.6523710561118459,0.2918967052537845,0.05001877458310613,0.4649771116943052,0.04455195196349389,0.0,0.0,0.0,0.0,0.0,0.0,0.0,0.0,0.0,0
EIF2B2,0.48875873795579067,0.22139263724303793,0.03240467208041581,0.033253591520288124,0.09076849038978176,0.0,0.0,0.0,0.0,0.0,0.0,0.0,0.0,0.0,0
ELOF1,0.9351974305686757,0.31975249446309106,0.0,0.0,0.0,0.8222864564949939,0.04954026795055505,0.0,0.0,0.0,0.0,0.0,0.0,0.0,0
HSP90AB1,0.9351974305686757,0.41059889946800004,0.055904410811069026,0.0,0.3537257190089292,0.0,0.6808775879433099,0.0,0.0,0.0,0.0,0.0,0.0,0.0,0
HLA-DQB2,0.6425467598715284,0.3823793106072713,0.785670336585655,0.7500918654634751,0.7260425500986678,0.7358419973668663,0.5498626956362795,0.0,0.0,0.0,0.0,0.0,0.0,0.0,0
MAP2K5,0.9351974305686757,0.25431726678387406,0.0,0.0,0.0,0.0,0.9342871874907418,0.0,1.0,0.0,0.0,0.0,0.0,0.0,0
TOM1L1,0.9351974305686757,0.5143091992602237,0.03709173276784881,0.1336084824782741,0.3063205601890135,0.0,0.0,0.0,1.0,0.0,0.0,1.0,0.0,0.0,0
MSRB1,0.7370111467976572,0.6058405826883122,0.039964478346070545,0.9136093139963226,0.0,0.7849474688230006,0.0,0.0,0.0,0.0,0.0,1.0,0.0,0.0,0
POLR2E,0.052711127904779886,0.19605147993393757,0.1954089129641009,0.9263126730127982,0.03247126798005722,0.7737574835254325,0.0,0.0,0.0,0.0,0.0,0.0,0.0,0.0,0
ETV1,0.9351974305686757,0.4348319139058231,0.07214326188412529,0.11157951546865018,0.28199051251627383,0.6457638741747296,0.0,0.0,0.0,0.0,1.0,0.0,0.0,0.0,0
HDAC1,0.6062724352918949,0.22059045140078085,0.02832647305273315,0.07618562536120142,0.1179466822017009,0.6454153092469967,0.7883739187845464,0.0,0.0,0.0,0.0,1.0,0.0,0.0,0
FBXL4,0.9236727753636879,0.23273131340807196,0.03694448597451798,0.13187958098979713,0.11397049238323344,0.0,0.0,0.0,0.0,0.0,0.0,0.0,0.0,0.0,0
SIRT1,0.6270546004156432,0.2709043998447382,0.04371910937917742,0.5179849990962839,0.0,0.0,0.8870057258366106,0.0,0.0,0.0,0.0,1.0,0.0,0.0,0
ZNF76,0.7577933119214056,0.3904924994862661,0.02620019199949255,0.7282185808347202,0.37219417713654424,0.0,0.9183679819028593,0.0,0.0,0.0,1.0,0.0,0.0,0.0,0
PRPF8,0.4496504817683733,0.044427700527433056,0.0,0.0,0.0,0.9528145926137398,0.9919272365804875,0.0,0.0,0.0,0.0,0.0,0.0,0.0,0
CHUK,0.046854335915359896,0.2127497317167843,0.0,0.0,0.0,0.9016029739861923,0.0,0.0,0.0,0.0,0.0,0.0,0.0,0.0,0
MORN1,0.0253164556962025,0.15959540607804193,0.7990103806104557,0.730974288852629,0.8591972772045906,0.7183347972421736,0.8431644727709442,0.0,0.0,0.0,0.0,0.0,0.0,0.0,0
FAF2,0.6438692612884942,0.3644526641855227,0.04069112151501125,0.6881465827946658,0.030996842428407712,0.0,0.9444357787278939,0.0,0.0,0.0,0.0,1.0,0.0,0.0,0
NOMO1,0.698658605705649,0.6131196200653017,0.0,0.027022454736322685,0.0,0.0,0.0,0.0,0.0,1.0,0.0,0.0,0.0,0.0,0
FOXRED2,0.5002833931607784,0.12554132322609615,0.5761030411536032,0.9328727464231963,0.21954199224827292,0.828548350098222,0.9169946508944699,0.0,0.0,0.0,1.0,0.0,0.0,0.0,0
UBXN1,0.6523710561118459,0.2897382621336317,0.02418194138191464,0.5896248475408307,0.058097837287094764,0.0,0.0,0.0,0.0,0.0,0.0,0.0,0.0,0.0,0
CDON,0.48460230493104095,0.08456743612576179,0.028306377344603117,0.0,0.037990683997089165,0.0,0.0,0.0,0.0,0.0,1.0,0.0,0.0,0.0,0
ADA,0.9351974305686757,0.5415195865774675,0.033130210032173195,0.355543922408568,0.0,0.0,0.0,0.0,0.0,0.0,0.0,0.0,0.0,0.0,0
TMEM150C,0.541847723408275,0.23599485505095474,0.07012019691883592,0.0,0.10201259635575988,0.0,0.0,0.0,0.0,0.0,0.0,1.0,0.0,0.0,0
BAP1,0.033062535424145056,0.17685686234216946,0.0,0.8686888181701365,0.0,0.9166457732724869,0.0,0.0,0.0,0.0,0.0,0.0,0.0,0.0,0
ANKRD28,0.5966370678254298,0.3204252954920809,0.0,0.9342184857400164,0.0,0.8470469742536911,0.0,0.0,0.0,0.0,0.0,1.0,0.0,0.0,0
HLTF,0.8344983941054223,0.4289745873005,0.0,0.9004085641770649,0.0,0.0,0.0,0.0,0.0,0.0,0.0,0.0,0.0,0.0,0
NCOR2,0.7116946911014548,0.31744487826411244,0.7141253501019889,0.7733005734862461,0.6953163601457639,0.742879124229387,0.8851142830528997,0.0,0.0,0.0,0.0,1.0,0.0,0.0,0
ASCC1,0.8596259210277726,0.2994055909461074,0.0,0.8698973206340662,0.0,0.9525959093559251,0.0,0.0,0.0,0.0,0.0,0.0,0.0,0.0,0
RPS6KA5,0.5477045153976952,0.23865104915861823,0.0,0.0,0.0,0.9552722100366774,0.0,0.0,0.0,0.0,0.0,1.0,0.0,0.0,0
EPN1,0.7740411864726997,0.3888120190880654,0.9640234074662151,0.46857987359705017,0.8435651263994258,0.9602259081763457,0.9010385922826775,0.0,0.0,1.0,1.0,0.0,0.0,0.0,0
SLC45A1,0.5488380880408086,0.15025838908296607,0.8105012747880223,0.8346415463851907,0.5836232729717782,0.0,0.9516215850972872,0.0,0.0,0.0,0.0,0.0,0.0,0.0,0
SLC27A4,0.5000944643869261,0.2776917749313118,0.044345324241225025,0.31667634700665687,0.0,0.0,0.0,0.0,0.0,0.0,0.0,0.0,0.0,0.0,0
NHP2,0.6438692612884942,0.36884109261669373,0.03484098019223835,0.12270247676017781,0.7782510071299511,0.0,0.0,0.0,1.0,0.0,0.0,0.0,0.0,0.0,0
TRUB1,0.7515586623842812,0.22187516648781125,0.04040104216527696,0.30773220810598334,0.05400500176300164,0.0,0.0,0.0,0.0,0.0,0.0,0.0,0.0,0.0,0
CIB2,0.9351974305686757,0.28704705801767244,0.0,0.8980407202169303,0.0,0.7591926775398061,0.0,0.0,0.0,0.0,0.0,0.0,0.0,0.0,0
CHP2,0.698658605705649,0.597372727203538,0.0,0.0,0.0,0.0,0.5362403592726339,0.0,0.0,0.0,0.0,0.0,0.0,0.0,0
METTL16,0.46476478367655394,0.043520484660288405,0.02920595372881285,0.06001269942458031,0.08372703491332845,0.0,0.0,0.0,0.0,0.0,0.0,0.0,0.0,0.0,0
PIK3R5,0.0,0.014008569841160778,0.8185279671876039,0.8782209444494576,0.0,0.0,0.9151691008969322,0.0,0.0,0.0,0.0,0.0,0.0,0.0,0
POLE,0.48573587757415454,0.29756223790061725,0.9138372490431884,0.9428593795041533,0.9580825178924357,0.9283430288867814,0.9459019078392189,0.0,0.0,0.0,0.0,0.0,0.0,0.0,0
MTMR4,0.9351974305686757,0.5334368411839473,0.032182516573057,0.43976218994101957,0.657593984050445,0.0,0.937978837925881,0.0,0.0,0.0,1.0,0.0,0.0,0.0,0
KIF5C,0.5074626865671641,0.24678250412889777,0.9652974753356829,0.5677443614544336,0.8537385944565684,0.0,0.8542136881432177,0.0,0.0,0.0,1.0,1.0,0.0,0.0,0
ZNF318,0.9351974305686757,0.40489987898714513,0.0,0.0,0.0,0.0,0.8222474025051667,0.0,0.0,0.0,0.0,0.0,0.0,0.0,0
NAALADL2,0.9351974305686757,0.5017071184479913,0.02971981194804396,0.0,0.0465059563913533,0.0,0.9046612630193034,0.0,0.0,0.0,1.0,0.0,0.0,0.0,0
MCPH1,0.6754203665218212,0.07943466447473577,0.9478758104159853,0.9408810341827082,0.0,0.0,0.9307812867306722,0.0,0.0,0.0,0.0,0.0,0.0,0.0,0
TRIT1,0.9051577555261667,0.28187318766125535,0.03461434870190043,0.0872056451285875,0.45265159345272643,0.0,0.0,0.0,0.0,0.0,0.0,0.0,0.0,0.0,0
BAX,0.9351974305686757,0.3439565875897132,0.06260210606957883,0.0,0.04716422470682071,0.990083402471761,0.0,0.0,0.0,0.0,0.0,0.0,0.0,0.0,0
CSNK1G1,0.9351974305686757,0.2517417479127185,0.0,0.0,0.0,0.0,0.8279875149040313,0.0,0.0,0.0,0.0,1.0,0.0,0.0,0
STAMBP,0.4823351596448139,0.33544915557382166,0.030621246903146344,0.0,0.8299228693660861,0.0,0.0,0.0,0.0,0.0,0.0,0.0,0.0,0.0,0
NHLRC3,0.5375023616096731,0.12364773842957288,0.0,0.0,0.0,0.0,0.8881770410649464,0.0,0.0,0.0,0.0,0.0,0.0,0.0,0
ZNF260,0.7738522576988475,0.40452999063862827,0.0,0.0,0.0,0.9160075816395746,0.0,0.0,0.0,0.0,0.0,0.0,0.0,0.0,0
PSIP1,0.9351974305686757,0.27532022741283646,0.0481171281165924,0.5186368170552346,0.08191919164199205,0.9497469903737142,0.0,0.0,0.0,0.0,0.0,0.0,0.0,0.0,0
OLA1,0.9351974305686757,0.27665974077372113,0.03246531196028044,0.05666891609842979,0.9165895055780555,0.0,0.0,0.0,0.0,0.0,0.0,0.0,0.0,0.0,0
VSTM5,0.9351974305686757,0.1671042917703648,0.09518584026943669,0.4003398858820928,0.24857989682803758,0.8915199401491393,0.0,0.0,0.0,0.0,0.0,0.0,0.0,0.0,0
PHF3,1.0,0.35051715870950073,0.023229785462129345,0.0,0.027602218675687764,0.0,0.9344358565846924,0.0,0.0,0.0,0.0,0.0,0.0,0.0,0
XPO4,0.8091819384092198,0.16635081550486716,0.03372552920518041,0.036519547191294736,0.5191843891767606,0.0,0.8732432245293086,0.0,0.0,0.0,0.0,0.0,0.0,0.0,0
RFK,0.5201209144152654,0.2657792390650805,0.04065948070600986,0.0,0.0,0.0,0.0,0.0,0.0,0.0,0.0,0.0,0.0,0.0,0
COG6,0.5375023616096731,0.11920451172454741,0.02405550633969601,0.07258465670323948,0.06344064617072574,0.0,0.0,0.0,0.0,0.0,0.0,1.0,0.0,0.0,0
GNAI2,0.4385036841110901,0.18081147110532683,0.03904971393098082,0.502197895493596,0.2265234484419212,0.6001550792680911,0.8504389763972026,0.0,0.0,0.0,0.0,0.0,0.0,0.0,0
TTI2,1.0,0.22232573007283596,0.15008770320093867,0.04172983519155372,0.0,0.9312089404933567,0.0,0.0,0.0,0.0,0.0,0.0,0.0,0.0,0
GLYR1,0.9285849234838466,0.6186481570274982,0.0,0.0,0.0,0.9254725041313223,0.0,0.0,0.0,0.0,0.0,0.0,0.0,0.0,0
REEP1,0.750047232193463,0.33378541909263193,0.04323121789793137,0.10393015349910048,0.32728360162132925,0.5308935156103675,0.0,0.0,0.0,0.0,0.0,1.0,0.0,0.0,0
SCO1,0.0,0.018476151334565705,0.0,0.9615223625330911,0.0,0.0,0.0,0.0,0.0,0.0,0.0,0.0,0.0,0.0,0
CYB5R4,0.5832231248819195,0.21322312791591502,0.023547348826096357,0.039238979880400336,0.0,0.0,0.0,0.0,1.0,0.0,0.0,0.0,0.0,0.0,0
CLNS1A,0.9351974305686757,0.48869861710467244,0.026614175346540123,0.0,0.0,0.0,0.0,0.0,0.0,0.0,0.0,0.0,0.0,0.0,0
RANBP1,0.5830341961080672,0.1557336499455822,0.0,0.0,0.8869171417352789,0.8059721588909615,0.9306787418920203,0.0,0.0,0.0,0.0,1.0,0.0,0.0,0
NFE2L2,0.9036463253353486,0.28727233981018485,0.0,0.0,0.03394982782700001,0.5365493808935438,0.0,0.0,0.0,0.0,0.0,0.0,0.0,0.0,0
DHX16,0.8938220290950312,0.3932643788387331,0.03397002352187028,0.13159029620598114,0.28344955625101625,0.8301065688696743,0.0,0.0,0.0,0.0,0.0,0.0,0.0,0.0,0
CCDC126,0.9351974305686757,0.44576112519122313,0.06804704543217578,0.0,0.2990520574384722,0.0,0.47717609713237147,0.0,1.0,0.0,0.0,0.0,0.0,0.0,0
CCDC40,0.7791422633667108,0.48454917003447745,0.9186207712832447,0.8173740210150227,0.7970097189421318,0.9260930241202386,0.594875034346378,0.0,0.0,0.0,0.0,0.0,0.0,0.0,0
SLC29A1,0.9351974305686757,0.4115335144720718,0.038542594147833655,0.14693296721950913,0.21186179107802955,0.0,0.7444140525880882,0.0,1.0,0.0,0.0,0.0,0.0,0.0,0
LPCAT4,0.7763083317589269,0.2050764512028982,0.030229156479726443,0.4253022729649016,0.0368146295079261,0.0,0.0,0.0,0.0,1.0,0.0,0.0,0.0,0.0,0
CAMSAP2,0.7169846967693179,0.9027224086885715,0.03192941801147098,0.05915166906878563,0.03787799826585592,0.0,0.8912641442101064,0.0,1.0,0.0,0.0,0.0,0.0,0.0,0
SLMAP,0.03721896844889472,0.18828382461507998,0.04017683720324056,0.04709630581734806,0.20880644022275605,0.0,0.8889710405763708,0.0,0.0,0.0,0.0,1.0,0.0,0.0,0
TUBD1,0.9351974305686757,0.6572154866010608,0.0,0.0,0.0,0.9586443276805431,0.0,0.0,1.0,0.0,0.0,0.0,0.0,0.0,0
MRPS36,0.5505384470054789,0.25799331765493827,0.05790427932534263,0.13972197132944456,0.031129444246105305,0.0,0.0,0.0,0.0,0.0,0.0,1.0,0.0,0.0,0
PCYOX1L,0.6363121103344039,0.31445685016477537,0.0,0.0,0.0,0.0,0.9012487839224406,0.0,0.0,0.0,1.0,0.0,0.0,0.0,0
AKAP8,0.9351974305686757,0.3544778561697529,0.8828069185904721,0.8461466789578943,0.8621534494375749,0.9284403385928349,0.0,0.0,0.0,0.0,0.0,0.0,0.0,0.0,0
STARD3,0.9351974305686757,0.6545699477133139,0.03683167231126801,0.05077279232860553,0.09129463355153099,0.0,0.8894424498752276,0.0,0.0,0.0,1.0,0.0,0.0,0.0,0
PEX14,0.44738333648214623,0.13932004475192356,0.032876687630235615,0.08147263486648779,0.042393280387342455,0.0,0.0,0.0,0.0,0.0,0.0,0.0,0.0,0.0,0
CACUL1,0.5237105611184584,0.21637859518536282,0.058822545419858714,0.04676201096334356,0.0,0.0,0.0,0.0,0.0,0.0,0.0,1.0,0.0,0.0,0
ZNF215,0.5006612507084829,0.24032391868545033,0.0,0.0,0.0,0.0,0.7917461821906552,0.0,0.0,0.0,0.0,0.0,0.0,0.0,0
THADA,0.6793878707727187,0.33214603739982196,0.029063109941705485,0.03903261045752459,0.0807232385325503,0.0,0.0,0.0,0.0,1.0,1.0,0.0,0.0,0.0,0
PSMB6,0.5324012847156622,0.048210303597658766,0.03329653105699492,0.9304209034367585,0.04890408849619307,0.0,0.9713831058144035,0.0,0.0,0.0,0.0,0.0,0.0,0.0,0
CHRNA5,0.9351974305686757,0.28507888668173614,0.027594923000807643,0.345260129451462,0.14923066682026295,0.0,0.0,0.0,0.0,0.0,0.0,0.0,0.0,0.0,0
STK36,0.5184205554505952,0.25497180172157907,0.0,0.0,0.0,0.0,0.9231179561233888,0.0,0.0,0.0,0.0,0.0,0.0,0.0,0
UBXN2A,0.4813905157755526,0.31240343706951007,0.02915454913810442,0.0,0.05900885049686199,0.0,0.0,0.0,0.0,1.0,0.0,0.0,0.0,0.0,0
GPR3,0.4524844133761572,0.14769504760600055,0.029260546456534416,0.1892481970242924,0.09684534017206313,0.0,0.034823323966316475,0.0,0.0,0.0,0.0,0.0,0.0,0.0,0
RASSF4,0.7634611751369734,0.3050345914103706,0.0,0.0,0.0,0.0,0.7667286431988722,0.0,0.0,1.0,1.0,0.0,0.0,0.0,0
UBA52,0.6928018137162291,0.34290324299229025,0.03531245259076701,0.09634336853489951,0.0,0.0,0.0,0.0,0.0,0.0,0.0,0.0,0.0,0.0,0
NDUFA4,0.711127904779898,0.42809020404746145,0.0,0.0,0.7226986217228282,0.9368528121375058,0.0,0.0,0.0,0.0,0.0,0.0,0.0,0.0,0
DHX37,0.7116946911014548,0.3151905381647145,0.028902565583808732,0.0,0.41474357861890887,0.9018731770093077,0.0,0.0,0.0,0.0,0.0,0.0,0.0,0.0,0
PDGFC,0.4991498205176648,0.23222442937491916,0.0,0.046339678581393505,0.0,0.31530105292376537,0.0,0.0,0.0,0.0,0.0,0.0,0.0,0.0,0
TRAM1L1,0.45078405441148683,0.21753544763339955,0.05458504171114442,0.3100892590423848,0.0,0.0,0.0,0.0,0.0,0.0,0.0,0.0,0.0,0.0,0
ARHGAP9,0.8567919894199887,0.32724463623840294,0.0,0.0,0.0,0.6983235564985755,0.0,0.0,0.0,0.0,0.0,0.0,0.0,0.0,0
ZNF606,0.8314755337237861,0.37822529701425517,0.0,0.0,0.0,0.9121922072317004,0.0,0.0,0.0,0.0,1.0,0.0,0.0,0.0,0
GPC1,0.04515397695068957,0.22423758096064417,0.5546559493907298,0.6943437056939643,0.722409267862227,0.91812241610356,0.8461183244290793,0.0,0.0,0.0,1.0,0.0,0.0,0.0,0
TEX10,0.49499338749291516,0.25047225456842553,0.02975361808358261,0.09259963632340405,0.9480234844201263,0.0,0.0,0.0,0.0,0.0,0.0,0.0,0.0,0.0,0
ATP6V1B2,0.5618741734366144,0.07404921189426966,0.02506291877402484,0.0,0.03991734592872834,0.0,0.0,0.0,0.0,0.0,0.0,0.0,0.0,0.0,0
E2F3,0.9351974305686757,0.4394410576066854,0.0328168478147196,0.03919560613865414,0.05750597055699802,0.0,0.8905826163963663,0.0,0.0,0.0,0.0,1.0,0.0,0.0,0
UGP2,0.533723786132628,0.3476158945437663,0.02905272984011212,0.042822516147873975,0.049176453387090924,0.0,0.9224176477787699,0.0,1.0,0.0,0.0,0.0,0.0,0.0,0
ATP11A,0.6599282070659362,0.23014513931700048,0.8632995836167132,0.8529672106460768,0.8462340155940157,0.8372119919287029,0.8710505885635281,0.0,0.0,0.0,0.0,0.0,0.0,0.0,0
AGL,0.6395238994898923,0.2260839783546818,0.03759597655111573,0.20422983546576018,0.17975091943353097,0.0,0.0,0.0,0.0,0.0,0.0,0.0,0.0,0.0,0
UBE3D,0.5832231248819195,0.21582147940117652,0.10572054229772568,0.05721130817153532,0.0,0.0,0.0,0.0,0.0,0.0,0.0,0.0,0.0,0.0,0
ECSIT,0.9351974305686757,0.3221331750272089,0.020364699503052405,0.05906751519907641,0.20080053529082173,0.0,0.0,0.0,0.0,0.0,0.0,0.0,0.0,0.0,0
SFR1,0.6519931985641413,0.21946404243821876,0.02913448164883096,0.04846034801208537,0.8674139684226116,0.0,0.0,0.0,0.0,0.0,0.0,1.0,0.0,0.0,0
TSPAN17,0.6438692612884942,0.3661331445837235,0.05064227287129766,0.039723899766267966,0.048344190151784185,0.0,0.0,0.0,0.0,0.0,0.0,0.0,0.0,0.0,0
L3MBTL2,0.5590402418288305,0.12411352375733495,0.03064413740391976,0.485270163552806,0.043868567378910185,0.0,0.0,0.0,0.0,0.0,1.0,0.0,0.0,0.0,0
HK3,0.6438692612884942,0.3661331445837235,0.8807321559889277,0.6786200126917754,0.8120534921751339,0.4013713410553008,0.840126490172759,0.0,0.0,0.0,0.0,0.0,0.0,0.0,0
MED19,0.9351974305686757,0.30108454917003447,0.0,0.0,0.0,0.9137438353409227,0.0,0.0,0.0,0.0,0.0,1.0,0.0,0.0,0
RBM19,0.48573587757415454,0.30067660646467415,0.03334201813210728,0.04963564883260758,0.8627066729723517,0.8122331871666851,0.0,0.0,0.0,0.0,0.0,0.0,0.0,0.0,0
CDPF1,0.771962969960325,0.13035748262818594,0.06899736608638586,0.0,0.0,0.9197757213405482,0.0,0.0,0.0,0.0,0.0,0.0,0.0,0.0,0
C20orf27,0.9351974305686757,0.43546970492651715,0.041403325015093445,0.3451594044165984,0.5175291290134326,0.8712320806373088,0.9934001587056676,0.0,1.0,0.0,0.0,0.0,0.0,0.0,0
CCT6B,0.9351974305686757,0.28987677999254136,0.0,0.0,0.0,0.8613764365673571,0.9487391292343785,0.0,0.0,0.0,0.0,0.0,0.0,0.0,0
KEAP1,0.9351974305686757,0.33360580252833144,0.07140264324343122,0.4056833181339168,0.0,0.9655400308531227,0.0,0.0,0.0,0.0,0.0,0.0,0.0,0.0,0
PIH1D1,0.7961458530134139,0.356850925862502,0.05344337988214252,0.3992202127609526,0.0,0.0,0.8011121906317848,0.0,0.0,0.0,0.0,0.0,0.0,0.0,0
ATXN7L2,0.6941243151331947,0.25735857098279186,0.037955250172453686,0.06427356146808419,0.0,0.47935124908987187,0.8880485222627793,0.0,0.0,0.0,0.0,0.0,0.0,0.0,0
FUS,0.7266200642357831,0.5867403399015155,0.02574455991965479,0.0,0.06178377771143915,0.0,0.0,0.0,1.0,0.0,0.0,0.0,0.0,0.0,0
PIP4K2C,0.9351974305686757,0.35228135869275673,0.037664001632703316,0.0939437292644444,0.053061969313738785,0.7333129228930543,0.0,0.0,0.0,0.0,0.0,0.0,0.0,0.0,0
TUBB,0.8938220290950312,0.3941913829714363,0.03658075567451902,0.15132231715458933,0.2637323497640889,0.0,0.0,0.0,0.0,0.0,0.0,0.0,0.0,0.0,0
OXA1L,0.9351974305686757,0.32289273998980145,0.0,0.0,0.0,0.0,0.7309569339260404,0.0,0.0,0.0,0.0,0.0,0.0,0.0,0
SND1,0.9351974305686757,0.4047141737257499,0.0,0.0,0.0,0.0,0.880127389394269,0.0,0.0,0.0,1.0,0.0,0.0,0.0,0
BRD2,0.6425467598715284,0.3823047240678584,0.03749332811301438,0.05945491476719453,0.08722511626411115,0.0,0.793393389865951,0.0,0.0,0.0,0.0,0.0,0.0,0.0,0
GMPS,0.7997354997166068,0.44099824188871384,0.036043837258626046,0.11224665065132206,0.0,0.0,0.0,0.0,0.0,0.0,0.0,0.0,0.0,0.0,0
ARPC5,0.7895333459285849,0.8795686158108248,0.0,0.0,0.0,0.6798822969953023,0.0,0.0,0.0,0.0,0.0,0.0,0.0,0.0,0
SERINC3,0.9351974305686757,0.5350351241713664,0.04687990240838835,0.11032959164603406,0.05038385417036684,0.9779856939807289,0.0,0.0,1.0,0.0,0.0,0.0,0.0,0.0,0
NGEF,0.05686756092952955,0.22848596935863186,0.48261571126428265,0.7040727860470354,0.5997228565209136,0.9763193652272902,0.8398467471140983,0.0,0.0,0.0,0.0,0.0,0.0,0.0,0
ZNF770,0.8435669752503306,0.20630332366752668,0.03391688322968556,0.18130043644590935,0.033015929619102505,0.0,0.0,0.0,0.0,0.0,0.0,0.0,0.0,0.0,0
TFG,0.6043831475533723,0.3616518635218546,0.02342227469929778,0.05111341840526286,0.04797695585886765,0.0,0.0,0.0,0.0,0.0,0.0,0.0,0.0,0.0,0
APPBP2,0.9351974305686757,0.6454155916310857,0.0,0.0,0.0,0.9166329005702826,0.0,0.0,1.0,0.0,0.0,0.0,0.0,0.0,0
PTOV1,0.5870017003589647,0.34370086231172614,0.0,0.8535836634209495,0.0,0.0,0.0,0.0,0.0,0.0,0.0,0.0,0.0,0.0,0
ALS2,0.4762894388815416,0.26541239506511094,0.04186912970259,0.8960332502715818,0.09012782071213604,0.9178767237878084,0.0,0.0,0.0,0.0,1.0,0.0,0.0,0.0,0
FAM117A,0.9351974305686757,0.5024012299168134,0.04704050303352879,0.03650616562774134,0.047494761713237105,0.9173008721519522,0.7703031880782097,0.0,0.0,0.0,0.0,0.0,0.0,0.0,0
RASA1,0.5505384470054789,0.26347162286610193,0.0,0.0,0.045187466017004525,0.0,0.0,0.0,0.0,0.0,0.0,0.0,0.0,0.0,0
ZNF682,0.6928018137162291,0.32836952302669137,0.09695215656634408,0.025276951186684025,0.07458222105717413,0.8595708318991127,0.0,0.0,0.0,0.0,0.0,0.0,0.0,0.0,0
KLC4,0.9351974305686757,0.40571119787504467,0.0,0.0,0.8034200274998472,0.8582715713061293,0.9886375029993281,0.0,0.0,0.0,0.0,1.0,0.0,0.0,0
TMOD3,0.9351974305686757,0.2367863856732958,0.08156680034727141,0.29590747041230697,0.06038436779488324,0.0,0.0,0.0,0.0,0.0,0.0,0.0,0.0,0.0,0
LONRF1,0.5618741734366144,0.08598153602605968,0.03223547032877832,0.0,0.0,0.0,0.0,0.0,0.0,0.0,0.0,1.0,0.0,0.0,0
RNF41,0.44322690345739657,0.32184852843802086,0.0,0.0,0.0,0.9487333238333509,0.0,0.0,0.0,1.0,0.0,0.0,0.0,0.0,0
LARP4,0.4568297751747591,0.3200797619319436,0.04812994080053061,0.06135551536901797,0.058076451537780016,0.0,0.0,0.0,0.0,0.0,0.0,0.0,0.0,0.0,0
DCTN4,0.6363121103344039,0.3141432822643864,0.04281843845288503,0.04838979505359177,0.3178111148157649,0.0,0.0,0.0,0.0,0.0,0.0,0.0,0.0,0.0,0
CENPB,0.9351974305686757,0.43546970492651715,0.0,0.6179121896457648,0.0,0.0,0.0,0.0,0.0,0.0,0.0,0.0,0.0,0.0,0
HSPD1,0.9351974305686757,0.2981513193445518,0.0,0.0,0.0,0.8891512897401571,0.0,0.0,0.0,0.0,0.0,0.0,0.0,0.0,0
NDRG4,0.52635556395239,0.019406199815816982,0.11519321776515326,0.48090379865653454,0.2521146411535172,0.7312225252635928,0.8459575532941557,0.0,0.0,0.0,0.0,0.0,0.0,0.0,0
CLMN,0.9172491970527111,0.25734943793714943,0.0,0.0,0.0,0.8299210996599165,0.0,0.0,0.0,0.0,0.0,0.0,0.0,0.0,0
TRPC1,0.6140185150198375,0.40573859701197196,0.0,0.0,0.0,0.0,0.9147705030211678,0.0,0.0,0.0,0.0,1.0,0.0,0.0,0
IFT81,0.5127526922350274,0.29961869534443,0.031143092817420764,0.10052802522868762,0.02833019816220685,0.0,0.0,0.0,0.0,0.0,0.0,0.0,0.0,0.0,0
GNB1,0.0253164556962025,0.15959540607804193,0.0,0.3326350509110953,0.0,0.0,0.9652501933849341,0.0,0.0,0.0,0.0,0.0,0.0,0.0,0
BCO2,0.47232193463064426,0.07087091201071574,0.0,0.0,0.0,0.8026983092970146,0.0,0.0,0.0,1.0,0.0,0.0,0.0,0.0,0
TTBK2,0.05403362932174571,0.17340152674079662,0.032949396851625054,0.43083250650202126,0.0,0.0,0.0,0.0,0.0,0.0,0.0,0.0,0.0,0.0,0
SPAG8,0.9351974305686757,0.311362269866277,0.03874741910158548,0.9104638325109542,0.0,0.0,0.0,0.0,0.0,0.0,0.0,0.0,0.0,0.0,0
LMF2,0.5254109200831287,0.13635941578951355,0.9052613917335834,0.8711427644120429,0.0,0.974742823532137,0.0,0.0,0.0,0.0,0.0,0.0,0.0,0.0,0
PSTPIP1,0.9351974305686757,0.2822598199267834,0.7654872208014472,0.7765610661013104,0.7893836731193419,0.9570556099489438,0.5604980416385055,0.0,0.0,0.0,0.0,0.0,0.0,0.0,0
PPP2R5B,0.9351974305686757,0.3090363875760136,0.03639223669088206,0.03686384352844504,0.9101134787124013,0.0,0.8898013718703025,0.0,0.0,0.0,0.0,0.0,0.0,0.0,0
GRPEL1,0.608539580578122,0.20816798715284907,0.036609860186092046,0.0,0.18207377391717394,0.9385834740380147,0.0,0.0,0.0,0.0,0.0,0.0,0.0,0.0,0
TERF1,0.9351974305686757,0.7766939896948806,0.03645274466305416,0.06137135239585204,0.049735153896233224,0.0,0.0,0.0,0.0,0.0,0.0,1.0,0.0,0.0,0
EBAG9,0.9351974305686757,0.899671971444011,0.033115645720021715,0.035074444680038584,0.12028525618613149,0.0,0.0,0.0,0.0,0.0,0.0,0.0,0.0,0.0,0
EIF2B5,0.9351974305686757,0.46964708389463516,0.0,0.0,0.0,0.0,0.5795547433162952,0.0,1.0,0.0,0.0,0.0,0.0,0.0,0
RPS6,0.9351974305686757,0.2847805405240846,0.023555812661294473,0.15755174072226233,0.04185256796657297,0.0,0.0,0.0,0.0,0.0,0.0,0.0,0.0,0.0,0
CCND3,0.9351974305686757,0.41627965385757004,0.03287429660527036,0.30655184032506766,0.06743020640387969,0.9071393638236604,0.9311963464756426,0.0,0.0,0.0,0.0,0.0,0.0,0.0,0
SCD5,0.541847723408275,0.23478472650333734,0.052008918633020707,0.7101492002564154,0.5339426253538003,0.8614477967011568,0.0,0.0,0.0,0.0,0.0,0.0,0.0,0.0,0
LUZP1,0.4783676553939165,0.14210410149858071,0.04616356114631506,0.9250122974315625,0.440480254058784,0.9139054594691506,0.0,0.0,0.0,0.0,0.0,1.0,0.0,0.0,0
RBBP6,0.698658605705649,0.5989116453942817,0.048831581632879234,0.029035063336067216,0.044505502914891755,0.9224528657612766,0.0,0.0,0.0,0.0,1.0,0.0,0.0,0.0,0
METTL21A,0.9023238239183828,0.27466112595231024,0.059017070172998023,0.03331038014295907,0.6063426575038814,0.9100965285187379,0.0,0.0,0.0,0.0,0.0,0.0,0.0,0.0,0
EXOG,0.5121859059134706,0.2444398779216232,0.061910266831747565,0.13359011061650242,0.0,0.0,0.0,0.0,0.0,1.0,0.0,0.0,0.0,0.0,0
DGCR2,0.5830341961080672,0.1557336499455822,0.0,0.9528940096250721,0.0,0.0,0.0,0.0,0.0,0.0,0.0,0.0,0.0,0.0,0
UBE3C,0.6776875118080483,0.3867022855446721,0.03719381925159644,0.0,0.6210985597955683,0.0,0.0,0.0,0.0,0.0,0.0,0.0,0.0,0.0,0
PIK3CG,0.6153410164368034,0.3807947271883158,0.9586031656774741,0.6840444788130368,0.9293989168568234,0.7847188402064175,0.7799288458106948,0.0,0.0,0.0,0.0,0.0,0.0,0.0,0
APLF,0.4823351596448139,0.33120076717583397,0.0,0.0,0.0,0.0,0.93808485634898,0.0,0.0,0.0,0.0,0.0,0.0,0.0,0
DNAH6,0.642168902323824,0.34018463973940377,0.04975152220544004,0.3542404221235883,0.07303740476290738,0.0,0.0,0.0,0.0,0.0,0.0,0.0,0.0,0.0,0
STK19,0.6425467598715284,0.3823793106072713,0.0,0.0,0.0,0.8236148351699383,0.912740317942535,0.0,0.0,0.0,0.0,0.0,0.0,0.0,0
PGGT1B,0.546948800302286,0.28009681028380945,0.0,0.0,0.9407443098186477,0.9234313594131962,0.0,0.0,0.0,0.0,0.0,0.0,0.0,0.0,0
CACNA2D2,0.05138862648781409,0.17789498519685515,0.050770586766179744,0.33181216347680903,0.3751966779851328,0.8436879696424204,0.0,0.0,0.0,0.0,0.0,0.0,0.0,0.0,0
MAGOHB,0.9351974305686757,0.3750150314709531,0.04776628699429195,0.029331940480258202,0.05821042686644616,0.0,0.0,0.0,0.0,0.0,0.0,0.0,0.0,0.0,0
RUSC2,0.9351974305686757,0.3119878834927811,0.0572984978333106,0.0,0.0,0.0,0.0,0.0,0.0,0.0,0.0,0.0,0.0,0.0,0
TOMM40,0.9351974305686757,0.34302958345701,0.0,0.0,0.0,0.0,0.9611799605496659,0.0,0.0,0.0,0.0,0.0,0.0,0.0,0
GGNBP2,0.9351974305686757,0.3268640926699698,0.045162063522114756,0.0,0.01889381971083983,0.0,0.0,0.0,0.0,0.0,0.0,0.0,0.0,0.0,0
UBXN2B,0.9351974305686757,0.7006065864480829,0.025423710076074784,0.06036903521091412,0.0,0.0,0.0,0.0,0.0,0.0,0.0,0.0,0.0,0.0,0
PPP1CB,0.5813338371433969,0.3320029530180911,0.0,0.0,0.0,0.0,0.7738934023351948,0.0,0.0,0.0,0.0,0.0,0.0,0.0,0
IDH1,0.5575288116380124,0.26730597986163435,0.0,0.0,0.0,0.9420904833934076,0.0,0.0,0.0,0.0,0.0,0.0,0.0,0.0,0
ZBED8,0.6589835631966748,0.3136820634594455,0.03149881860847186,0.0,0.5622765931978564,0.0,0.0,0.0,0.0,0.0,0.0,1.0,0.0,0.0,0
CD44,0.9351974305686757,0.3959038290293857,0.0,0.0,0.048562059545748645,0.0,0.7070004582046657,0.0,0.0,0.0,0.0,0.0,0.0,0.0,0
EXOSC2,0.5756659739278291,0.27055277758750595,0.040213384730824565,0.45536294747498357,0.7926937579755405,0.0,0.9488882469972528,0.0,0.0,0.0,0.0,0.0,0.0,0.0,0
ZFYVE16,0.5505384470054789,0.2573433492400544,0.038904616526950445,0.051173276032903656,0.05264050395097485,0.0,0.0,0.0,0.0,0.0,1.0,0.0,0.0,0.0,0
GNAI3,0.6941243151331947,0.25860827606152625,0.029370669593785457,0.0,0.0,0.0,0.0,0.0,0.0,0.0,0.0,0.0,0.0,0.0,0
MYO5C,0.9351974305686757,0.24054006743232034,0.046510225467227356,0.17611054816909283,0.0,0.7670464713557132,0.0,0.0,0.0,0.0,0.0,0.0,0.0,0.0,0
TTC32,0.5324012847156622,0.320504448554315,0.0,0.0,0.7023482165504324,0.8902849581426509,0.0,0.0,0.0,0.0,0.0,0.0,0.0,0.0,0
RPAP3,0.6058945777441904,0.33293147932506795,0.0,0.0,0.0,0.8482520285089934,0.0,0.0,0.0,0.0,0.0,0.0,0.0,0.0,0
SH3GL3,0.9351974305686757,0.29818785152712135,0.050111117840105614,0.7077682021932463,0.0,0.0,0.0,0.0,0.0,0.0,1.0,0.0,0.0,0.0,0
AP3B2,0.9351974305686757,0.3036250580328942,0.04303296530727359,0.18011543780168698,0.0,0.0,0.0,0.0,0.0,0.0,0.0,0.0,0.0,0.0,0
OXSR1,0.5121859059134706,0.24716761422015204,0.029217290572705275,0.049863412172567505,0.0,0.0,0.0,0.0,0.0,0.0,0.0,0.0,0.0,0.0,0
VEZF1,0.9351974305686757,0.5055232093522389,0.0,0.0,0.0,0.7730905823083641,0.0,0.0,0.0,0.0,0.0,0.0,0.0,0.0,0
TSPAN15,0.5779331192140562,0.26942332427639637,0.05055693610681048,0.18379402960386373,0.08480330387613878,0.0,0.0,0.0,0.0,0.0,0.0,0.0,0.0,0.0,0
MCOLN1,0.9351974305686757,0.30240731861390807,0.025147157384491345,0.0,0.049781630335502564,0.9891626410366269,0.0,0.0,0.0,0.0,0.0,1.0,0.0,0.0,0
ABAT,0.698658605705649,0.6142049303224733,0.026624042205567116,0.2805387987580145,0.038718713634237394,0.0,0.920117294439124,0.0,0.0,1.0,0.0,0.0,0.0,0.0,0
DCAF4,0.7132061212922729,0.227073391632608,0.05253166344708474,0.7669069301724195,0.0,0.0,0.8729023319987214,0.0,0.0,0.0,0.0,0.0,0.0,0.0,0
ABCC1,0.698658605705649,0.6131196200653017,0.044345528548163426,0.1844786061210103,0.23685818184991164,0.0,0.0,0.0,0.0,0.0,0.0,0.0,0.0,0.0,0
USP31,0.698658605705649,0.5985006583403738,0.024706247284860306,0.7334736535272603,0.04450182003508566,0.8733432587418927,0.0,0.0,0.0,0.0,0.0,0.0,0.0,0.0,0
CEP170B,0.7640279614585301,0.2833907954121667,0.5597745808175515,0.742726431301367,0.876205742444675,0.804713195768637,0.7541413785993029,0.0,0.0,0.0,0.0,0.0,0.0,0.0,0
ARID4B,0.9351974305686757,0.8998454993112163,0.0,0.0,0.0,0.9233302207520483,0.9553905782086001,0.0,0.0,0.0,0.0,0.0,0.0,0.0,0
PDCL,0.7115057623276024,0.2840057538187547,0.057498849080947316,0.48521870948415036,0.0,0.0,0.0,0.0,0.0,0.0,0.0,0.0,0.0,0.0,0
ZMYND11,0.8760627243529189,0.4360374759306194,0.05391774121246709,0.13919303800630733,0.0933287471258717,0.0,0.0,0.0,0.0,0.0,0.0,0.0,0.0,0.0,0
GNA12,0.689212167013036,0.42967326529214334,0.0286843789987924,0.0,0.05176381874561336,0.0,0.0,0.0,0.0,0.0,0.0,0.0,0.0,0.0,0
LMBR1L,0.9351974305686757,0.3293361036905116,0.04399916863344085,0.04860454901439002,0.18396289453884154,0.8998526474530444,0.6469790246138883,0.0,0.0,0.0,1.0,0.0,0.0,0.0,0
HOMEZ,0.9351974305686757,0.325029872670122,0.023361102568505415,0.11711621300128379,0.06258690827960524,0.0,0.0,0.0,0.0,0.0,0.0,0.0,0.0,0.0,0
ANKRD13A,0.5127526922350274,0.29992465237345023,0.0,0.0,0.0,0.0,0.7770871889783441,0.0,0.0,0.0,0.0,0.0,0.0,0.0,0
CCP110,0.7364443604761005,0.6140131363639827,0.04316611295497578,0.0,0.03841360253178818,0.9152276877353157,0.0,0.0,0.0,0.0,0.0,0.0,0.0,0.0,0
DUSP11,0.4823351596448139,0.3337275764702301,0.04490330357783211,0.0608911909578369,0.22197745921735104,0.9234201844572226,0.0,0.0,0.0,0.0,0.0,0.0,0.0,0.0,0
CBX3,0.9351974305686757,0.4510248038297906,0.0,0.0,0.14389219945638324,0.0,0.11219607351698963,0.0,0.0,0.0,0.0,0.0,0.0,0.0,0
KIN,0.8809748724730777,0.4494813191162258,0.0,0.0,0.0,0.864867717543828,0.0,0.0,0.0,0.0,0.0,0.0,0.0,0.0,0
ANKRD36,0.7007368222180238,0.3175407752433576,0.10552632731440148,0.04782908967643351,0.046955588690088784,0.0,0.0,0.0,0.0,0.0,0.0,0.0,0.0,0.0,0
ILKAP,0.04515397695068957,0.2236606769108995,0.03357241233197826,0.8988508215331582,0.08369944558301307,0.0,0.0,0.0,0.0,0.0,0.0,0.0,0.0,0.0,0
NAIF1,0.5000944643869261,0.2814911219185484,0.0,0.8023609279927433,0.0,0.9323773106854419,0.0,0.0,1.0,0.0,0.0,0.0,0.0,0.0,0
ETHE1,0.9351974305686757,0.34866467261836814,0.0,0.0,0.8307559685931917,0.0,0.8561502125708752,0.0,0.0,0.0,0.0,1.0,0.0,0.0,0
MAD2L2,0.4502172680899301,0.1468197973986042,0.056187792779775585,0.0,0.7127505472222703,0.8336360613197434,0.7646805503609608,0.0,0.0,0.0,0.0,0.0,0.0,0.0,0
MANBA,0.4451161911959191,0.22994877883568893,0.040897030001908426,0.0,0.5714523134829391,0.0,0.0,0.0,0.0,0.0,0.0,0.0,0.0,0.0,0
ARPC5L,0.5031173247685623,0.28287934485619254,0.030324627193622625,0.055799359425894084,0.0,0.0,0.0,0.0,0.0,0.0,0.0,0.0,0.0,0.0,0
DUOXA1,0.8216512374834687,0.20230152750188368,0.0,0.0,0.0,0.6788987080600883,0.8481238215598543,0.0,1.0,0.0,0.0,0.0,0.0,0.0,0
IL10RA,0.01681466087285091,0.06269683616077157,0.06202290852855655,0.0,0.554587994319075,0.0,0.8419284109089255,0.0,0.0,0.0,0.0,0.0,0.0,0.0,0
PTPN1,0.9351974305686757,0.6176907094093207,0.049954008054529896,0.07836191283117677,0.0,0.0,0.8022563406744114,0.0,0.0,0.0,0.0,0.0,0.0,0.0,0
ZDHHC12,0.49707160400529,0.2733931547822909,0.0,0.0,0.0,0.9129688446948203,0.0,0.0,0.0,0.0,0.0,0.0,0.0,0.0,0
THRAP3,0.6315888909880975,0.2567116469164554,0.024446222400283515,0.10204397144793585,0.0323475856117818,0.889990602223131,0.0,0.0,0.0,0.0,0.0,0.0,0.0,0.0,0
NUFIP2,0.9351974305686757,0.4507827781202671,0.05489900583558745,0.04640034616723032,0.04625046751009202,0.0,0.0,0.0,0.0,0.0,0.0,1.0,0.0,0.0,0
SWT1,0.7895333459285849,0.877399517470756,0.0,0.0,0.0,0.0,0.8794519508153548,0.0,0.0,1.0,0.0,0.0,0.0,0.0,0
PMS2,0.6903457396561496,0.4255679612758865,0.0,0.0,0.0,0.0,0.850638517380754,0.0,0.0,1.0,0.0,0.0,0.0,0.0,0
UPK1A,0.9351974305686757,0.4094740126797117,0.0,0.0,0.0,0.0,0.8440590625801891,0.0,0.0,0.0,0.0,0.0,0.0,0.0,0
STK11IP,0.5184205554505952,0.2531999908669544,0.0365948476659931,0.024364457033216103,0.12287400551598522,0.0,0.0,0.0,0.0,0.0,0.0,0.0,0.0,0.0,0
COBL,0.9178159833742678,0.4548195842942059,0.06974265499167405,0.483658472361138,0.49272682927927136,0.9049690508304682,0.0,0.0,0.0,0.0,0.0,1.0,0.0,0.0,0
MRPL4,0.9351974305686757,0.33316132764040157,0.03225475114352003,0.03626762570247211,0.0,0.0,0.0,0.0,0.0,0.0,0.0,0.0,0.0,0.0,0
UTP20,0.6567164179104477,0.3088796036258191,0.048108431553940234,0.24380752929208793,0.043813692073443086,0.0,0.0,0.0,0.0,0.0,0.0,0.0,0.0,0.0,0
RAB37,0.9351974305686757,0.5212427030770754,0.055899744338059734,0.3824328102946726,0.08868260921696104,0.38099153338562475,0.9148793905523412,0.0,0.0,0.0,1.0,0.0,0.0,0.0,0
TMEM222,0.4524844133761572,0.14612720810405588,0.028043790858585656,0.39491845527256325,0.025332526997246682,0.0,0.0,0.0,0.0,0.0,0.0,0.0,0.0,0.0,0
POLG2,0.9351974305686757,0.5974199146060236,0.03082131349850473,0.05998508767036015,0.19566304634047568,0.0,0.0,0.0,0.0,0.0,0.0,0.0,0.0,0.0,0
MDC1,0.8938220290950312,0.3941913829714363,0.04099308810617411,0.44011966943105446,0.04822160610176937,0.8868162671087529,0.0,0.0,0.0,0.0,0.0,0.0,0.0,0.0,0
NUMBL,0.9351974305686757,0.38166693304716465,0.03289667707541182,0.5801968358710615,0.0629822703996272,0.5794904339341513,0.0,0.0,0.0,0.0,0.0,0.0,0.0,0.0,0
FAM160B2,0.6092952956735311,0.08376981680632598,0.032939012927507776,0.0,0.7918040908113894,0.0,0.924206267301763,0.0,0.0,0.0,1.0,0.0,0.0,0.0,0
ADCY10,0.9072359720385414,0.8842127695199826,0.0,0.9374061052047092,0.0,0.802727498784291,0.0,0.0,1.0,0.0,0.0,0.0,0.0,0.0,0
COPZ2,0.9351974305686757,0.4103766620240352,0.0,0.6058262167717131,0.12379492610757978,0.49146532757308464,0.8323557530578669,0.0,0.0,0.0,1.0,0.0,0.0,0.0,0
ALKBH5,0.9351974305686757,0.10648217914468985,0.0,0.0,0.31092449738575173,0.0,0.4445076361260067,0.0,0.0,0.0,0.0,0.0,0.0,0.0,0
EHMT1,0.5962592102777253,0.2845263374203712,0.9457121310006793,0.9142358896433754,0.9353045520414177,0.0,0.0,1.0,0.0,0.0,0.0,0.0,1.0,0.0,0
ALDH16A1,0.7961458530134139,0.356850925862502,0.0,0.0,0.0,0.994534285894656,0.0,0.0,0.0,0.0,0.0,0.0,0.0,0.0,0
CPSF2,0.5987152843378046,0.24078361531611756,0.0,0.0,0.0,0.0,0.8903780365586763,0.0,0.0,0.0,0.0,0.0,0.0,0.0,0
MCM3AP,0.8439448327980351,0.37101475747958385,0.0,0.5340081936169849,0.0,0.0,0.0,0.0,0.0,0.0,1.0,0.0,0.0,0.0,0
KXD1,0.6928018137162291,0.34264295119148197,0.05518671953436329,0.0,0.0,0.0,0.0,0.0,0.0,0.0,0.0,0.0,0.0,0.0,0
LGALSL,0.5106744757226525,0.3424176693989695,0.0,0.0,0.8825220187529397,0.0,0.9390943221248587,0.0,0.0,0.0,0.0,0.0,0.0,0.0,0
SSB,0.47232193463064426,0.2772457778691082,0.03541244986685718,0.025966589820236762,0.05368131420837483,0.0,0.0,0.0,0.0,0.0,0.0,0.0,0.0,0.0,0
ELMOD2,0.5182316266767428,0.23228227199732104,0.021407956873479975,0.06876724858157542,0.03681160523770043,0.0,0.0,0.0,0.0,0.0,0.0,0.0,0.0,0.0,0
CRK,0.4496504817683733,0.04565457299206155,0.01964538580501738,0.22789835485230908,0.0,0.0,0.17628916076887008,0.0,0.0,0.0,0.0,0.0,0.0,0.0,0
CPNE2,0.52635556395239,0.02695313986498321,0.0,0.0,0.6854990677767808,0.0,0.8944272711708862,0.0,0.0,0.0,0.0,0.0,0.0,0.0,0
KIAA1841,0.51464197997355,0.3517151098629282,0.028283136923844435,0.04828720245332959,0.04037189288815226,0.0,0.0,0.0,0.0,0.0,0.0,0.0,0.0,0.0,0
CEP44,0.505195541280937,0.22595763788996207,0.0,0.0,0.8662723163035925,0.0,0.9443258108426853,0.0,0.0,0.0,0.0,0.0,0.0,0.0,0
ZNF317,0.8216512374834687,0.3132680320569902,0.7382457843217843,0.9951860327211552,0.914481885371333,0.9845331616629378,0.9132332499334974,0.0,0.0,0.0,0.0,0.0,0.0,0.0,0
ACBD7,0.8809748724730777,0.43067333378998574,0.045933935083946324,0.0,0.1056840458189023,0.0,0.0,0.0,0.0,0.0,0.0,0.0,0.0,0.0,0
HIRIP3,0.7266200642357831,0.5957135572451693,0.0,0.0,0.0,0.9100159339294491,0.0,0.0,0.0,0.0,0.0,0.0,0.0,0.0,0
TMEM87B,0.6092952956735311,0.27812255025077814,0.0,0.0,0.0881977972421149,0.0,0.0,0.0,0.0,0.0,0.0,1.0,0.0,0.0,0
UTP15,0.5505384470054789,0.2559201162941145,0.0,0.0,0.0,0.0,0.8549528739137011,0.0,0.0,0.0,0.0,0.0,0.0,0.0,0
ZMYND12,0.9351974305686757,0.2955788448219437,0.0,0.0,0.0,0.8572529681311097,0.0,0.0,0.0,0.0,0.0,0.0,0.0,0.0,0
GMEB2,0.9351974305686757,0.6040794270536035,0.8595936789672007,0.8283659878091979,0.6465164911626311,0.8012588231722395,0.8416117492440625,0.0,0.0,0.0,0.0,0.0,0.0,0.0,0
SLC25A13,0.561685244662762,0.40360907520302003,0.041015750095773254,0.03976400195699772,0.05550143294009178,0.9226346950174344,0.0,0.0,0.0,0.0,0.0,0.0,0.0,0.0,0
TMEM45B,0.9351974305686757,0.10818396998272306,0.1348463361651965,0.0,0.3318251299864136,0.0,0.0,0.0,0.0,0.0,0.0,1.0,0.0,0.0,0
KHDRBS1,0.6924239561685244,0.22674764633802919,0.028231707347996064,0.957883279435326,0.0,0.0,0.0,0.0,0.0,0.0,0.0,0.0,0.0,0.0,0
KIAA1109,0.5826563385603627,0.2292607560639618,0.027190984930374418,0.050733941228751155,0.05635776095862534,0.0,0.0,0.0,0.0,1.0,0.0,1.0,0.0,0.0,0
TBC1D20,0.9351974305686757,0.4153617827705094,0.02288226977032662,0.0,0.08723880818788408,0.9039200154398895,0.0,0.0,0.0,0.0,0.0,0.0,0.0,0.0,0
MTO1,0.9351974305686757,0.2644458144012908,0.032428257986379244,0.052712605240749374,0.031949825745287846,0.0,0.0,0.0,0.0,0.0,0.0,0.0,0.0,0.0,0
KLF3,0.7273757793311921,0.21794339033875987,0.9767353229127953,0.0,0.9577696834574088,0.0,0.8417099543197449,0.0,0.0,0.0,1.0,1.0,0.0,0.0,0
PFKP,0.8809748724730777,0.4345198681797081,0.6322549284403999,0.9318781421033931,0.7733421900918955,0.8977823122423084,0.9122798092651283,0.0,0.0,0.0,1.0,0.0,0.0,0.0,0
AATF,0.9351974305686757,0.32073125252110113,0.035786113810510584,0.04865106666277304,0.49060844402994597,0.0,0.8572498121852838,0.0,1.0,0.0,0.0,0.0,0.0,0.0,0
LMF1,0.7370111467976572,0.5983941061412124,0.7081180524498947,0.8374516546199814,0.8875849245685046,0.8197935721861037,0.589556644834916,0.0,0.0,0.0,0.0,0.0,0.0,0.0,0
TM7SF3,0.9351974305686757,0.4242939014087722,0.07055362851969862,0.030358722034277117,0.052092409286791076,0.0,0.0,0.0,0.0,0.0,0.0,0.0,0.0,0.0,0
SPG11,0.8216512374834687,0.19280316003379233,0.03425927397842175,0.0,0.2225862456224425,0.0,0.0,0.0,0.0,1.0,0.0,0.0,0.0,0.0,0
ZNF782,0.49499338749291516,0.25471150992077085,0.05723642590570164,0.6855771267130344,0.1455858365558577,0.0,0.0,0.0,0.0,0.0,0.0,0.0,0.0,0.0,0
TSC22D1,0.5433591535990931,0.10344239712004621,0.041321764878248644,0.6464685454250715,0.0,0.0,0.0,0.0,0.0,0.0,0.0,0.0,0.0,0.0,0
NPL,0.9351974305686757,0.8848231614037495,0.04094587855837554,0.08547111862190893,0.7515692383422555,0.0,0.8576803048785555,0.0,0.0,0.0,0.0,0.0,0.0,0.0,0
NRARP,0.5962592102777253,0.2895860447062584,0.042538278283738774,0.0,0.6955725286986623,0.0,0.0,0.0,0.0,0.0,0.0,0.0,0.0,0.0,0
MASTL,0.8787077271868505,0.37951001210128565,0.0,0.0,0.0,0.0,0.860090105728826,0.0,0.0,0.0,0.0,1.0,0.0,0.0,0
MTA3,0.5010391082561874,0.3373320851504289,0.03681409246485919,0.26407925906081475,0.04432618790005567,0.7446683183520657,0.9323807821142404,0.0,0.0,0.0,0.0,0.0,0.0,0.0,0
ATG101,0.48649159266956354,0.318711327259858,0.03809144370983938,0.0,0.03797677251591067,0.0,0.893120438988487,0.0,0.0,0.0,0.0,0.0,0.0,0.0,0
HNRNPU,0.7343661439637257,0.8815717971550568,0.015850468643985906,0.046489814858628714,0.5385820115808666,0.9339872144584601,0.0,0.0,0.0,0.0,1.0,1.0,1.0,0.0,0
SNX19,0.9351974305686757,0.10593724075469374,0.04419935043399546,0.4358814349631392,0.17670745523634301,0.9017996501314686,0.0,0.0,0.0,0.0,0.0,0.0,0.0,0.0,0
ZHX3,0.9351974305686757,0.5346713245199444,0.040761377457090055,0.19931628762227532,0.0,0.8886666638137057,0.0,0.0,0.0,0.0,0.0,0.0,0.0,0.0,0
ZNF461,0.8142830153032307,0.40607347535219307,0.0,0.08094065457275793,0.0,0.0,0.0,0.0,0.0,0.0,0.0,0.0,0.0,0.0,0
MARK3,0.9351974305686757,0.27769177493131186,0.039531931839920695,0.026584448815476874,0.0,0.0,0.0,0.0,0.0,0.0,0.0,0.0,0.0,0.0,0
CEBPZ,0.4823351596448139,0.33191771125876207,0.0,0.0,0.0,0.9507149148921005,0.0,0.0,0.0,0.0,0.0,0.0,0.0,0.0,0
TAB2,0.9351974305686757,0.21366912497811866,0.04629627485793577,0.04344680278403931,0.04526596769619279,0.7537024452262799,0.0,0.0,0.0,0.0,0.0,1.0,0.0,0.0,0
EVI5,0.5152087662951067,0.22112016804803983,0.03654132725263124,0.0,0.13258626449469343,0.0,0.0,0.0,0.0,0.0,0.0,0.0,0.0,0.0,0
PRR14,0.7266200642357831,0.5965309648301638,0.04517915385928238,0.32281530055222835,0.0,0.0,0.0,0.0,0.0,1.0,0.0,0.0,0.0,0.0,0
SETD1B,0.48573587757415454,0.29839486722834896,0.658169993950348,0.9401805530424437,0.23956607141282354,0.9535899830756228,0.8928058956411492,0.0,0.0,0.0,0.0,0.0,0.0,0.0,0
CEBPZOS,0.4823351596448139,0.33191771125876207,0.0,0.0,0.0,0.0,0.8468289845656376,0.0,0.0,0.0,0.0,0.0,0.0,0.0,0
GATAD2B,0.85187984129983,0.8896651977684925,0.0,0.0,0.0,0.41474165074814673,0.0,0.0,0.0,0.0,0.0,0.0,0.0,0.0,0
ZSWIM6,0.5505384470054789,0.26403026082456177,0.03622072415649596,0.0,0.5843301337751851,0.0,0.9077945394283116,0.0,0.0,0.0,0.0,0.0,0.0,0.0,0
HLA-DOA,0.6425467598715284,0.38522882084769877,0.8758083468969295,0.6903740865529864,0.5467243839516158,0.6515059114046993,0.7783908821878627,0.0,0.0,0.0,0.0,0.0,0.0,0.0,0
APH1B,0.9351974305686757,0.2487156654565381,0.05220152414662221,0.0563247325542674,0.07544417242422694,0.0,0.0,0.0,0.0,0.0,0.0,0.0,0.0,0.0,0
SEC24B,0.7337993576421689,0.22822872190637106,0.0,0.0,0.0,0.0,0.9490407320625672,0.0,0.0,0.0,0.0,0.0,0.0,0.0,0
RPP40,0.8618930663139996,0.38244628627531563,0.0,0.0,0.0,0.9184591139528653,0.0,0.0,0.0,0.0,0.0,0.0,0.0,0.0,0
STRAP,0.9351974305686757,0.3622196345259569,0.0,0.0,0.0,0.0,0.7389202111982941,0.0,0.0,0.0,0.0,0.0,0.0,0.0,0
TBP,0.4800680143585868,0.1921638468388246,0.0,0.0,0.16885758250360944,0.0,0.9120409753937163,0.0,0.0,0.0,0.0,0.0,0.0,0.0,0
ERCC3,0.024182883053088966,0.2508010442115518,0.0,0.0,0.0,0.9219361155926258,0.0,0.0,0.0,0.0,1.0,0.0,0.0,0.0,0
HDAC11,0.5947477800869072,0.32673775220525,0.0,0.0,0.5347305081549294,0.0,0.0,0.0,0.0,0.0,0.0,0.0,0.0,0.0,0
ALDH3A2,0.9351974305686757,0.1752281358692756,0.03127856416769374,0.0,0.0,0.0,0.8584444843004824,0.0,0.0,0.0,1.0,0.0,0.0,0.0,0
NIM1K,0.6854335915359909,0.4447473571249175,0.09128281003164763,0.0,0.15310342687057604,0.0,0.9538803609936098,0.0,0.0,0.0,0.0,0.0,0.0,0.0,0
PRR16,0.670130360853958,0.2808381091551172,0.04248485085279481,0.6894470787513891,0.20775946953108995,0.0,0.0,0.0,0.0,0.0,0.0,0.0,0.0,0.0,0
ZNF397,0.8433780464764783,0.25335525264287495,0.04217680944135466,0.038296592843767685,0.0,0.0,0.0,0.0,0.0,0.0,0.0,0.0,0.0,0.0,0
BICD1,0.9351974305686757,0.4098088910199329,0.0,0.0,0.0,0.0,0.8532494664966784,0.0,0.0,0.0,0.0,0.0,0.0,0.0,0
PIM3,0.5254109200831287,0.13635941578951355,0.10342009608512841,0.0,0.2108840315189244,0.0,0.0,0.0,0.0,0.0,0.0,1.0,0.0,0.0,0
PRDM10,0.9351974305686757,0.10822202433956635,0.0,0.4730571854995924,0.0,0.9177445223984573,0.0,0.0,0.0,0.0,0.0,0.0,0.0,0.0,0
GADL1,0.5248441337615719,0.26811882092380757,0.061176908175640206,0.8691373223202706,0.12255547637857168,0.823013374156008,0.0,0.0,0.0,0.0,0.0,0.0,0.0,0.0,0
RANBP3,0.5692423956168524,0.28499364492240714,0.0,0.0,0.0,0.0,0.7425673506500559,0.0,0.0,0.0,0.0,0.0,0.0,0.0,0
HERPUD2,0.6914793122992632,0.43400537327518646,0.0,0.8313414028519789,0.0,0.8258234369098933,0.0,0.0,0.0,0.0,0.0,0.0,0.0,0.0,0
ZNF3,0.7286982807481579,0.397791325128814,0.03764374763183187,0.05768966594541751,0.0,0.9134611907708505,0.0,0.0,0.0,0.0,1.0,1.0,0.0,0.0,0
ZNF600,0.6567164179104477,0.3688913243677269,0.05782173377184813,0.04692279456098722,0.0,0.0,0.0,0.0,0.0,0.0,0.0,0.0,0.0,0.0,0
ATXN2,0.6808993009635367,0.2964906272119095,0.031347146879278476,0.054653177285313465,0.0,0.8314765787840931,0.0,0.0,0.0,0.0,0.0,0.0,0.0,0.0,0
PPFIA1,0.9351974305686757,0.7640629875714471,0.033653007391632794,0.020802343414178713,0.03742376036579502,0.0,0.0,0.0,0.0,0.0,1.0,0.0,0.0,0.0,0
IGFBP5,0.5635745324012846,0.2564391777214573,0.07809664172324668,0.08953701839662206,0.06630137451780678,0.0,0.0,0.0,0.0,0.0,0.0,0.0,0.0,0.0,0
XXYLT1,0.7035707538258077,0.4621686416877868,0.05458279238761171,0.8113530546653343,0.04161012932496981,0.8696401801650409,0.0,0.0,0.0,0.0,0.0,0.0,0.0,0.0,0
RNF149,0.9351974305686757,0.3082890000076109,0.0,0.0,0.0,0.924132693262868,0.0,0.0,0.0,0.0,0.0,0.0,0.0,0.0,0
PDLIM5,0.43642546759871526,0.23282416603876976,0.04244050964619142,0.0,0.03586225366056026,0.0,0.0,0.0,0.0,0.0,0.0,1.0,0.0,0.0,0
ATAT1,0.8938220290950312,0.39097502873103934,0.0,0.9167094908845246,0.0,0.9147655035587419,0.0,0.0,0.0,0.0,0.0,0.0,0.0,0.0,0
ANXA6,0.6363121103344039,0.31020085089541904,0.061415312861213565,0.07427744053539029,0.0,0.8697532093599852,0.0,0.0,0.0,0.0,0.0,0.0,0.0,0.0,0
CEP78,0.5201209144152654,0.2652845324261174,0.04003188298572996,0.0,0.05925086228283519,0.0,0.0,0.0,0.0,0.0,0.0,0.0,0.0,0.0,0
TRIO,0.7831097676176081,0.4852706806402268,0.5028495908875431,0.7657591435321517,0.6741791477603424,0.9286598397485287,0.858682080684534,0.0,0.0,0.0,1.0,0.0,0.0,0.0,0
FBXL18,0.6903457396561496,0.4363616990509244,0.539660774659612,0.5996278655865567,0.7318280948708894,0.8192815994067045,0.9001686094497998,0.0,0.0,0.0,1.0,0.0,0.0,0.0,0
UTP18,0.9351974305686757,0.5270360983629019,0.0,0.0,0.0,0.0,0.761934647982726,0.0,0.0,0.0,0.0,0.0,0.0,0.0,0
SMYD5,0.49008123937275644,0.33350686120053885,0.03710803891186037,0.3011142869990351,0.0,0.0,0.838730183488466,0.0,0.0,0.0,0.0,0.0,0.0,0.0,0
GOLGA3,0.48573587757415454,0.29756223790061725,0.9595671859838644,0.8443235396846565,0.8943827280115904,0.8903057894608634,0.8952320079233748,0.0,0.0,0.0,0.0,0.0,0.0,0.0,0
SIRT3,0.4813905157755526,0.2320372019392501,0.0,0.0,0.0,0.8743143377056108,0.0,0.0,0.0,0.0,0.0,1.0,0.0,0.0,0
SRD5A3,0.9351974305686757,0.29689552556872234,0.04352816546358405,0.25725791754185195,0.2950279859850328,0.0,0.9332902585018464,0.0,0.0,0.0,0.0,0.0,0.0,0.0,0
SLC11A2,0.07122614774230113,0.31749206566659816,0.030734623730114215,0.0,0.36912073826426894,0.6541869967632511,0.0,0.0,0.0,0.0,1.0,0.0,0.0,0.0,0
PRMT3,0.625354241450973,0.31846473502751327,0.0387254939273632,0.0,0.3264395815471292,0.0,0.9268534956093014,0.0,0.0,1.0,0.0,0.0,0.0,0.0,0
NXF1,0.5119969771396183,0.28424016865690954,0.032239414267039024,0.0,0.2339668444341712,0.9512286532433015,0.9506900261262143,0.0,1.0,0.0,1.0,0.0,0.0,0.0,0
PI4K2B,0.036463253353485686,0.1910785365816532,0.029512799915550253,0.08272075638600362,0.0511875510190626,0.0,0.9341846069029045,0.0,0.0,0.0,0.0,0.0,0.0,0.0,0
NT5DC1,0.9351974305686757,0.24390711692581674,0.03277943145461639,0.0,0.0,0.0,0.8253953397018116,0.0,0.0,0.0,0.0,1.0,0.0,0.0,0
TRIM27,0.6723975061401851,0.37513984976139925,0.031147090283719356,0.3257624835593586,0.5335487121379004,0.8866373477302006,0.0,0.0,0.0,0.0,0.0,0.0,0.0,0.0,0
FAM91A1,0.9351974305686757,0.9168436194259885,0.03303363726683209,0.21654036190678372,0.0,0.0,0.6844043204872196,0.0,0.0,0.0,0.0,0.0,0.0,0.0,0
LSM11,0.6589835631966748,0.308214413468198,0.027291213607243958,0.03976835752717125,0.1997620066797914,0.0,0.9442120499446325,0.0,0.0,0.0,0.0,0.0,0.0,0.0,0
NBPF3,0.4502172680899301,0.1363609379637876,0.08643710133992605,0.5704532040910508,0.0,0.0,0.0,0.0,0.0,0.0,0.0,0.0,0.0,0.0,0
TMEM87A,0.8913659550349518,0.18483001118798098,0.0,0.0,0.0,0.5998534012643497,0.0,0.0,0.0,0.0,1.0,1.0,0.0,0.0,0
MYOZ3,0.6363121103344039,0.31414784878720764,0.0,0.0,0.0,0.0,0.7687818239806135,0.0,0.0,0.0,0.0,0.0,0.0,0.0,0
KPTN,0.7339882864160212,0.32216666286123097,0.0,0.0,0.0,0.5745551069759126,0.0,0.0,0.0,0.0,0.0,0.0,0.0,0.0,0
NDUFB2,0.9351974305686757,0.4075819500574622,0.0,0.0,0.0,0.0,0.8984895268482929,0.0,0.0,0.0,1.0,0.0,0.0,0.0,0
EIF4A2,0.6958246740978651,0.453789072310889,0.0,0.0,0.0,0.0,0.421164430300313,0.0,0.0,0.0,0.0,0.0,0.0,0.0,0
EEA1,0.9351974305686757,0.3431102586935178,0.0393124091386021,0.0,0.027398264431154905,0.0,0.0,0.0,0.0,0.0,0.0,1.0,0.0,0.0,0
FAM20C,0.9351974305686757,0.43498869785601757,0.9048186287602145,0.8707780735280574,0.8679505342547156,0.7613047089048104,0.6915618503897203,0.0,0.0,0.0,0.0,0.0,0.0,0.0,0
DOLPP1,0.49707160400529,0.27112359294015564,0.0,0.0,0.0,0.0,0.9183796576057061,0.0,0.0,0.0,0.0,0.0,0.0,0.0,0
NCOR1,0.6376346117513697,0.04614927963102455,0.04516201277841099,0.05158908784489348,0.0,0.0,0.0,0.0,0.0,1.0,1.0,0.0,0.0,0.0,0
PDE3A,0.9351974305686757,0.38272027764458755,0.0,0.0,0.8582911728109218,0.0,0.0,0.0,0.0,0.0,0.0,0.0,0.0,0.0,0
RPL23,0.9351974305686757,0.44596053002108227,0.0,0.0,0.0,0.8641809222433753,0.0,0.0,0.0,0.0,1.0,0.0,0.0,0.0,0
SCOC,0.5182316266767428,0.234599021241942,0.0,0.0,0.0,0.0,0.7148988667513951,0.0,0.0,0.0,0.0,0.0,0.0,0.0,0
NAPG,0.6329113924050633,0.2648796340693046,0.039319170512346235,0.36535421857291245,0.0,0.0,0.0,0.0,0.0,0.0,0.0,0.0,0.0,0.0,0
NIPSNAP3A,0.49499338749291516,0.2531117047590779,0.04079803600537373,0.0399625008230184,0.9379999972434906,0.0,0.0,0.0,0.0,0.0,0.0,1.0,0.0,0.0,0
RRM2B,0.9351974305686757,0.9024271068794666,0.0,0.8432708601565683,0.0,0.0,0.0,0.0,0.0,0.0,1.0,1.0,0.0,0.0,0
EIF4G2,0.5006612507084829,0.25939828450959346,0.0,0.6114151998979904,0.0,0.0,0.0,0.0,0.0,0.0,0.0,0.0,0.0,0.0,0
WIPF2,0.9351974305686757,0.43444528164029506,0.023912147122590786,0.25856430408557773,0.05286116540927509,0.7702438605346671,0.0,0.0,0.0,0.0,0.0,0.0,0.0,0.0,0
USP48,0.5108634044965048,0.13801554139933495,0.03277298743340508,0.05175526986492633,0.0,0.0,0.0,0.0,0.0,0.0,0.0,0.0,0.0,0.0,0
PRKAB1,0.48573587757415454,0.3100273230282135,0.0,0.0,0.0,0.0,0.8630897854914457,0.0,0.0,0.0,0.0,0.0,0.0,0.0,0
IPO9,0.8216512374834687,0.9154843177995451,0.0,0.0,0.0,0.0,0.9534678539989621,0.0,0.0,0.0,0.0,1.0,0.0,0.0,0
GMPR,0.9351974305686757,0.4263244818899316,0.04978051526257862,0.1491712366867042,0.23132195234680014,0.0,0.8050146255434115,0.0,0.0,0.0,0.0,0.0,0.0,0.0,0
SGCB,0.9351974305686757,0.28581561903022273,0.0660429561829896,0.0,0.5063240056726804,0.0,0.0,0.0,0.0,0.0,0.0,0.0,0.0,0.0,0
NAPA,0.7339882864160212,0.32216666286123097,0.029869722313269113,0.3956370459825028,0.0,0.0,0.0,0.0,0.0,0.0,1.0,0.0,0.0,0.0,0
ZNF516,0.5273002078216512,0.2134727644968071,0.8915420282325569,0.8323701417731865,0.8282965490438657,0.6337815545588618,0.7566756729242102,0.0,0.0,0.0,0.0,0.0,0.0,0.0,0
OSGIN2,0.9351974305686757,0.8668295393139562,0.033385657591631555,0.0,0.818643012702897,0.0,0.0,0.0,0.0,0.0,0.0,0.0,0.0,0.0,0
PNPLA8,0.6990364632533534,0.38915298612538146,0.04087363085415832,0.0369622413488411,0.015415744473333834,0.0,0.0,0.0,0.0,0.0,0.0,0.0,0.0,0.0,0
RCOR3,0.7337993576421689,0.8843710756444508,0.031170445980211365,0.07446546450583039,0.023241624085978962,0.0,0.0,0.0,0.0,0.0,0.0,0.0,0.0,0.0,0
XPO7,0.6092952956735311,0.086439710482453,0.031976540955091955,0.0,0.0,0.9621092730195228,0.8710594048056975,0.0,0.0,0.0,0.0,0.0,0.0,0.0,0
ASH1L,0.9351974305686757,0.8969777229795038,0.0,0.0,0.0,0.8619746147691908,0.0,0.0,0.0,1.0,1.0,0.0,0.0,0.0,0
RAD54L2,0.05138862648781409,0.17236340388611077,0.0,0.0,0.710183306170893,0.0,0.9115136197081313,0.0,0.0,0.0,0.0,0.0,0.0,0.0,0
ZNF573,0.9351974305686757,0.4292196573585709,0.0,0.0,0.0,0.0,0.8822678451313527,0.0,0.0,0.0,0.0,0.0,0.0,0.0,0
STX18,0.608539580578122,0.2053626199663599,0.0,0.0,0.0,0.8625396502449547,0.0,0.0,0.0,0.0,0.0,0.0,0.0,0.0,0
TNPO1,0.5505384470054789,0.25794917460100003,0.06771392093405858,0.2459270926655666,0.04920703251815333,0.0,0.8508260638652295,0.0,1.0,0.0,1.0,1.0,0.0,0.0,0
AMD1,0.9351974305686757,0.23756573890144667,0.03695041970900293,0.0,0.054543149098641955,0.0,0.0,0.0,1.0,0.0,0.0,0.0,0.0,0.0,0
PPP2R2D,0.8513130549782733,0.24162994421231293,0.8780931304274467,0.9557235082158719,0.9552209211655439,0.9332541967684446,0.9157376464262045,0.0,0.0,0.0,0.0,0.0,0.0,0.0,0
CREM,0.8787077271868505,0.38793676888066925,0.0,0.0,0.0,0.8809508918740183,0.0,0.0,0.0,0.0,0.0,0.0,0.0,0.0,0
TTC25,0.5495938031362176,0.2588107252399327,0.0,0.6764370823492128,0.0,0.9264428959861929,0.20234377362902636,0.0,0.0,0.0,0.0,0.0,0.0,0.0,0
PRMT1,0.7961458530134139,0.3573395438043702,0.038051852724739085,0.41327572234168886,0.06420013328688036,0.9372990139022886,0.0,0.0,1.0,0.0,0.0,0.0,0.0,0.0,0
NUTF2,0.52635556395239,0.01269645561720345,0.0,0.9163430828690836,0.0,0.0,0.8622272821128764,0.0,0.0,0.0,0.0,0.0,0.0,0.0,0
ZNF540,0.9351974305686757,0.42026166175765467,0.0,0.0,0.0,0.0,0.8842131531086779,0.0,1.0,0.0,0.0,0.0,0.0,0.0,0
ACVR1,0.4615529945210655,0.26249134263381807,0.0,0.09203291245991937,0.0,0.0,0.0,0.0,0.0,0.0,0.0,0.0,0.0,0.0,0
JAGN1,0.5936142074437937,0.34047080850286554,0.03947837838635101,0.9297823182007267,0.0,0.0,0.9348192652089927,0.0,1.0,0.0,0.0,0.0,0.0,0.0,0
ADIPOR2,0.9293406385792556,0.41203430980813005,0.02032806595541911,0.0,0.07088530048148324,0.9259279805719863,0.9208536184256529,0.0,0.0,1.0,0.0,0.0,0.0,0.0,0
TWF2,0.6108067258643491,0.18356660654078272,0.0,0.38541863320372366,0.0,0.7554044648340352,0.0,0.0,0.0,0.0,0.0,0.0,0.0,0.0,0
TTF1,0.4587190629132817,0.27558813008501337,0.10736501180529903,0.5161472173879847,0.5513154279108808,0.9047431367458402,0.0,0.0,0.0,0.0,0.0,0.0,0.0,0.0,0
HECW2,0.8173058756848668,0.2910336324405781,0.07111326148686156,0.29620360531470735,0.21883097076944835,0.9265804978504423,0.0,0.0,0.0,0.0,0.0,0.0,0.0,0.0,0
ALDH7A1,0.670130360853958,0.296157271045962,0.045472784440912024,0.26578441633036815,0.07956739349540531,0.0,0.0,0.0,0.0,0.0,0.0,1.0,0.0,0.0,0
IGSF8,0.7759304742112224,0.892134164440487,0.03749350066968944,0.11846745173242443,0.05176796364643985,0.8939057022368562,0.0,0.0,0.0,0.0,0.0,0.0,0.0,0.0,0
ABHD12,0.768373323257132,0.45272202814500245,0.044676423926842186,0.9493815253972357,0.06386271148231225,0.0,0.0,0.0,0.0,0.0,0.0,0.0,0.0,0.0,0
LRRC1,0.8378991120347629,0.4218553782222526,0.0,0.0,0.0,0.0,0.9536238252649548,0.0,0.0,0.0,0.0,0.0,0.0,0.0,0
TSR3,0.9351974305686757,0.6054174182402146,0.0,0.8813915428252198,0.0,0.0,0.0,0.0,0.0,0.0,0.0,0.0,0.0,0.0,0
POLR2C,0.52635556395239,0.026424945391998023,0.04733762067703732,0.0,0.04905203270932637,0.0,0.0,0.0,0.0,0.0,0.0,0.0,0.0,0.0,0
PCIF1,0.8605705648970338,0.542414625050422,0.7917916464100755,0.8556048042015371,0.0,0.8555375761828768,0.865446429743499,0.0,0.0,0.0,0.0,0.0,0.0,0.0,0
XYLT1,0.698658605705649,0.6131196200653017,0.0498783085035671,0.46246607727415,0.15363701271348884,0.5222134477198613,0.0,0.0,0.0,0.0,0.0,1.0,0.0,0.0,0
VAPA,0.9351974305686757,0.27639640462436543,0.05560340233521093,0.0,0.26872089547479444,0.0,0.823823999963625,0.0,0.0,0.0,0.0,1.0,0.0,0.0,0
FH,0.7343661439637257,0.8751284334543465,0.03165793737401771,0.05208848926346209,0.07056825881269681,0.0,0.0,0.0,0.0,0.0,0.0,1.0,0.0,0.0,0
USP14,0.6079727942565653,0.27100638552107836,0.040862558690882296,0.09413900458642922,0.6617215159229528,0.0,0.0,0.0,0.0,0.0,0.0,0.0,0.0,0.0,0
MAPK8IP3,0.7370111467976572,0.6025755188711557,0.8618149847066825,0.8614810750494227,0.8974949635903806,0.9304839481245956,0.8715737186595196,0.0,0.0,0.0,0.0,0.0,0.0,0.0,0
BLOC1S4,0.608539580578122,0.21017725719417607,0.02186581308866249,0.0,0.0474044461784165,0.0,0.0,0.0,0.0,0.0,0.0,0.0,0.0,0.0,0
UPF2,0.8809748724730777,0.45421223675898675,0.03922565972412304,0.0,0.36406641989472655,0.0,0.0,0.0,0.0,1.0,0.0,0.0,0.0,0.0,0
CLPX,0.9351974305686757,0.2499714592323675,0.02868927148705442,0.05164409346483243,0.06921557713948481,0.9364914046614409,0.0,0.0,1.0,0.0,0.0,1.0,0.0,0.0,0
TC2N,0.003967504250897397,0.2338653332420029,0.06442632847669957,0.0,0.037775867630555446,0.0,0.0,0.0,0.0,0.0,0.0,0.0,0.0,0.0,0
CYB5B,0.52635556395239,0.026050490520659497,0.04516903026207517,0.5132596558512764,0.05083989838801923,0.0,0.0,0.0,0.0,0.0,0.0,1.0,0.0,0.0,0
RSRP1,0.7560929529567353,0.1550106171655594,0.0,0.0,0.0,0.0,0.3769849400077218,0.0,0.0,0.0,0.0,1.0,0.0,0.0,0
LENG1,0.9351974305686757,0.378152232649116,0.0426712458086848,0.030912590529379662,0.0,0.860663926510159,0.0,0.0,0.0,0.0,0.0,0.0,0.0,0.0,0
ZMYND8,0.9351974305686757,0.5557793151737942,0.9540198518507619,0.9398645042085664,0.0,0.9498540361196783,0.47623386520755945,0.0,0.0,0.0,0.0,0.0,0.0,0.0,0
SCFD2,0.9351974305686757,0.29441133715399076,0.04444361082779383,0.03993334735749475,0.04801677800335749,0.0,0.0,0.0,0.0,1.0,0.0,0.0,0.0,0.0,0
INTS2,0.9351974305686757,0.6106019438165479,0.029501591967900583,0.05633902408224646,0.4086094955963694,0.9366484304641995,0.0,0.0,1.0,0.0,0.0,0.0,0.0,0.0,0
ABL2,0.7895333459285849,0.8727903737698935,0.04349894328413139,0.039865624152628204,0.75681121670954,0.9052685148694835,0.0,0.0,0.0,0.0,0.0,0.0,0.0,0.0,0
STAT2,0.44322690345739657,0.320413118097891,0.0346612893672453,0.07647165242010096,0.0,0.9214463294427219,0.0,0.0,0.0,0.0,0.0,0.0,0.0,0.0,0
GSDMA,0.9351974305686757,0.5805329132132337,0.06762495906885146,0.4101542063316055,0.0,0.8830266272188746,0.0,0.0,0.0,0.0,0.0,0.0,0.0,0.0,0
CFAP36,0.4823351596448139,0.3439413658469758,0.03728520064668285,0.11917461885949478,0.07542034774187914,0.0,0.0,0.0,1.0,0.0,0.0,0.0,0.0,0.0,0
RPL7,0.9351974305686757,0.7750469971307018,0.0,0.0,0.0,0.7677391729647091,0.0,0.0,0.0,0.0,0.0,0.0,0.0,0.0,0
GCDH,0.9351974305686757,0.3342649039888577,0.0481126001295839,0.10325144222859048,0.06423557816032964,0.0,0.0,0.0,0.0,0.0,1.0,0.0,0.0,0.0,0
OSBPL1A,0.6119402985074627,0.26465891879961334,0.0340788710396121,0.0,0.03705008879063309,0.9120851376218754,0.0,0.0,0.0,1.0,1.0,0.0,0.0,0.0,0
RPL3,0.4948044587190629,0.12413787854571462,0.0,0.24957767806275416,0.0,0.4911167525528837,0.0,0.0,0.0,0.0,0.0,0.0,0.0,0.0,0
SNAPC2,0.8216512374834687,0.2914004764405476,0.0,0.8914873085385342,0.149568203434932,0.0,0.0,0.0,0.0,0.0,0.0,0.0,0.0,0.0,0
TWF1,0.9164934819573021,0.3544367574643621,0.046925411332789664,0.06555785270236883,0.0,0.0,0.0,0.0,0.0,0.0,0.0,0.0,0.0,0.0,0
NINL,0.768373323257132,0.4508664977053224,0.0869741913021025,0.0,0.20633702694060718,0.0,0.0,0.0,0.0,0.0,0.0,0.0,0.0,0.0,0
HAUS5,0.9351974305686757,0.41285019521885064,0.0,0.0,0.0,0.0,0.9953233410020824,0.0,0.0,0.0,0.0,0.0,0.0,0.0,0
PAFAH2,0.6193085206877007,0.1492400544938391,0.0475716848924,0.04879785702612194,0.057311525560848973,0.9502844959564607,0.0,0.0,0.0,0.0,0.0,0.0,0.0,0.0,0
TCEA1,0.9351974305686757,0.6687900997785238,0.028326184805038564,0.0,0.3531104610816248,0.7671011019211679,0.0,0.0,0.0,0.0,0.0,1.0,0.0,0.0,0
NEU3,0.9351974305686757,0.39046662252361275,0.03924389296422122,0.28814238623144345,0.07680115662406771,0.0,0.6460868207544427,0.0,0.0,0.0,0.0,0.0,0.0,0.0,0
HP1BP3,0.4502172680899301,0.13677649154051658,0.0464818729548567,0.022067039934578498,0.0,0.0,0.0,0.0,1.0,0.0,0.0,0.0,0.0,0.0,0
GDAP1,0.9351974305686757,0.773975386441994,0.0,0.0,0.0,0.0,0.8091271180856856,0.0,0.0,0.0,0.0,0.0,0.0,0.0,0
ZNF646,0.7266200642357831,0.5887967973453283,0.9177025273381424,0.8773958544938095,0.9289031545053585,0.9944767760006668,0.8606136965961269,0.0,0.0,0.0,0.0,0.0,0.0,0.0,0
HMGB1,0.8781409408652938,0.213262704447032,0.022893685291915718,0.0,0.0,0.7827376194182875,0.0,0.0,0.0,0.0,0.0,1.0,0.0,0.0,0
PIK3CB,0.6196863782354053,0.4075728170118197,0.030464485603043007,0.05518629545508951,0.4464443762923383,0.0,0.0,0.0,0.0,1.0,0.0,0.0,0.0,0.0,0
C3orf62,0.05138862648781409,0.18250412889771742,0.06599914698575512,0.3900801201552968,0.0,0.0,0.0,0.0,0.0,0.0,0.0,0.0,0.0,0.0,0
ATL1,0.8018137162289817,0.3186747950772884,0.0,0.0,0.0,0.0,0.8321824298980747,0.0,0.0,0.0,0.0,0.0,0.0,0.0,0
NOTCH1,0.7814094086529378,0.29539313956054825,0.8783018384394107,0.8322110255012086,0.8814746212797807,0.8894552303217741,0.829333977564252,0.0,0.0,0.0,0.0,0.0,0.0,0.0,0
NFYB,0.651804269790289,0.30559779589165165,0.20479603653249703,0.09776174971801778,0.8490985461025115,0.8116702523876665,0.0,0.0,0.0,0.0,0.0,1.0,0.0,0.0,0
TANK,0.4615529945210655,0.2625522296047674,0.0,0.0,0.0,0.0,0.9374634904887961,0.0,0.0,0.0,0.0,0.0,0.0,0.0,0
MAML1,0.6438692612884942,0.3650782778120268,0.039700003270346895,0.06481179650402066,0.06176432292573344,0.0,0.0,0.0,0.0,0.0,0.0,0.0,0.0,0.0,0
RGS9,0.9351974305686757,0.5726784939607737,0.03757553698768186,0.07851425053718125,0.40011068390230364,0.9366470661895371,0.0,0.0,0.0,0.0,1.0,0.0,0.0,0.0,0
STAU1,0.9351974305686757,0.5701790838033048,0.042300119420461114,0.06937624327403424,0.0,0.7541074109974003,0.0,0.0,0.0,0.0,0.0,0.0,0.0,0.0,0
OTUD4,0.5182316266767428,0.2397257041958734,0.06657641983493504,0.04854494410729142,0.12152858997206013,0.9137714709617011,0.0,0.0,0.0,0.0,0.0,0.0,1.0,0.0,0
LIMK1,0.8913659550349518,0.41190949151768386,0.02956955340895866,0.3269297564845712,0.0,0.0,0.0,0.0,0.0,0.0,0.0,0.0,0.0,0.0,0
DNAH7,0.8596259210277726,0.2916562017185348,0.03919485871851434,0.019934810422747008,0.3217270979976567,0.0,0.0,0.0,0.0,1.0,0.0,0.0,0.0,0.0,0
SH3GLB2,0.49707160400529,0.2718222709317989,0.04060309259475066,0.3573470357481319,0.03403102677998726,0.0,0.0,0.0,0.0,0.0,0.0,0.0,0.0,0.0,0
EXT2,0.9351974305686757,0.3459475915397554,0.036311333630543986,0.07605024620001893,0.0,0.0,0.0,0.0,0.0,0.0,0.0,0.0,0.0,0.0,0
PIKFYVE,0.5575288116380124,0.26462238661704374,0.0,0.0,0.0,0.0,0.9405272690740165,0.0,0.0,0.0,0.0,1.0,0.0,0.0,0
BRPF3,0.7878329869639146,0.381709553926829,0.0,0.0,0.0,0.0,0.9842830392163296,0.0,0.0,0.0,0.0,0.0,0.0,0.0,0
TMEM120B,0.48573587757415454,0.29482689073071977,0.0551828028855438,0.03666209436709489,0.4758154411338605,0.0,0.8748940069246329,0.0,0.0,0.0,0.0,0.0,1.0,0.0,0
NR1D1,0.9351974305686757,0.49657891331978604,0.03517488726418979,0.18988197949883948,0.1759437543349287,0.0,0.8607923181354072,0.0,1.0,0.0,0.0,0.0,0.0,0.0,0
CNTRL,0.5720763272246363,0.277503025321369,0.05524412584179265,0.0,0.0,0.0,0.0,0.0,0.0,0.0,0.0,0.0,0.0,0.0,0
HEPHL1,0.9351974305686757,0.15828785837690562,0.8127292276953682,0.8680297572103476,0.5292435814863166,0.772403504813548,0.7044101045435675,0.0,0.0,0.0,0.0,0.0,0.0,0.0,0
GPD2,0.4615529945210655,0.26335289327275074,0.09422276766218904,0.33695109827349695,0.0,0.0,0.798806162514925,0.0,0.0,0.0,0.0,1.0,0.0,0.0,0
SMPD1,0.5006612507084829,0.24139248502561061,0.03040794381278948,0.1394156330974614,0.8684782801037719,0.0,0.0,0.0,0.0,0.0,0.0,0.0,0.0,0.0,0
CCDC138,0.7407897222747024,0.2969990334193362,0.043820076864232296,0.0,0.0,0.0,0.0,0.0,0.0,0.0,0.0,0.0,0.0,0.0,0
UBE2E1,0.5307009257509918,0.27879839562831543,0.034831242458118715,0.18994219773971088,0.33982959928093365,0.0,0.0,0.0,0.0,0.0,0.0,0.0,0.0,0.0,0
MAPK1IP1L,0.6525599848856981,0.29149332907124537,0.033895222612264804,0.0,0.03620468157077049,0.0,0.0,0.0,0.0,0.0,0.0,1.0,0.0,0.0,0
COL18A1,0.9351974305686757,0.3694119079693434,0.6106700773481906,0.5219044976574159,0.6478098025236741,0.5691518394622824,0.8107586395588333,1.0,0.0,0.0,0.0,0.0,0.0,0.0,0
OCIAD1,0.9351974305686757,0.275300439147278,0.03877127877412057,0.0,0.06532124570751859,0.8968370147025234,0.0,0.0,0.0,0.0,0.0,0.0,0.0,0.0,0
BOD1L1,0.47591158133383715,0.19650965439033113,0.05823526942241969,0.0,0.038865825582407705,0.9567980246897041,0.0,0.0,0.0,1.0,0.0,0.0,0.0,0.0,0
MXD1,0.4823351596448139,0.33394068086855266,0.033826838681814006,0.0711528116861719,0.0,0.0,0.9302017257286649,0.0,0.0,0.0,0.0,0.0,0.0,0.0,0
GINM1,0.9351974305686757,0.21570427198209918,0.03731184643043929,0.04055157046137446,0.03936555240619966,0.0,0.7698263273484874,0.0,0.0,0.0,0.0,0.0,0.0,0.0,0
PARD3B,0.5274891365955034,0.26169372331438223,0.045678795573264465,0.0,0.4849755340984072,0.0,0.8848735403503837,0.0,0.0,0.0,0.0,0.0,0.0,0.0,0
SHF,0.8216512374834687,0.20230152750188368,0.0,0.0,0.0,0.0,0.6860663727640898,0.0,0.0,0.0,0.0,0.0,0.0,0.0,0
TMEM183A,0.9351974305686757,0.9276647563379532,0.03397597753257394,0.9285552391321797,0.02667547637776371,0.0,0.9426258354015169,0.0,0.0,0.0,0.0,0.0,0.0,0.0,0
CCDC15,0.014169658038919314,0.06792246044249584,0.0,0.0,0.0,0.0,0.9148910660497507,0.0,0.0,0.0,0.0,0.0,0.0,0.0,0
RNF170,1.0,0.6059562679331154,0.0,0.0,0.0,0.2587618746763685,0.0,0.0,0.0,0.0,0.0,1.0,0.0,0.0,0
RWDD2B,0.6727753636878896,0.32045269462900805,0.061821179844992996,0.0,0.42467718883559624,0.9412267147473058,0.898063785848135,0.0,0.0,0.0,0.0,0.0,0.0,0.0,0
DDHD1,0.9351974305686757,0.31129529419823276,0.0,0.18955841193909542,0.0,0.8189572687008053,0.0,0.0,0.0,0.0,1.0,1.0,0.0,0.0,0
UBC,0.7116946911014548,0.31525446948421126,0.036458521167786535,0.26453398622163105,0.0,0.4595999999237411,0.038701170556632095,0.0,0.0,0.0,0.0,0.0,0.0,0.0,0
MAP3K5,0.9351974305686757,0.25028959365557757,0.03403029673198237,0.11297039864132614,0.0,0.0,0.0,0.0,0.0,0.0,0.0,0.0,0.0,0.0,0
ZNF383,0.9351974305686757,0.41313636398231246,0.0,0.0,0.0,0.0,0.8777808268906576,0.0,0.0,0.0,0.0,0.0,0.0,0.0,0
TMEM127,0.7007368222180238,0.3220616328363434,0.0,0.0,0.0,0.4947634640130672,0.0,0.0,0.0,0.0,0.0,0.0,0.0,0.0,0
SRSF5,0.46287549593803134,0.21896324710216075,0.048441215381306836,0.9438437175768534,0.46802988509933807,0.8353955072706333,0.8883693370220165,0.0,0.0,0.0,0.0,0.0,0.0,0.0,0
SYNE2,0.5607406007935009,0.24812201748978244,0.04483783633871395,0.8583034433567465,0.0,0.9559329941035709,0.0,0.0,0.0,1.0,0.0,1.0,1.0,0.0,0
MPST,0.5414698658605706,0.12509380398961867,0.9628646926423848,0.9539814888370386,0.9450269403579625,0.11203603792204926,0.9408665007355399,0.0,0.0,1.0,0.0,0.0,0.0,0.0,0
ACER3,0.9351974305686757,0.46489333363776825,0.023428081128473523,0.5525435916493411,0.0,0.0,0.847304100225477,0.0,0.0,0.0,0.0,0.0,0.0,0.0,0
FBXL19,0.7266200642357831,0.5946876117846736,0.9858991261615333,0.8483351096702498,0.9033810881972331,0.93698254343543,0.9221351606625112,0.0,1.0,0.0,0.0,0.0,0.0,0.0,0
CTDSPL2,0.9351974305686757,0.19054881993439438,0.0,0.0,0.0,0.0,0.477753965214796,0.0,0.0,0.0,0.0,0.0,0.0,0.0,0
USP22,0.9351974305686757,0.2182600025876963,0.029505268542368734,0.0,0.2402126469124435,0.0,0.0,0.0,0.0,0.0,0.0,0.0,0.0,0.0,0
FAM135A,0.9351974305686757,0.2663043891895183,0.0,0.6946694864260038,0.0,0.0,0.0,0.0,0.0,0.0,0.0,0.0,0.0,0.0,0
BDP1,0.5505384470054789,0.25708305743924614,0.03351857161815969,0.05732578907629467,0.045743709480752764,0.0,0.9264881835068994,0.0,0.0,1.0,0.0,0.0,0.0,0.0,0
TPD52L2,0.9351974305686757,0.6040794270536035,0.04644843050261474,0.0,0.0,0.8590362177521705,0.0,0.0,0.0,0.0,0.0,0.0,0.0,0.0,0
KDM4C,0.8671830719818628,0.28393116727934176,0.052568156916662286,0.04933621136854775,0.0670828460252175,0.0,0.0,0.0,0.0,0.0,0.0,0.0,0.0,0.0,0
MRPS27,0.5505384470054789,0.25444817377141504,0.051227765596937244,0.0,0.142023486804208,0.828444068591973,0.0,0.0,0.0,0.0,1.0,0.0,0.0,0.0,0
EIF2D,0.9351974305686757,0.9275642928358866,0.0,0.273371413118915,0.30864719532365836,0.8912357617426612,0.0,0.0,1.0,0.0,0.0,1.0,0.0,0.0,0
LRRC8B,0.5919138484791233,0.22848292501008438,0.0,0.0,0.0,0.0,0.8499598133210271,0.0,0.0,0.0,0.0,1.0,0.0,0.0,0
BRMS1L,0.9351974305686757,0.34212997846123405,0.0,0.0,0.0,0.0,0.8547304840102562,0.0,0.0,0.0,0.0,1.0,0.0,0.0,0
SLC18A2,0.5237105611184584,0.21521260969168365,0.0,0.0,0.0,0.0,0.8819869840548423,0.0,0.0,0.0,0.0,0.0,0.0,0.0,0
CUL4A,0.8329869639146043,0.23362482970675316,0.8535153446260534,0.7045510192017743,0.7761084355738,0.0,0.8591249613005685,0.0,0.0,0.0,0.0,0.0,1.0,0.0,0
MORN2,0.681088229737389,0.33136668417167087,0.0,0.0,0.0,0.0,0.9375493814873432,0.0,0.0,0.0,0.0,1.0,0.0,0.0,0
NTHL1,0.7370111467976572,0.6056381335099057,0.0,0.0,0.39369981483652355,0.8049604143240807,0.6028422845945153,0.0,0.0,0.0,0.0,0.0,0.0,0.0,0
RAE1,0.9351974305686757,0.6425447709508263,0.025213364433139235,0.19434081922948573,0.06748593389891742,0.0,0.9242912173623644,0.0,0.0,0.0,0.0,0.0,0.0,0.0,0
GAN,0.5392027205743435,0.009308095683874418,0.02802745253607642,0.0,0.8394796514896381,0.0,0.0,0.0,0.0,0.0,0.0,0.0,0.0,0.0,0
FXR2,0.0,0.011647677542601542,0.0,0.0,0.0,0.4556653787170739,0.0,0.0,0.0,0.0,0.0,0.0,0.0,0.0,0
PJA2,0.546948800302286,0.27927331400172006,0.027429560608172268,0.05459946852174634,0.04441218180050489,0.0,0.0,0.0,1.0,0.0,0.0,0.0,0.0,0.0,0
ATG14,0.6525599848856981,0.2883150291876917,0.04343204594096101,0.058350456581574665,0.07188429977912787,0.0,0.0,0.0,0.0,0.0,0.0,0.0,0.0,0.0,0
NUP153,0.9351974305686757,0.43556255755721474,0.0,0.0,0.0,0.6566960559293804,0.0,0.0,0.0,0.0,0.0,0.0,0.0,0.0,0
NSUN4,0.46778764405819007,0.2588822674307981,0.02201548189006489,0.10129423180057517,0.5683618907349318,0.0,0.930935762898835,0.0,0.0,0.0,1.0,0.0,0.0,0.0,0
SLC5A10,0.9351974305686757,0.1559102221613351,0.864408111599141,0.8526204587411956,0.8665943951824474,0.7038798597081029,0.6233767199073055,0.0,0.0,0.0,0.0,0.0,0.0,0.0,0
FXR1,0.9351974305686757,0.47372346659969117,0.03531184857115696,0.0,0.05318382961836372,0.9035773372357487,0.0,0.0,0.0,0.0,0.0,0.0,0.0,0.0,0
TMEM117,0.9164934819573021,0.35064349917422044,0.031086971632627504,0.08148472850756998,0.0,0.0,0.9084948731234871,0.0,0.0,0.0,0.0,0.0,0.0,0.0,0
C1GALT1,0.689212167013036,0.42543096559125054,0.04991626906468255,0.04667899265137964,0.7593401589564759,0.0,0.0,0.0,0.0,0.0,0.0,0.0,0.0,0.0,0
ACP2,0.6442471188361987,0.3206947203385316,0.0,0.0,0.0,0.9387431509241357,0.0,0.0,0.0,0.0,0.0,0.0,0.0,0.0,0
EIF2AK1,0.689212167013036,0.41898912406481414,0.03614351256477876,0.028025245426411986,0.3510980919118066,0.5142402506167826,0.0,0.0,0.0,0.0,0.0,0.0,0.0,0.0,0
ZC3H3,0.9351974305686757,0.8387728231005174,0.9216228721329609,0.8821808229555691,0.868409556519243,0.8205337834135642,0.8414083721017508,0.0,0.0,0.0,0.0,0.0,0.0,0.0,0
HADHB,0.5070848290194596,0.3179563288200866,0.0,0.0,0.5836576405833637,0.0,0.0,0.0,0.0,0.0,0.0,0.0,0.0,0.0,0
ARF1,0.7320989986774986,0.8883241622333341,0.025958545604216513,0.0,0.2199367227366897,0.892790466800908,0.0,0.0,0.0,0.0,0.0,0.0,0.0,0.0,0
CALM1,0.5477045153976952,0.23765706935787081,0.037312360164286996,0.2946468225835799,0.07139184746327329,0.0,0.5017421040753797,0.0,1.0,0.0,0.0,1.0,0.0,0.0,0
ASPDH,0.5870017003589647,0.3482795625271138,0.0,0.37377882365001003,0.0,0.36851491859785723,0.4660845640424828,0.0,0.0,0.0,0.0,0.0,0.0,0.0,0
HACD2,0.7048932552427736,0.3579423248167683,0.0,0.7984395450699885,0.0,0.8643296734125504,0.0,0.0,0.0,0.0,0.0,0.0,0.0,0.0,0
CTNNAL1,0.49499338749291516,0.2638932651399258,0.03594778486184002,0.035907789065702946,0.4847202844968419,0.0,0.0,0.0,0.0,0.0,0.0,0.0,0.0,0.0,0
DGUOK,0.4823351596448139,0.33607324702605207,0.019937456601210848,0.7094656781005318,0.045901509859543235,0.0,0.0,0.0,1.0,0.0,0.0,0.0,0.0,0.0,0
TM9SF2,0.7723408275080295,0.22987875881909714,0.0,0.0,0.0,0.0,0.8934838449861124,0.0,0.0,0.0,0.0,0.0,0.0,0.0,0
TSSC4,0.47591158133383715,0.23590961329162585,0.030449607674486477,0.0,0.5948525905872568,0.0,0.0,0.0,0.0,0.0,0.0,0.0,0.0,0.0,0
DPAGT1,0.018326091063668976,0.06509426064190046,0.0,0.0,0.0,0.0,0.9591909316980705,0.0,0.0,0.0,0.0,0.0,0.0,0.0,0
NPHP1,0.7407897222747024,0.28854487750302527,0.03325104883771593,0.19634423954128208,0.05040755511669264,0.0,0.0,0.0,0.0,0.0,0.0,0.0,0.0,0.0,0
TMEM150A,0.750047232193463,0.3410218355899567,0.0,0.0,0.0,0.9700681276152605,0.0,0.0,0.0,0.0,1.0,0.0,0.0,0.0,0
AHSA1,0.7746079727942565,0.23714561880189663,0.0,0.0,0.0,0.0,0.9095264294771672,0.0,0.0,0.0,0.0,0.0,0.0,0.0,0
DNAJC6,0.6393349707160401,0.2562565168086094,0.14088868886830097,0.37977225054146924,0.3260251152307244,0.7835074012239887,0.8848384796288354,0.0,0.0,0.0,1.0,0.0,0.0,0.0,0
FAM117B,0.5885131305497827,0.2662785122268648,0.05360431984451397,0.0678437732389052,0.0410503191070761,0.0,0.0,0.0,0.0,0.0,0.0,0.0,0.0,0.0,0
SPATA5L1,0.8216512374834687,0.20068041190035846,0.0,0.0,0.0,0.0,0.8521711028399824,0.0,0.0,0.0,0.0,0.0,0.0,0.0,0
WDR47,0.6941243151331947,0.26009848467551044,0.03211891183109338,0.08284921356804884,0.05359851237825036,0.9487318099831491,0.0,0.0,0.0,0.0,0.0,1.0,0.0,0.0,0
PIFO,0.8522576988475344,0.252467825041289,0.14781580373204903,0.04738986997779433,0.9126525746260616,0.0,0.8748081400373031,0.0,0.0,0.0,0.0,1.0,0.0,0.0,0
NOL11,0.9351974305686757,0.597445791568677,0.05310831270912367,0.0435174216383667,0.05105223192220489,0.0,0.8348236016162194,0.0,0.0,0.0,0.0,0.0,0.0,0.0,0
SOAT1,0.7895333459285849,0.8688357650067361,0.02964434600064211,0.07321071576984375,0.0,0.0,0.9394986452965112,0.0,0.0,0.0,0.0,0.0,0.0,0.0,0
COA7,0.5297562818817305,0.26144865325631134,0.03414596360938505,0.0,0.0,0.0,0.0,0.0,0.0,0.0,0.0,1.0,0.0,0.0,0
CASP2,0.8074815794445493,0.3882488146067844,0.0,0.0,0.0,0.0,0.9582118136909469,0.0,1.0,0.0,0.0,0.0,0.0,0.0,0
FSD2,0.9351974305686757,0.2991102891370033,0.0,0.0,0.0,0.807658675670818,0.0,0.0,0.0,0.0,1.0,0.0,0.0,0.0,0
MLF1,0.9351974305686757,0.4440593343531901,0.0,0.0,0.8032638127863931,0.0,0.0,0.0,0.0,0.0,0.0,0.0,0.0,0.0,0
BLOC1S2,0.040241828830530846,0.21273603214832068,0.04348551234167457,0.05702766541684766,0.14072186834346068,0.0,0.0,0.0,0.0,0.0,0.0,0.0,0.0,0.0,0
BYSL,0.9351974305686757,0.4142490733764108,0.0,0.0,0.0,0.0,0.7528608983915576,0.0,0.0,1.0,0.0,0.0,0.0,0.0,0
SNRNP70,0.8634044965048177,0.34970888417014867,0.04510088948200813,0.9487279810776474,0.3653983404771317,0.8508790601154639,0.0,0.0,0.0,0.0,0.0,0.0,0.0,0.0,0
ABHD11,0.8913659550349518,0.41121233570031435,0.04630901619120121,0.7186221039760199,0.0,0.0,0.0,0.0,0.0,0.0,0.0,0.0,0.0,0.0,0
LRRFIP2,0.4825240884186661,0.2512698738878614,0.03724646750037649,0.05200546063185783,0.05799768191886448,0.0,0.0,0.0,0.0,0.0,0.0,0.0,0.0,0.0,0
ACTN1,0.07878329869639145,0.22053565312692652,0.7216983182867827,0.603710616375248,0.0,0.6865312836778289,0.8530525041411472,0.0,0.0,0.0,0.0,0.0,0.0,0.0,0
SMARCA4,0.8242962403174003,0.3285400065453494,0.5934105328921209,0.9046668945687144,0.9167890634902517,0.9180032590164764,0.5157829233677784,0.0,0.0,0.0,1.0,0.0,0.0,0.0,0
GTPBP8,0.819006234649537,0.3761916721845484,0.0,0.9441985815235667,0.0,0.0,0.7190016714058524,0.0,0.0,0.0,0.0,0.0,0.0,0.0,0
EXOSC9,0.5826563385603627,0.2310675769268824,0.030499740056567567,0.323787443547706,0.04404265311107353,0.0,0.0,0.0,1.0,0.0,0.0,0.0,0.0,0.0,0
PDAP1,0.9163045531834498,0.40077326453105616,0.0,0.0,0.0,0.6231511439651346,0.7657160572466272,0.0,0.0,0.0,0.0,0.0,0.0,0.0,0
MEF2D,0.774230115246552,0.8755424648568018,0.025287665369580173,0.0617071557021899,0.03491913061443255,0.693042810134849,0.0,0.0,0.0,0.0,0.0,1.0,0.0,0.0,0
CHMP4B,0.5873795579066692,0.48592521557793167,0.0,0.0,0.0,0.0,0.9236599127520467,0.0,0.0,0.0,0.0,0.0,0.0,0.0,0
USP7,0.698658605705649,0.6146676713016879,0.0,0.6306986515937794,0.0,0.6048663031631409,0.6093057876514967,0.0,0.0,0.0,0.0,0.0,0.0,0.0,0
MAP3K7,0.9351974305686757,0.2134621092768909,0.023761438905023944,0.03151869188922938,0.16183642424463945,0.9638824940703328,0.0,0.0,0.0,0.0,0.0,0.0,0.0,0.0,0
PPP1R10,0.8938220290950312,0.39123227618330014,0.0,0.032187948151818864,0.0,0.3410571517949519,0.0,0.0,0.0,0.0,0.0,1.0,0.0,0.0,0
ZCCHC14,0.5392027205743435,0.006259180613588489,0.8547984837762269,0.818044142106357,0.9065108600572804,0.0,0.9385303499361126,0.0,0.0,0.0,0.0,1.0,0.0,0.0,0
BRMS1,0.9351974305686757,0.40669452245587606,0.05700261242173427,0.1388644681550161,0.0,0.8796126706781274,0.0,0.0,0.0,0.0,1.0,0.0,0.0,0.0,0
LATS1,0.9351974305686757,0.21382134240549192,0.0,0.0,0.0,0.8932428094430762,0.0,0.0,0.0,0.0,0.0,0.0,0.0,0.0,0
SLC12A9,0.9351974305686757,0.39364035588434526,0.0,0.5083946365081158,0.0,0.8344910546769975,0.892431276624428,0.0,0.0,0.0,1.0,0.0,0.0,0.0,0
CCDC92,0.7116946911014548,0.31648743064593465,0.9495316547391393,0.8906161816600379,0.7600523756551737,0.0,0.8744017317440144,0.0,0.0,0.0,1.0,0.0,0.0,0.0,0
SMYD4,0.022671452862270902,0.03738155581432484,0.0,0.0,0.0,0.8989074234030792,0.0,0.0,0.0,0.0,0.0,0.0,0.0,0.0,0
TMEM241,0.7045153976950689,0.2630027931897923,0.03579903811030841,0.04624530918400254,0.39529545757985757,0.8525811555231125,0.0,0.0,0.0,0.0,0.0,0.0,0.0,0.0,0
VAMP1,0.9293406385792556,0.3985752448797863,0.033690219138613586,0.5950759221543674,0.0,0.0,0.0,0.0,0.0,0.0,0.0,0.0,0.0,0.0,0
PPIC,0.670130360853958,0.2898676469468989,0.0,0.5814714288458169,0.0,0.0,0.0,0.0,0.0,0.0,0.0,0.0,0.0,0.0,0
EPG5,0.6153410164368034,0.24038785000494695,0.03511567217481852,0.053445357805337455,0.0,0.920544903570211,0.0,0.0,0.0,0.0,0.0,0.0,0.0,0.0,0
GNL2,0.6109956546382014,0.24964723611206244,0.0,0.0,0.0,0.875390268500792,0.0,0.0,1.0,0.0,0.0,0.0,0.0,0.0,0
PDPR,0.52635556395239,0.02496365808921447,0.034708429028506446,0.0,0.10920529159062375,0.0,0.0,0.0,0.0,0.0,0.0,0.0,0.0,0.0,0
NAA16,0.028339316077838628,0.09575541703769658,0.03262074437993243,0.07098424049779568,0.06788358818290371,0.0,0.8091946882977253,0.0,1.0,0.0,0.0,0.0,0.0,0.0,0
GPATCH3,0.4502172680899301,0.13765935261928144,0.0,0.0,0.0,0.7725653748907172,0.8714875092816589,0.0,0.0,0.0,0.0,0.0,0.0,0.0,0
TUBB4B,0.5962592102777253,0.2907581188970325,0.04725770767958999,0.0,0.886805453742701,0.0,0.0,0.0,0.0,0.0,0.0,0.0,0.0,0.0,0
GINS3,0.52635556395239,0.01892975926813867,0.0,0.9622113580028764,0.0,0.0,0.0,0.0,0.0,0.0,0.0,0.0,0.0,0.0,0
NUDCD2,0.6788210844511618,0.31885897816441006,0.0,0.0,0.0,0.9421554676040185,0.0,0.0,0.0,0.0,0.0,0.0,0.0,0.0,0
MTHFSD,0.5392027205743435,0.0047050406801074085,0.9013466404856671,0.7253303055170797,0.8605474350005068,0.9635639772562505,0.9241063310584612,0.0,0.0,0.0,0.0,0.0,0.0,0.0,0
SET,0.49707160400529,0.2733931547822909,0.0487602697550918,0.0,0.0,0.0,0.0,0.0,0.0,0.0,0.0,1.0,0.0,0.0,0
CSNK1D,0.9351974305686757,0.467980303064898,0.0,0.0,0.0,0.7463345217591826,0.0,0.0,0.0,0.0,0.0,0.0,0.0,0.0,0
ZNF610,0.7086718307198187,0.36996141288216094,0.0,0.0,0.0,0.842153041143896,0.0,0.0,0.0,0.0,0.0,1.0,0.0,0.0,0
C5orf15,0.6433024749669375,0.29534138563524137,0.04984607853160075,0.08014963944428663,0.1710756863643083,0.860027264168162,0.0,0.0,0.0,0.0,0.0,0.0,0.0,0.0,0
RPS6KB1,0.9351974305686757,0.6478815139545324,0.0,0.0,0.0,0.0,0.9144345041430627,0.0,0.0,0.0,0.0,1.0,0.0,0.0,0
SPIRE1,0.9351974305686757,0.2852189267149196,0.0,0.0,0.0,0.944959003209479,0.0,0.0,0.0,0.0,0.0,1.0,0.0,0.0,0
PDE6D,0.05686756092952955,0.22636710276959604,0.0,0.9537619149557381,0.0,0.9057271996050026,0.0,0.0,0.0,0.0,0.0,0.0,0.0,0.0,0
CDK11B,0.0253164556962025,0.15959540607804193,0.0,0.0,0.7950790897497162,0.0,0.0,0.0,0.0,0.0,0.0,0.0,0.0,0.0,0
RPL7L1,0.9351974305686757,0.4086337724806112,0.0,0.9491340643305998,0.0,0.0,0.0,0.0,0.0,0.0,0.0,0.0,0.0,0.0,0
ATP1A1,0.9351974305686757,0.28499821144522836,0.04042473197612536,0.30571609185983245,0.3995150469914933,0.0,0.0,0.0,0.0,0.0,1.0,0.0,0.0,0.0,0
KATNAL1,0.9351974305686757,0.21672108439695248,0.03934854914172455,0.032943382354120886,0.5024143162486296,0.0,0.0,0.0,0.0,0.0,0.0,0.0,0.0,0.0,0
COTL1,0.5392027205743435,0.0038358791698060446,0.05713549153407045,0.380958163899251,0.19983468209886135,0.7512277208215761,0.0,0.0,0.0,0.0,0.0,1.0,0.0,0.0,0
RAB6A,0.9351974305686757,0.37726328287325617,0.02820928284743271,0.0,0.0247289790119519,0.0,0.0,0.0,0.0,0.0,1.0,0.0,0.0,0.0,0
CEP83,0.7797090496882675,0.3225913494836024,0.0,0.906730452049653,0.0,0.0,0.0,0.0,0.0,0.0,1.0,0.0,0.0,0.0,0
GLDC,0.8671830719818628,0.2845232930718237,0.0,0.528379902667995,0.0,0.0,0.0,0.0,0.0,1.0,0.0,0.0,0.0,0.0,0
CSGALNACT2,0.6378235405252219,0.3122679635591479,0.0,0.0,0.0,0.0,0.8284896498137685,0.0,0.0,0.0,0.0,0.0,0.0,0.0,0
CCDC47,0.9351974305686757,0.5930695405316959,0.0,0.0,0.0,0.725165923520289,0.0,0.0,0.0,0.0,0.0,0.0,0.0,0.0,0
NLE1,0.9351974305686757,0.2972273595603961,0.04097169505621314,0.0242222999127834,0.040859706147028926,0.938452684116184,0.0,0.0,0.0,0.0,0.0,0.0,0.0,0.0,0
ZNF736,0.6208199508785188,0.4180118881810779,0.045333893032729174,0.03784040972349569,0.0,0.0,0.813821786543721,0.0,0.0,0.0,0.0,0.0,0.0,0.0,0
HRAS,0.010768940109578656,0.23051654983979125,0.03343073429147581,0.6378082658090063,0.0,0.8761037028658286,0.0,0.0,0.0,0.0,0.0,0.0,0.0,0.0,0
NCAPD2,0.9293406385792556,0.39695717362680855,0.0,0.0,0.0,0.7705415566478468,0.0,0.0,0.0,0.0,0.0,0.0,0.0,0.0,0
SSC4D,0.9351974305686757,0.395422821958886,0.018765315063571902,0.923332510479207,0.32446523012942247,0.7005878423469605,0.0,0.0,0.0,0.0,0.0,0.0,0.0,0.0,0
ERBB4,0.5184205554505952,0.26794224870805455,0.06190413109893053,0.14806132256602714,0.042941666581519385,0.0,0.0,0.0,1.0,0.0,0.0,0.0,0.0,0.0,0
MAN2C1,0.9351974305686757,0.26937157035108944,0.0,0.0,0.0,0.9098996604642828,0.8979819570423543,0.0,0.0,0.0,0.0,0.0,0.0,0.0,0
FAHD2A,0.7007368222180238,0.3220327115251425,0.04044328001837514,0.0645059038252025,0.0,0.0,0.9824667401402427,0.0,0.0,1.0,0.0,1.0,0.0,0.0,0
BUD31,0.9163045531834498,0.40077326453105616,0.0,0.0,0.0,0.8433042441829415,0.0,0.0,0.0,0.0,0.0,0.0,0.0,0.0,0
NUDCD1,0.9351974305686757,0.9024362399251094,0.0,0.0,0.0,0.9185544138232968,0.0,0.0,0.0,0.0,0.0,1.0,0.0,0.0,0
NDUFV1,0.9351974305686757,0.49346302258145547,0.0,0.0,0.9586552727736725,0.8238767391262071,0.9194029401838028,0.0,0.0,0.0,0.0,0.0,1.0,0.0,0
BUD13,0.018326091063668976,0.05199442884215777,0.0,0.0,0.0,0.9154524629328205,0.0,0.0,0.0,0.0,0.0,0.0,0.0,0.0,0
ELOVL7,0.5505384470054789,0.2651795024012299,0.033778585436976864,0.39977588911489964,0.8796949740658863,0.0,0.0,0.0,0.0,0.0,1.0,1.0,0.0,0.0,0
EFNB2,0.5682977517475911,0.20822735194952466,0.0589566691039754,0.8569704829264306,0.0,0.574467669330786,0.0,0.0,0.0,0.0,0.0,0.0,0.0,0.0,0
HVCN1,0.5121859059134706,0.295810215311551,0.14984136681364718,0.0,0.6797823950873769,0.907213951895304,0.9283303188459073,0.0,0.0,0.0,0.0,0.0,0.0,0.0,0
URB1,0.7166068392216134,0.3362939622957432,0.0,0.0,0.9729424599055363,0.8681172699526212,0.0,1.0,0.0,0.0,0.0,1.0,0.0,0.0,0
TNFAIP2,0.9351974305686757,0.27675107123014514,0.5876389440519979,0.7794741964371021,0.6613695404790005,0.6622105686455585,0.9080191190909543,0.0,0.0,0.0,0.0,0.0,0.0,0.0,0
NME9,0.700170035896467,0.40863529465488513,0.03115319277244769,0.3452059409443487,0.3700384243482267,0.0,0.0,0.0,0.0,0.0,0.0,1.0,0.0,0.0,0
PEX7,0.7636501039108257,0.2471341263861299,0.06976908030082851,0.04276512256565446,0.7980793375389245,0.0,0.0,0.0,0.0,0.0,0.0,0.0,0.0,0.0,0
CD163L1,0.9351974305686757,0.3912672861915961,0.0,0.0,0.0,0.0,0.7888511136823515,0.0,0.0,0.0,0.0,0.0,0.0,0.0,0
XYLB,0.5121859059134706,0.24848429496693072,0.037075082822226026,0.9112629441411948,0.19188900954311278,0.0,0.0,0.0,0.0,0.0,0.0,0.0,0.0,0.0,0
EPC1,0.8787077271868505,0.3750317753879643,0.0,0.0,0.0,0.7396416218158604,0.0,0.0,0.0,0.0,0.0,0.0,0.0,0.0,0
CEP70,0.6196863782354053,0.40554375870493414,0.023611201623950032,0.5875344287757839,0.06884304844912237,0.0,0.0,0.0,0.0,1.0,0.0,0.0,0.0,0.0,0
ZNF584,0.9351974305686757,0.36018600969625014,0.0750962830976289,0.0,0.0,0.0,0.0,0.0,0.0,0.0,0.0,0.0,0.0,0.0,0
RAI14,0.7007368222180238,0.4592141014224721,0.10432002180150496,0.042885935521281636,0.0,0.0,0.0,0.0,0.0,0.0,0.0,0.0,0.0,0.0,0
CCDC28A,0.9351974305686757,0.24770189739023216,0.0,0.0,0.0,0.9245055704010817,0.0,0.0,0.0,0.0,0.0,0.0,0.0,0.0,0
CDK10,0.5392027205743435,0.007056799933024216,0.0,0.0,0.9544261534922256,0.0,0.9815432515650189,0.0,1.0,0.0,0.0,0.0,0.0,0.0,0
RBM12B,0.9351974305686757,0.8831639914453808,0.0,0.0,0.0,0.8858837612451261,0.0,0.0,0.0,0.0,0.0,0.0,0.0,0.0,0
LSM14A,0.8110712261477423,0.41276951998234285,0.03343486176106574,0.0,0.03353206763314839,0.0,0.0,0.0,0.0,0.0,0.0,0.0,0.0,0.0,0
SCRIB,0.9351974305686757,0.8270840468525248,0.6074985603146358,0.8988514354991374,0.7941157474400437,0.9781453103340269,0.8253415234020817,0.0,0.0,0.0,0.0,0.0,0.0,0.0,0
MYLIP,0.9351974305686757,0.4271571112176633,0.030413301289190217,0.04288455798483193,0.0323871473129756,0.0,0.0,0.0,0.0,0.0,0.0,0.0,0.0,0.0,0
LPGAT1,0.9351974305686757,0.8855675046236046,0.0,0.0,0.0,0.8858274041093925,0.0,0.0,0.0,0.0,0.0,0.0,0.0,0.0,0
TDRD3,0.5970149253731343,0.14846831213705652,0.03225620626089321,0.08021426003050502,0.04352809679169938,0.0,0.0,0.0,0.0,0.0,0.0,0.0,0.0,0.0,0
AGBL5,0.4813905157755526,0.3229886369690466,0.02565336091527178,0.8503700681262935,0.44294761553561196,0.9334610017693761,0.0,0.0,0.0,0.0,0.0,0.0,0.0,0.0,0
PSMD3,0.9351974305686757,0.577321125495658,0.03444702687598566,0.046816867784161616,0.04263099306265888,0.0,0.0,0.0,0.0,1.0,0.0,0.0,0.0,0.0,0
ZBTB1,0.5607406007935009,0.24408825566439107,0.0,0.0,0.0,0.0,0.8689588678176726,0.0,0.0,0.0,0.0,0.0,0.0,0.0,0
C14orf93,0.9351974305686757,0.3227329116910595,0.0,0.39673513241049624,0.08341638063425819,0.0,0.0,0.0,0.0,0.0,0.0,0.0,0.0,0.0,0
TMEM176A,0.6888343094653315,0.3649702034385917,0.0,0.0,0.0,0.0,0.6771212360704834,0.0,0.0,0.0,0.0,0.0,0.0,0.0,0
TLK2,0.9351974305686757,0.6190880653926072,0.05031859209201086,0.0,0.03635338498969197,0.0,0.8266302172005969,0.0,0.0,0.0,0.0,1.0,0.0,0.0,0
CPSF6,0.9351974305686757,0.44721327944836403,0.029676878931778252,0.06260316987539163,0.05049417702384042,0.0,0.0,0.0,0.0,0.0,0.0,1.0,0.0,0.0,0
C18orf25,0.6153410164368034,0.24142445068535884,0.03319924889475304,0.3122676484237406,0.8928304003901449,0.0,0.0,0.0,0.0,0.0,0.0,1.0,0.0,0.0,0
FER,0.7347440015114302,0.2831868240594866,0.0326105994142005,0.0838490612810272,0.0,0.0,0.0,0.0,0.0,0.0,0.0,1.0,0.0,0.0,0
ANP32B,0.5065180426979028,0.2574468570906683,0.0797579006134145,0.0,0.0,0.0,0.0,0.0,0.0,0.0,0.0,0.0,0.0,0.0,0
BRI3,0.6393349707160401,0.3887556986399373,0.03640673751314889,0.22884134517860635,0.5424941969088178,0.5167721305248532,0.4093019061151126,0.0,0.0,0.0,0.0,0.0,0.0,0.0,0
ELF2,0.5182316266767428,0.2276350739396154,0.03754265359931652,0.0,0.0,0.0,0.0,0.0,0.0,0.0,1.0,0.0,0.0,0.0,0
NDUFS1,0.5274891365955034,0.2640987586668797,0.0,0.9544847801333203,0.0,0.0,0.0,0.0,0.0,0.0,0.0,1.0,0.0,0.0,0
CD81,0.47591158133383715,0.23590961329162585,0.8688498987915932,0.8639577991857695,0.8903260785584034,0.5984652084298999,0.40791260533395274,0.0,0.0,0.0,0.0,0.0,0.0,0.0,0
GSS,0.9351974305686757,0.519872746230716,0.0,0.7131387018043983,0.0,0.03962020639407851,0.0,0.0,0.0,0.0,0.0,0.0,0.0,0.0,0
DHX8,0.5473266578499906,0.25200660623634796,0.04107223356848599,0.07158629394805999,0.04740929720675574,0.0,0.0,0.0,0.0,0.0,0.0,0.0,0.0,0.0,0
RANBP9,0.9351974305686757,0.44690275589652256,0.04954751096754237,0.08208395482057217,0.04583403685927956,0.0,0.0,0.0,0.0,0.0,0.0,0.0,0.0,0.0,0
AGPAT5,0.6754203665218212,0.07728839874877289,0.0,0.0,0.0,0.0,0.8342104416466026,0.0,0.0,0.0,0.0,1.0,0.0,0.0,0
SEC24C,0.8088040808615152,0.30625689735217787,0.0,0.0,0.0,0.8570400471549051,0.8322271251756356,0.0,0.0,1.0,0.0,0.0,0.0,0.0,0
SP4,0.9351974305686757,0.4397135268016836,0.03600684227193816,0.17653666122198824,0.7067870646309989,0.0,0.8048346541304615,0.0,0.0,0.0,0.0,0.0,0.0,0.0,0
PACS2,0.7640279614585301,0.2751558325912734,0.8133111693816883,0.8999387229936264,0.611254582818103,0.8840884273952586,0.8359257554122351,0.0,0.0,0.0,0.0,0.0,0.0,0.0,0
STXBP3,0.6941243151331947,0.25446491768842616,0.03482014561746272,0.33796147109625024,0.04318997213061675,0.0,0.8643497861065772,0.0,1.0,0.0,0.0,1.0,0.0,0.0,0
UBE2Q1,0.8405441148686945,0.8937431026478224,0.02923782868906064,0.382549426513476,0.06957081655241153,0.6594921154815995,0.0,0.0,0.0,0.0,0.0,0.0,0.0,0.0,0
SRP68,0.7415454373701115,0.4908814150132051,0.0,0.0,0.0,0.8777179685567429,0.0,0.0,0.0,0.0,0.0,0.0,0.0,0.0,0
TSNARE1,0.9351974305686757,0.842611746618871,0.8837098642795499,0.8468405269998407,0.8435394794060747,0.8801695904581375,0.8036409815120392,0.0,0.0,0.0,0.0,0.0,0.0,0.0,0
CHORDC1,0.9351974305686757,0.18633848589324986,0.0,0.7840181238195351,0.0,0.0,0.0,0.0,0.0,0.0,0.0,1.0,0.0,0.0,0
EXPH5,0.5509163045531835,0.08818107785160306,0.04403624466742749,0.12176451785198115,0.04541587683161041,0.6009753339752322,0.0,0.0,0.0,0.0,0.0,0.0,0.0,0.0,0
TBRG1,0.014169658038919314,0.06863483800260267,0.025820448463451953,0.0447626218145923,0.0,0.0,0.9388363233024201,0.0,0.0,0.0,0.0,0.0,0.0,0.0,0
SLC36A1,0.6363121103344039,0.3092297037087776,0.038516577048855326,0.05227226813665091,0.0,0.0,0.8708656461712679,0.0,0.0,0.0,1.0,1.0,0.0,0.0,0
TET2,0.4451161911959191,0.22162705208119277,0.03869413519169986,0.3060115633313006,0.059278618580495414,0.0,0.0,0.0,0.0,0.0,0.0,0.0,0.0,0.0,0
ABI2,0.5885131305497827,0.2724828945665989,0.020958686507310875,0.20174082574594884,0.0,0.0,0.0,0.0,0.0,0.0,0.0,1.0,0.0,0.0,0
SYK,0.6244095975817117,0.2740568227656384,0.0631025158804871,0.0,0.279087852830738,0.0,0.0,0.0,0.0,0.0,0.0,0.0,0.0,0.0,0
EIF4B,0.46722085773663324,0.31777975660433366,0.04105815267768741,0.11672417998595482,0.06644120806174457,0.0,0.7560451295666272,0.0,1.0,0.0,0.0,0.0,0.0,0.0,0
SNX25,0.5144530511996976,0.21627508733474898,0.0,0.0,0.720626524331961,0.0,0.0,0.0,0.0,0.0,0.0,0.0,0.0,0.0,0
ZAP70,0.7007368222180238,0.3214710292181352,0.8681585453765559,0.8296604859166941,0.806074291249308,0.0,0.7667810572592524,0.0,0.0,0.0,1.0,0.0,0.0,0.0,0
TXNDC9,0.7007368222180238,0.3088430714432496,0.0,0.15814759303265397,0.0,0.9222383409671742,0.0,0.0,0.0,0.0,0.0,0.0,0.0,0.0,0
GNPDA1,0.6606839221613452,0.3071123592940156,0.018144276535528088,0.8191787132968754,0.11519813511565516,0.9118245105658386,0.0,0.0,0.0,0.0,0.0,0.0,0.0,0.0,0
PNKD,0.5184205554505952,0.2526794072653378,0.031054759563212662,0.7182799386648001,0.022204177361760415,0.0,0.31109259297018416,0.0,0.0,0.0,1.0,1.0,0.0,0.0,0
THG1L,0.6589835631966748,0.308214413468198,0.04641636330563298,0.9085951323139514,0.0645301346396023,0.0,0.9080521321039666,0.0,0.0,0.0,0.0,0.0,0.0,0.0,0
MRPS26,0.6858114490836955,0.4221704682969153,0.026143229396794105,0.0,0.534183188365287,0.0,0.0,0.0,0.0,0.0,0.0,0.0,0.0,0.0,0
DNAAF5,0.9351974305686757,0.43587460328332994,0.8638765389119225,0.8499803797362865,0.8784036891461727,0.7810910771192171,0.8957004041011551,0.0,0.0,0.0,0.0,0.0,0.0,0.0,0
TNFRSF11B,0.9351974305686757,0.9335905807855941,0.0758232959191476,0.0,0.18263277578381723,0.7027002786312776,0.0,0.0,0.0,0.0,0.0,1.0,0.0,0.0,0
MRPL45,0.9351974305686757,0.40010198567634014,0.03492432289744203,0.5011534287783678,0.0,0.0,0.0,0.0,1.0,1.0,0.0,0.0,0.0,0.0,0
RHBDD2,0.6410353296807103,0.39041486859830576,0.03881006843940357,0.42219271750134224,0.15079874028832546,0.0,0.9710150836128204,0.0,0.0,0.0,0.0,0.0,0.0,0.0,0
UBB,0.6376346117513697,0.055277758750598815,0.07717075829794652,0.0,0.2732422586067388,0.0,0.0,0.0,0.0,0.0,0.0,0.0,0.0,0.0,0
CDK2AP2,0.9351974305686757,0.48872297189305225,0.06137281204136916,0.0,0.0,0.0,0.0,0.0,0.0,0.0,0.0,0.0,0.0,0.0,0
PAIP1,0.5645191762705459,0.44126614456089097,0.029256171070399267,0.0,0.3119775672987433,0.90314361738412,0.0,0.0,0.0,0.0,0.0,0.0,0.0,0.0,0
INSIG1,0.6843000188928774,0.374788227504167,0.0,0.0,0.05819472120808697,0.0,0.0,0.0,0.0,0.0,0.0,1.0,0.0,0.0,0
MYO1B,0.9351974305686757,0.30617774428994377,0.0,0.0,0.0,0.0,0.6155848410091201,0.0,0.0,0.0,1.0,0.0,0.0,0.0,0
CRELD2,0.5254109200831287,0.13635941578951355,0.0,0.9003748666600917,0.0,0.6413536441566074,0.9182811941482204,0.0,0.0,0.0,1.0,1.0,0.0,0.0,0
CWF19L1,0.4349140374078972,0.21649732477871392,0.035890707172733266,0.030409044357893506,0.33650333763449475,0.9478771997565948,0.0,0.0,1.0,0.0,0.0,0.0,0.0,0.0,0
ZNF800,0.8074815794445493,0.38779825102175947,0.07988301760170717,0.29815844908335004,0.05433215441013207,0.0,0.8458691894501538,0.0,0.0,0.0,0.0,1.0,0.0,0.0,0
SRRD,0.6860003778575476,0.1465458060293321,0.0,0.0,0.0,0.0,0.9553670094886256,0.0,0.0,0.0,0.0,0.0,0.0,0.0,0
CNOT10,0.5248441337615719,0.26842173360428034,0.03608029097571569,0.05142326038320663,0.04716055382123719,0.0,0.9416522972654492,0.0,0.0,0.0,0.0,0.0,0.0,0.0,0
NADK2,0.7007368222180238,0.45734943793714966,0.04105031070354231,0.42069184828414863,0.0,0.0,0.0,0.0,0.0,0.0,0.0,1.0,0.0,0.0,0
NCAPD3,0.9351974305686757,0.11239582619814131,0.0,0.8635474842849862,0.0,0.0,0.0,0.0,0.0,0.0,0.0,0.0,0.0,0.0,0
MAT2A,0.750047232193463,0.34127147217084886,0.0,0.0,0.0,0.0,0.766372891148244,0.0,1.0,0.0,1.0,1.0,0.0,0.0,0
ZNF528,0.6567164179104477,0.3652746382933382,0.0,0.0,0.0,0.0,0.9067983102940678,0.0,0.0,0.0,0.0,0.0,0.0,0.0,0
RMND5B,0.6438692612884942,0.37045916386967154,0.03667496875026605,0.0,0.0,0.0,0.0,0.0,0.0,0.0,0.0,0.0,0.0,0.0,0
SNX24,0.670130360853958,0.2898676469468989,0.026095277930696527,0.052331277802189144,0.07619436173080996,0.0,0.0,0.0,0.0,0.0,0.0,0.0,0.0,0.0,0
CRLF3,0.9351974305686757,0.33705961595543077,0.021632333615947776,0.6951514349201958,0.3287364351392162,0.0,0.0,0.0,0.0,0.0,0.0,0.0,0.0,0.0,0
GMFG,0.9351974305686757,0.4304617515659368,0.0,0.0,0.0,0.7489384315058255,0.0,0.0,0.0,0.0,0.0,0.0,0.0,0.0,0
GRK4,0.608539580578122,0.20514951556803737,0.0,0.0,0.9727175956380849,0.07505756435640024,0.9375068265277207,0.0,0.0,0.0,0.0,0.0,0.0,0.0,0
DNAJA4,0.9351974305686757,0.2874854442085074,0.0,0.0,0.39173939753862563,0.0,0.7554999189778558,0.0,0.0,0.0,0.0,0.0,0.0,0.0,0
NCBP2,0.7086718307198187,0.46980082349628216,0.0,0.0,0.5878873673110943,0.0,0.0,0.0,1.0,0.0,1.0,0.0,0.0,0.0,0
MAMDC4,0.7814094086529378,0.2957889048717187,0.0,0.0,0.7632437610067481,0.0,0.7540971402223428,0.0,0.0,0.0,0.0,0.0,0.0,0.0,0
KPNA6,0.6924239561685244,0.22493321460373994,0.03509515494607686,0.1630927454840868,0.0,0.0,0.7860701868964162,0.0,0.0,0.0,0.0,0.0,0.0,0.0,0
SAFB,0.5692423956168524,0.26811729874953383,0.0,0.0,0.0,0.0,0.5188932493650084,0.0,0.0,0.0,0.0,0.0,0.0,0.0,0
ITPA,0.6858114490836955,0.42167271730940475,0.04201021380156512,0.16465093853570414,0.03789407745665039,0.0,0.8163797013312093,0.0,0.0,0.0,1.0,0.0,0.0,0.0,0
GHITM,0.9351974305686757,0.2717339848239225,0.0,0.0,0.0,0.0,0.8879571133721441,0.0,1.0,0.0,0.0,0.0,0.0,0.0,0
NDUFB9,0.9351974305686757,0.9265018151928218,0.0,0.0,0.0,0.0,0.9172676171653619,0.0,0.0,0.0,0.0,0.0,0.0,0.0,0
UGCG,0.557906669185717,0.26970340434276313,0.04993823462569321,0.6000801474616807,0.0,0.0,0.2554073510213028,0.0,0.0,0.0,0.0,0.0,0.0,0.0,0
SMG9,0.9351974305686757,0.3399639244697126,0.022411772879475832,0.0,0.044690677051264116,0.9503914052658081,0.0,0.0,0.0,0.0,0.0,1.0,0.0,0.0,0
PAQR8,0.7451350840733043,0.4145306756170513,0.0,0.9386575152995448,0.0,0.0,0.0,0.0,0.0,0.0,0.0,0.0,0.0,0.0,0
PRR14L,0.6408464009068582,0.1444573829257711,0.035536094412031725,0.07066174330156448,0.06009298872232742,0.9169191485128422,0.0,0.0,0.0,0.0,0.0,0.0,0.0,0.0,0
PRPSAP2,0.9351974305686757,0.11789696402341085,0.0265117364079972,0.032037818503825186,0.04861348834928674,0.05359742894378271,0.0,0.0,0.0,0.0,0.0,0.0,0.0,0.0,0
KCTD20,0.6638957113168336,0.3838862631382666,0.0,0.0,0.0,0.0,0.9465430093868342,0.0,0.0,0.0,0.0,0.0,0.0,0.0,0
TMEM214,0.4813905157755526,0.32089412516839055,0.04197939879934599,0.4963784197842749,0.0,0.0,0.7267430044402376,0.0,0.0,0.0,0.0,0.0,0.0,0.0,0
GTPBP1,0.4948044587190629,0.12580770372399927,0.02942918407401778,0.049765481634270456,0.02396654561022358,0.0,0.8989153133871407,0.0,0.0,0.0,0.0,1.0,0.0,0.0,0
RFC2,0.8913659550349518,0.41163702232268573,0.04227812399923455,0.5238588860431479,0.04961553582974951,0.9022225949228245,0.0,0.0,0.0,0.0,0.0,0.0,0.0,0.0,0
PAOX,0.6980918193840921,0.2355914788684157,0.06275177973966577,0.6020414612730354,0.0,0.0,0.0,0.0,0.0,0.0,0.0,0.0,0.0,0.0,0
CDHR5,0.010768940109578656,0.23031105631283733,0.8791012971602765,0.7707346252966832,0.8486460915421582,0.0,0.9142213321025191,0.0,0.0,0.0,0.0,0.0,0.0,0.0,0
SPATA6L,0.8671830719818628,0.28020945118006557,0.0,0.0,0.0,0.0,0.058981644498732715,0.0,0.0,1.0,1.0,0.0,0.0,0.0,0
DUSP12,0.9351974305686757,0.9126271966877488,0.031826854509939995,0.03929848873039437,0.0,0.0,0.0,0.0,0.0,0.0,0.0,0.0,0.0,0.0,0
UBR3,0.5853013413942943,0.2781880037445487,0.04170267070134627,0.0,0.04614994330215057,0.0,0.952740921864787,0.0,0.0,0.0,0.0,0.0,0.0,0.0,0
TMEM11,0.9351974305686757,0.21469050391579336,0.0,0.8999548407355539,0.0,0.8766225833189639,0.0,0.0,0.0,0.0,1.0,0.0,0.0,0.0,0
NOTCH3,0.9351974305686757,0.35700314328987526,0.6579979293053921,0.6884234758126503,0.709334318586102,0.8935390089366813,0.8794521651519174,0.0,0.0,0.0,0.0,0.0,0.0,0.0,0
SNX1,0.9351974305686757,0.2508086550829204,0.022912663680002113,0.4696247750048379,0.0,0.0,0.49804963376840067,0.0,0.0,0.0,0.0,0.0,0.0,0.0,0
ZNF583,0.9185716984696769,0.3780228478358487,0.07032664893656865,0.20570398686088198,0.28539865731814423,0.0,0.0,0.0,0.0,0.0,0.0,0.0,0.0,0.0,0
PAPOLG,0.5477045153976952,0.35252490657655394,0.04551685712998928,0.23804623006145811,0.03493509731353559,0.0,0.9246839676684058,0.0,0.0,0.0,0.0,0.0,0.0,0.0,0
FMN1,0.7763083317589269,0.1964837774276777,0.1032465611270481,0.12403835925798198,0.6440173407533324,0.8615183554729957,0.0,0.0,0.0,0.0,0.0,0.0,0.0,0.0,0
TARBP2,0.46722085773663324,0.31002884520248725,0.0,0.0,0.0,0.0,0.7640076645969605,0.0,0.0,0.0,0.0,0.0,0.0,0.0,0
DCAF5,0.07878329869639145,0.21911850887808143,0.10156299183258825,0.22903765000027568,0.0,0.9456351227278723,0.0,0.0,0.0,0.0,0.0,1.0,0.0,0.0,0
CHAF1A,0.8261855280559229,0.26618261524761966,0.04632316912447156,0.03339921567115235,0.06718144737089822,0.7119440350362037,0.9324121442736751,0.0,0.0,0.0,0.0,0.0,0.0,0.0,0
DHX29,0.5505384470054789,0.27593366364515076,0.0,0.0,0.0,0.8802577900558052,0.0,0.0,0.0,0.0,0.0,0.0,0.0,0.0,0
FLT3,0.8781409408652938,0.19319131447359406,0.054617630241934084,0.45569522669941004,0.2547769394629909,0.0,0.0,0.0,0.0,0.0,0.0,0.0,0.0,0.0,0
AXIN1,0.7370111467976572,0.5975158115852687,0.6903955411842911,0.8842281945582356,0.9189802635532767,0.8758903326670056,0.8068380778918112,0.0,0.0,0.0,0.0,0.0,0.0,0.0,0
SUN2,0.4948044587190629,0.12657792390650796,0.03497423543944315,0.1399551547904826,0.15981280633588318,0.3619108608366142,0.8576529501544838,0.0,0.0,0.0,0.0,0.0,0.0,0.0,0
PLK2,0.7698847534479502,0.2833131645242064,0.03158622117930173,0.2920089631915832,0.914348489403814,0.7838483066480848,0.0,0.0,0.0,0.0,1.0,0.0,0.0,0.0,0
GALNT14,0.82259588135273,0.3356972699804401,0.12544762849440025,0.15790876303895712,0.9289593440299533,0.7449618576368169,0.6919999032248579,0.0,0.0,0.0,0.0,0.0,0.0,0.0,0
CC2D1A,0.9351974305686757,0.35115647190446836,0.0,0.0,0.0,0.9224077626624637,0.0,0.0,0.0,0.0,0.0,0.0,0.0,0.0,0
ISG20L2,0.774230115246552,0.8784863499022005,0.0,0.358996695902584,0.0,0.05122095741438322,0.0,0.0,0.0,0.0,0.0,1.0,0.0,0.0,0
DNAH3,0.698658605705649,0.6018342199998481,0.0,0.0,0.0,0.852102823780798,0.0,0.0,0.0,0.0,1.0,0.0,0.0,0.0,0
RWDD1,0.9351974305686757,0.24313537456903433,0.04791937556928434,0.049324850981281844,0.0,0.0,0.0,0.0,0.0,0.0,0.0,0.0,0.0,0.0,0
MAPK9,0.6438692612884942,0.369130305728703,0.02651185038046358,0.0,0.0,0.8692312039382776,0.0,0.0,1.0,1.0,0.0,1.0,0.0,0.0,0
MB21D2,0.8847534479501228,0.46503337367095166,0.04935115619200227,0.3655855752712786,0.09984613135473354,0.9115324914105672,0.0,0.0,0.0,0.0,0.0,0.0,0.0,0.0,0
GABRB2,0.6788210844511618,0.31299404068771836,0.0,0.0,0.0,0.25041912128327315,0.0,0.0,0.0,0.0,0.0,0.0,0.0,0.0,0
CLEC16A,0.9351974305686757,0.6357802284783589,0.48785561097297486,0.9056022003752773,0.9245885960676098,0.8809898146339421,0.9358898644251423,0.0,0.0,0.0,0.0,0.0,0.0,0.0,0
KDM1A,0.4783676553939165,0.14300827301717786,0.04099125678276478,0.11155561214171451,0.0,0.0,0.0,0.0,0.0,0.0,0.0,0.0,0.0,0.0,0
REEP4,0.6092952956735311,0.08150786583555941,0.03752607478163977,0.0,0.11042604546450116,0.7370187789673447,0.0,0.0,0.0,0.0,0.0,0.0,0.0,0.0,0
MICU2,0.7806536935575288,0.16863712126401353,0.045890161211943115,0.0,0.602266988510515,0.9269593653658438,0.0,0.0,0.0,0.0,0.0,0.0,0.0,0.0,0
TTC23,0.9351974305686757,0.34458067904194356,0.0,0.4060506516393628,0.0,0.9455743114324832,0.0,0.0,0.0,0.0,0.0,0.0,0.0,0.0,0
MRPL15,0.9336860003778575,0.6686302714797818,0.02094653897551993,0.20289871834729648,0.0,0.0,0.0,0.0,0.0,0.0,0.0,0.0,0.0,0.0,0
IDH3B,0.574721330058568,0.41319877312753533,0.0,0.0,0.0,0.9386655316903586,0.0,0.0,0.0,0.0,0.0,0.0,0.0,0.0,0
UCP2,0.9351974305686757,0.36625948504844325,0.0,0.4133375957297502,0.0,0.0,0.0,0.0,0.0,0.0,0.0,0.0,0.0,0.0,0
UBXN7,0.7035707538258077,0.4627501122603528,0.045834029258152935,0.0,0.06721517115034627,0.0,0.0,0.0,0.0,0.0,0.0,0.0,0.0,0.0,0
PGAP3,0.9351974305686757,0.6617074228828461,0.0,0.0,0.0,0.8842235132982723,0.7539543283261095,0.0,0.0,0.0,0.0,0.0,0.0,0.0,0
ZNF691,0.9351974305686757,0.2903897527227892,0.0,0.0,0.0,0.0,0.9331444084537335,0.0,0.0,0.0,1.0,0.0,0.0,0.0,0
NKX3-1,0.5618741734366144,0.06958010822659078,0.031101480262860352,0.4730733536493428,0.16495462803941463,0.9172588452181911,0.0,0.0,0.0,0.0,0.0,0.0,0.0,0.0,0
TMEM192,0.505195541280937,0.2210927689111127,0.040815574129409754,0.8910768899899485,0.050001437323060026,0.584937504021771,0.0,0.0,0.0,1.0,0.0,0.0,0.0,0.0,0
SLC1A6,0.9351974305686757,0.35705337504090845,0.1451172099179531,0.0,0.0,0.8237911455945526,0.0,0.0,0.0,0.0,0.0,0.0,0.0,0.0,0
FAM200A,0.9163045531834498,0.4020640683151814,0.03994046050765449,0.1313883244795054,0.05408595994560153,0.0,0.0,0.0,0.0,0.0,0.0,0.0,0.0,0.0,0
PGLS,0.9351974305686757,0.3441316376311924,0.0,0.0,0.0,0.9856673845522032,0.9019690472572084,0.0,0.0,0.0,0.0,0.0,0.0,0.0,0
TNRC6A,0.698658605705649,0.6049866429207484,0.03747647175367979,0.034937262816627054,0.5833071360997413,0.9369740000417976,0.9527138984839258,0.0,0.0,0.0,0.0,1.0,0.0,0.0,0
UBXN6,0.8261855280559229,0.26696196847577075,0.042899376601964544,0.3864927247365457,0.0,0.0,0.0,0.0,0.0,0.0,1.0,0.0,0.0,0.0,0
TAGLN2,0.729453995843567,0.8891233037270441,0.041165128891363104,0.08717364034266317,0.04596164944071239,0.6318721786063279,0.0,0.0,0.0,0.0,0.0,0.0,0.0,0.0,0
AGAP1,0.05686756092952955,0.22481144066184133,0.5931720068247085,0.7624750961309364,0.8497735073705784,0.676536884345975,0.8598761859656088,0.0,0.0,0.0,0.0,0.0,0.0,0.0,0
ISOC1,0.670130360853958,0.29071702019164175,0.02528772434516825,0.49233980938335375,0.06221861611372917,0.0,0.0,0.0,0.0,0.0,0.0,0.0,0.0,0.0,0
MCTP1,0.5558284526733421,0.2762457093712659,0.07162221967070906,0.06697316368333678,0.5618098172840958,0.6843890379008721,0.0,0.0,0.0,0.0,0.0,1.0,0.0,0.0,0
TEP1,0.6079727942565653,0.29948626618261526,0.04603973531238501,0.058029308579510594,0.0,0.0,0.0,0.0,1.0,0.0,0.0,0.0,0.0,0.0,0
SENP7,0.6043831475533723,0.362623010708496,0.030355739682490238,0.19158784136057508,0.042878176939176345,0.7793359994376184,0.0,0.0,1.0,0.0,0.0,0.0,0.0,0.0,0
SPIRE2,0.5392027205743435,0.007056799933024216,0.6379192726477472,0.6462764218539045,0.8629805527044011,0.85840252037661,0.4543425027341829,0.0,0.0,0.0,0.0,0.0,0.0,0.0,0
NME4,0.7370111467976572,0.5975158115852687,0.02610858485090789,0.0,0.2365124649454574,0.0,0.0,0.0,0.0,0.0,0.0,0.0,0.0,0.0,0
KIF5B,0.8787077271868505,0.37287942096490634,0.0,0.0,0.4367411414692008,0.8256593501147558,0.0,0.0,0.0,0.0,0.0,0.0,0.0,0.0,0
PEPD,0.9351974305686757,0.4319306497400888,0.6628004481778379,0.9320659693694451,0.21868802972253956,0.8968315882824576,0.7189671202593747,0.0,0.0,0.0,0.0,0.0,0.0,0.0,0
GPATCH2L,0.7636501039108257,0.23398710718390148,0.0,0.0,0.0,0.0,0.9266328171853044,0.0,0.0,0.0,0.0,0.0,0.0,0.0,0
RNF8,0.7829208388437559,0.3977684925147079,0.08023856622544714,0.0,0.08615397604034523,0.0,0.9237161102971526,0.0,0.0,0.0,0.0,0.0,0.0,0.0,0
DENND5A,0.5006612507084829,0.25454102640211274,0.07051101610312108,0.28978217658630256,0.6241765003753221,0.8857687434105109,0.0,0.0,0.0,0.0,0.0,1.0,0.0,0.0,0
MFSD1,0.9351974305686757,0.4434885190005403,0.0,0.6273872476569202,0.0,0.0,0.8187757886258182,0.0,0.0,0.0,0.0,0.0,0.0,0.0,0
ALKBH7,0.5692423956168524,0.2781195059022307,0.044076816284289576,0.2794976375616022,0.0,0.0,0.0,0.0,0.0,0.0,0.0,0.0,0.0,0.0,0
RPL14,0.47874551294162104,0.22718755470313792,0.07034402784092882,0.058401450856653776,0.18323578293315448,0.0,0.0,0.0,1.0,0.0,0.0,0.0,0.0,0.0,0
ARFGEF1,0.9351974305686757,0.7644968072394609,0.0,0.0,0.0,0.23981603796412865,0.0,0.0,0.0,0.0,1.0,0.0,0.0,0.0,0
ATG4D,0.8242962403174003,0.3327320744952089,0.02840402536417908,0.0,0.3797448391024757,0.0,0.9693321152405427,0.0,0.0,0.0,0.0,0.0,0.0,0.0,0
ZNF18,0.0,0.008860576447397017,0.034262484143512476,0.04085003752664129,0.7884929032528016,0.8283974870112354,0.0,0.0,0.0,0.0,0.0,0.0,0.0,0.0,0
ZNF665,0.5870017003589647,0.3617660265923846,0.08814657551805473,0.0,0.0,0.0,0.0,0.0,0.0,0.0,0.0,1.0,0.0,0.0,0
AKIRIN1,0.6504817683733233,0.2712499334048755,0.030311776095390583,0.09676105567511394,0.04702792682612278,0.0,0.0,0.0,0.0,1.0,0.0,1.0,0.0,0.0,0
TRAF7,0.7370111467976572,0.6062196040824717,0.9451574361456732,0.528530317680963,0.6973235225910258,0.9232281263603835,0.852478491171599,0.0,0.0,0.0,0.0,0.0,0.0,0.0,0
WAC,0.8787077271868505,0.3764884961679264,0.0,0.0,0.0,0.0,0.9330379083191181,1.0,0.0,0.0,0.0,0.0,0.0,0.0,0
ATXN3,0.5987152843378046,0.2392416527768264,0.025441600605921537,0.028967705124693845,0.037024846760422184,0.8961422945589503,0.0,0.0,0.0,0.0,0.0,0.0,0.0,0.0,0
METTL6,0.5966370678254298,0.3196824744464994,0.0,0.0,0.0,0.871030405936876,0.0,0.0,0.0,0.0,0.0,0.0,0.0,0.0,0
SMARCD3,0.6888343094653315,0.362452527189838,0.06275375840908164,0.702149184179795,0.04444974307649696,0.7578028739111233,0.692170171258144,0.0,0.0,0.0,0.0,0.0,0.0,0.0,0
RFX5,0.8838088040808615,0.8947583928884021,0.0,0.0,0.9463410194934105,0.7624850042073854,0.0,0.0,0.0,0.0,0.0,0.0,0.0,0.0,0
CNTN5,0.9351974305686757,0.1439261441042384,0.08514135150324689,0.20225026662319773,0.0,0.0,0.0,0.0,0.0,0.0,0.0,0.0,0.0,0.0,0
LRRC20,0.5779331192140562,0.27489401861619134,0.05459526719807318,0.38410867124009945,0.08582237570963831,0.0,0.0,0.0,0.0,0.0,0.0,0.0,0.0,0.0,0
MACROD1,0.9351974305686757,0.2918967052537845,0.11877024951866123,0.5109392936370573,0.9164072493527881,0.7916645771146968,0.8450184098869263,0.0,0.0,0.0,0.0,0.0,0.0,0.0,0
PKP4,0.5488380880408086,0.27515887693982083,0.0,0.0,0.11542479898013092,0.0,0.5661237672763891,0.0,0.0,1.0,0.0,0.0,0.0,0.0,0
TMED4,0.8993009635367467,0.44455860751497445,0.0,0.0,0.0,0.7838896050899907,0.0,0.0,0.0,0.0,0.0,0.0,0.0,0.0,0
ANKRD13D,0.9351974305686757,0.4919499813533653,0.034277121311137033,0.704564782100699,0.1265177170728114,0.8444684903662285,0.9703445450252658,0.0,1.0,0.0,1.0,0.0,0.0,0.0,0
CDV3,0.5582845267334215,0.37334520629266854,0.03873707929346375,0.04334889843130238,0.22288483359746578,0.0,0.0,0.0,0.0,1.0,0.0,1.0,0.0,0.0,0
SGMS2,0.7337993576421689,0.2233273207449521,0.061191005860081533,0.16070545039281067,0.08664559281370089,0.0,0.0,0.0,0.0,0.0,0.0,1.0,0.0,0.0,0
DHX15,0.039863971282826344,0.19189898851519505,0.04639060871432437,0.12152015235881651,0.020875566349569087,0.6197822967932664,0.0,0.0,0.0,0.0,0.0,0.0,0.0,0.0,0
ASAH2B,0.7698847534479502,0.2823861603915032,0.0,0.0,0.0,0.0,0.9357579655773618,0.0,0.0,0.0,0.0,0.0,0.0,0.0,0
DMXL2,0.9351974305686757,0.24162081116667053,0.032966425490742,0.0,0.029487998995425854,0.0,0.0,0.0,0.0,0.0,0.0,0.0,0.0,0.0,0
ANTXR1,0.5682977517475911,0.3368571667770243,0.04792447191476427,0.2797728042463169,0.03306360667180496,0.0,0.0,0.0,0.0,0.0,0.0,0.0,0.0,0.0,0
UBL7,0.7736633289249952,0.2608047735385224,0.0,0.0,0.0,0.9284344431028055,0.0,0.0,0.0,0.0,0.0,0.0,0.0,0.0,0
ZC3H4,0.5273002078216512,0.31323606639724183,0.12980135647245347,0.040178078389100653,0.0,0.31595163830404344,0.0,0.0,0.0,1.0,0.0,0.0,0.0,0.0,0
CAMK2D,0.670130360853958,0.2295240922133175,0.06605641773027658,0.1449576523863944,0.05112246899958946,0.825040182094995,0.0,0.0,0.0,1.0,0.0,0.0,0.0,0.0,0
BDH1,0.743434725108634,0.47116925816836774,0.04336033206387251,0.4259715705958719,0.12406200461449535,0.0,0.0,0.0,0.0,0.0,0.0,0.0,0.0,0.0,0
VASP,0.8583034196108067,0.35048214870120487,0.04377119062504731,0.030568169507334864,0.07921876473476669,0.7983135583531754,0.0,0.0,0.0,0.0,0.0,1.0,0.0,0.0,0
ARHGAP32,0.9351974305686757,0.10420652860545973,0.03589587201297267,0.0,0.17399469893168648,0.0,0.0,0.0,0.0,0.0,0.0,0.0,0.0,0.0,0
AUH,0.6244095975817117,0.27180096049196667,0.03719553413275335,0.053545352745409794,0.4538530568804894,0.0,0.0,0.0,0.0,0.0,0.0,0.0,0.0,0.0,0
RGS12,0.608539580578122,0.20707354385003535,0.7129322774375086,0.8465579489209577,0.8496937340615578,0.6535021453008507,0.8859638939407832,0.0,0.0,0.0,0.0,0.0,0.0,0.0,0
TMCO3,0.9351974305686757,0.2353707635987245,0.9330184851756709,0.8683731667647628,0.7999241731025719,0.8983882909186187,0.8319838713330875,0.0,0.0,0.0,0.0,0.0,0.0,0.0,0
GUCD1,0.7230304175325901,0.1775159638026957,0.0,0.04117357216500891,0.0,0.0,0.0,0.0,0.0,0.0,0.0,1.0,0.0,0.0,0
ZFP2,0.6438692612884942,0.3688913243677269,0.09273745157942734,0.0,0.0,0.0,0.0,0.0,0.0,0.0,0.0,0.0,0.0,0.0,0
CFAP43,0.6519931985641413,0.21862989093621327,0.03206868801726221,0.0589869419763006,0.0,0.0,0.0,0.0,0.0,0.0,0.0,0.0,0.0,0.0,0
DNAJC17,0.7723408275080295,0.1953269249796409,0.0,0.0,0.0,0.0,0.884184254485738,0.0,0.0,0.0,0.0,0.0,0.0,0.0,0
C9orf64,0.5201209144152654,0.2719379561766026,0.0939630887923048,0.9117833958494088,0.0,0.0,0.0,0.0,0.0,0.0,0.0,0.0,0.0,0.0,0
STK35,0.9351974305686757,0.41949296374941974,0.03129700186615509,0.0,0.7867970954607073,0.0,0.7490176879820356,0.0,0.0,0.0,0.0,1.0,0.0,0.0,0
UHMK1,0.9351974305686757,0.9099573030116221,0.05032831272757259,0.38570144086217106,0.08715667803209848,0.0,0.0,0.0,0.0,0.0,0.0,1.0,0.0,0.0,0
GRB14,0.45739656149631586,0.26803814568729967,0.061140291725910394,0.08446508090467754,0.39317673937433334,0.7859292344162717,0.0,0.0,0.0,0.0,0.0,0.0,0.0,0.0,0
WDR4,0.9351974305686757,0.3597339239369516,0.0,0.9087287372322554,0.5213015654049524,0.0,0.0,0.0,0.0,0.0,0.0,0.0,0.0,0.0,0
ASAP3,0.4783676553939165,0.14441476204610673,0.4569805240243124,0.6769428227114024,0.8304885133528961,0.9087735766619967,0.9596295153033426,0.0,0.0,0.0,0.0,0.0,0.0,0.0,0
CLIP1,0.48573587757415454,0.29572649572649573,0.04275796973412744,0.04272130891544091,0.06215994403162145,0.9081216498887933,0.0,0.0,0.0,1.0,0.0,0.0,0.0,0.0,0
RRM1,0.47591158133383715,0.23825528384744774,0.05350044863006029,0.05964902302487103,0.0,0.0,0.0,0.0,0.0,0.0,1.0,0.0,0.0,0.0,0
EFHD1,0.6648403551860949,0.23661437998036397,0.04425309439509908,0.06532887587508106,0.2701986483251614,0.9504901141071903,0.0,0.0,0.0,0.0,1.0,0.0,0.0,0.0,0
LPCAT1,0.9210277725297562,0.4924705649549818,0.7055410757770044,0.7228151203880374,0.8740942495816998,0.8520608169292656,0.9503156924692391,0.0,0.0,0.0,0.0,0.0,0.0,0.0,0
ZFP30,0.9351974305686757,0.4209923054090463,0.052514921136168534,0.0,0.19865007439727367,0.9109744193291227,0.0,0.0,0.0,0.0,0.0,0.0,0.0,0.0,0
RBMS1,0.4993387492915171,0.26724357071641125,0.054273493942603605,0.4332472924261459,0.03413471063192852,0.4413603964321491,0.0,0.0,0.0,0.0,1.0,0.0,0.0,0.0,0
MTUS1,0.9351974305686757,0.10351698365945908,0.0,0.0,0.0,0.8609422896660621,0.0,0.0,0.0,0.0,0.0,0.0,0.0,0.0,0
LMAN2L,0.7007368222180238,0.319257787824128,0.052288395146851956,0.1842631644132068,0.06090157568499163,0.7982120292080316,0.0,0.0,0.0,0.0,1.0,0.0,0.0,0.0,0
SC5D,0.018326091063668976,0.06375322510674222,0.04464500863575047,0.05357921549342006,0.0,0.0,0.0,0.0,0.0,0.0,0.0,0.0,0.0,0.0,0
KCTD10,0.5127526922350274,0.3089587566880532,0.0,0.0,0.0,0.8942271588906159,0.0,0.0,0.0,0.0,0.0,0.0,0.0,0.0,0
SLCO4C1,0.5505384470054789,0.27300043381966804,0.09221595252277487,0.08192267399578353,0.3861608440917159,0.0,0.0,0.0,0.0,0.0,0.0,1.0,0.0,0.0,0
ZNF354A,0.6438692612884942,0.3688791469735371,0.0,0.0,0.08332109263192476,0.0,0.0,0.0,0.0,0.0,0.0,0.0,0.0,0.0,0
TAOK2,0.7266200642357831,0.5957135572451693,0.5019855196353574,0.9496487756158685,0.7861898837268733,0.8766000375479784,0.9044108698781763,0.0,0.0,0.0,0.0,0.0,0.0,0.0,0
TFDP1,0.9351974305686757,0.23351523315904443,0.846025216923615,0.8442135870815496,0.8532379303601689,0.930848295563641,0.890815287401463,0.0,0.0,1.0,1.0,0.0,0.0,0.0,0
ANGEL1,0.7636501039108257,0.23713496358198047,0.03175231565745545,0.0,0.6211641246381324,0.8698560505088436,0.0,0.0,0.0,0.0,0.0,0.0,0.0,0.0,0
TUSC3,0.9351974305686757,0.10156251189198648,0.09077950921825716,0.0,0.11564425223841913,0.0,0.0,0.0,0.0,0.0,0.0,0.0,0.0,0.0,0
PNRC2,0.4783676553939165,0.14887929919096443,0.03075781454118122,0.0,0.0,0.4075272979160679,0.0,0.0,0.0,0.0,0.0,0.0,0.0,0.0,0
SH3YL1,0.5254109200831287,0.3241926768195691,0.0,0.0,0.0,0.5381449888104722,0.0,0.0,0.0,1.0,1.0,0.0,0.0,0.0,0
SETD7,0.5182316266767428,0.22885433553287524,0.0,0.05523947080822955,0.0,0.8955193931978301,0.5900415696404322,0.0,0.0,0.0,0.0,0.0,0.0,0.0,0
TTC9,0.46287549593803134,0.21694484401519126,0.0,0.0,0.48759014403814815,0.0,0.0,0.0,0.0,0.0,0.0,0.0,0.0,0.0,0
PSMA7,0.9351974305686757,0.6200394243136897,0.0,0.03473425401492216,0.0,0.0,0.0,0.0,0.0,0.0,0.0,0.0,0.0,0.0,0
CPPED1,0.7664840355186094,0.6124361638163955,0.05912700730965531,0.0,0.0,0.6573677247678472,0.0,0.0,0.0,0.0,0.0,0.0,0.0,0.0,0
PARVB,0.5890799168713394,0.13041989177340904,0.09499483227677541,0.0,0.8256776410167184,0.0,0.0,0.0,0.0,0.0,0.0,0.0,0.0,0.0,0
RNF4,0.7107500472321935,0.21050604683730234,0.05180784872402843,0.07778218253543782,0.859856954255509,0.0,0.0,0.0,0.0,0.0,0.0,1.0,0.0,0.0,0
TSC22D4,0.9351974305686757,0.39815208043168865,0.0835255956253577,0.20142487083359223,0.0598947908363875,0.7738182820782844,0.0,0.0,0.0,0.0,0.0,0.0,0.0,0.0,0
FIS1,0.5739656149631589,0.37847341142087354,0.027445190910266985,0.23764697071618343,0.2853665299206277,0.9614694942038178,0.0,0.0,1.0,0.0,0.0,0.0,0.0,0.0,0
SH3RF1,0.505195541280937,0.2279166761802559,0.024298281624791942,0.7232357579083113,0.5745862177305757,0.7208409845794351,0.0,0.0,0.0,0.0,0.0,0.0,0.0,0.0,0
RIC8A,0.4813905157755526,0.2320372019392501,0.0,0.0,0.9851969714284015,0.0,0.9301945848041946,0.0,0.0,0.0,0.0,0.0,0.0,0.0,0
ZNF554,0.5486491592669563,0.2226834410271632,0.09381423883597918,0.0,0.0,0.0,0.954312336616581,0.0,0.0,0.0,0.0,0.0,0.0,0.0,0
RPUSD2,0.7723408275080295,0.18289076116324568,0.03152695861758582,0.2504908271538059,0.0745056096316615,0.0,0.9406658443901652,0.0,0.0,0.0,0.0,0.0,0.0,0.0,0
MEAF6,0.6109956546382014,0.2501662975394052,0.022095362087679725,0.0788107341688484,0.0,0.0,0.0,0.0,0.0,0.0,0.0,0.0,0.0,0.0,0
WDPCP,0.51464197997355,0.3510209983941061,0.0,0.0,0.0,0.7310572230229004,0.0,0.0,0.0,0.0,1.0,0.0,0.0,0.0,0
ANXA4,0.4823351596448139,0.3374538590923275,0.02896153664796918,0.047674933613021886,0.6071175098709366,0.0,0.0,0.0,0.0,0.0,0.0,0.0,0.0,0.0,0
TBRG4,0.9351974305686757,0.44948892998759415,0.033557508907676295,0.9319656033259258,0.02150863913701107,0.8449500867043404,0.0,0.0,0.0,0.0,0.0,0.0,0.0,0.0,0
PCF11,0.9351974305686757,0.24950262955605784,0.028950128518183592,0.05780507686555958,0.0,0.0,0.0,0.0,0.0,1.0,0.0,1.0,0.0,0.0,0
CTSL,0.711127904779898,0.27320136082380064,0.07534459143726122,0.2050546709307257,0.936072809139354,0.0,0.8932416154502477,0.0,0.0,0.0,0.0,0.0,0.0,0.0,0
HNRNPAB,0.6438692612884942,0.366630895571234,0.03469892713330541,0.380097895055005,0.03523716543739641,0.0,0.0,0.0,0.0,0.0,0.0,0.0,0.0,0.0,0
ACE,0.9351974305686757,0.5880676758682106,0.07747575904536667,0.0,0.0,0.0,0.0,0.0,0.0,0.0,1.0,0.0,0.0,0.0,0
FBXO25,0.5618741734366144,0.07469765813487994,0.022769612302546496,0.0,0.0,0.0,0.0,0.0,0.0,0.0,0.0,0.0,0.0,0.0,0
EEF2KMT,0.7370111467976572,0.6136462923640131,0.0,0.39305295050680666,0.6780826221467015,0.9276169294997267,0.0,0.0,1.0,0.0,0.0,0.0,0.0,0.0,0
AP2A2,0.47591158133383715,0.23245579986452658,0.7829262320669212,0.9190030561281841,0.8524706165928633,0.9048299662416096,0.9724551008608372,0.0,0.0,1.0,0.0,0.0,0.0,0.0,0
CYP4V2,0.5329680710372189,0.22200607347535223,0.0,0.0,0.7783938637006271,0.0,0.9372782271223727,0.0,0.0,0.0,0.0,0.0,0.0,0.0,0
C4orf3,0.7385225769884753,0.23072204336674507,0.026624281778937976,0.0,0.09187292964769048,0.0,0.0,0.0,1.0,0.0,0.0,0.0,0.0,0.0,0
AFF4,0.6433024749669375,0.29381007831586636,0.0,0.0,0.1110485352884695,0.0,0.0,0.0,0.0,0.0,0.0,0.0,0.0,0.0,0
NASP,0.7047043264689212,0.26611107305675424,0.03627739192249926,0.040525533677017986,0.07101643624520253,0.0,0.0,0.0,0.0,0.0,0.0,0.0,0.0,0.0,0
SCAMP3,0.9351974305686757,0.8957782496518029,0.03338127129672884,0.032743675565019954,0.04426002015439713,0.9211201671758612,0.0,0.0,0.0,0.0,1.0,0.0,0.0,0.0,0
MMAA,0.538824863026639,0.24457535143198544,0.028463143638504974,0.05563390744075345,0.03685999218708908,0.0,0.0,0.0,0.0,0.0,0.0,0.0,0.0,0.0,0
RAB14,0.5720763272246363,0.278487872076474,0.03995692828270574,0.03934313690627626,0.0,0.0,0.0,0.0,0.0,0.0,0.0,0.0,0.0,0.0,0
NCKIPSD,0.05138862648781409,0.18700367605087093,0.051819270996861476,0.0,0.9376329475840688,0.7486873214499514,0.0,0.0,0.0,0.0,0.0,0.0,0.0,0.0,0
TANGO6,0.52635556395239,0.019197661940315358,0.033170416826435095,0.0,0.03417946584557859,0.0,0.0,0.0,0.0,0.0,0.0,0.0,0.0,0.0,0
NRCAM,0.6990364632533534,0.3852242543248776,0.06844189660870621,0.0,0.2800232318668784,0.0,0.0,0.0,0.0,0.0,0.0,1.0,0.0,0.0,0
LAMB2,0.05138862648781409,0.18244476410104185,0.0,0.0,0.0,0.0,0.7212884966782326,0.0,0.0,0.0,0.0,0.0,0.0,0.0,0
MANSC1,0.9351974305686757,0.35272735575496045,0.03700110398618347,0.13846019991822214,0.0819184144212127,0.0,0.0,0.0,0.0,0.0,0.0,0.0,0.0,0.0,0
ITGB5,0.529378424334026,0.3545296100950598,0.042154772551069794,0.0,0.949575447709491,0.6527386818277059,0.9037131563364127,0.0,0.0,0.0,0.0,0.0,0.0,0.0,0
PDS5B,0.5701870394861137,0.15910678813617382,0.049420411195632195,0.0,0.4137670650673405,0.0,0.0,0.0,0.0,0.0,1.0,0.0,0.0,0.0,0
PPIL4,0.9351974305686757,0.21544702452983833,0.04323362226745532,0.0495677043256667,0.03945552475596484,0.0,0.0,0.0,0.0,0.0,0.0,0.0,0.0,0.0,0
TPI1,0.9293406385792556,0.39780198034873016,0.0668338999524306,0.04109213467403515,0.09916551152434924,0.0,0.8866566983427653,0.0,0.0,1.0,0.0,0.0,0.0,0.0,0
FUCA2,0.6820328736066503,0.22658629586501347,0.042884449282696455,0.9300615298593075,0.5944641592678368,0.9010638087661064,0.0,0.0,0.0,0.0,0.0,0.0,0.0,0.0,0
RRP36,0.9351974305686757,0.40669300028160216,0.025381773758956585,0.24243494560245715,0.06796184857133399,0.0,0.9488914928190211,0.0,0.0,0.0,0.0,0.0,0.0,0.0,0
KIF3A,0.6433024749669375,0.29200630180149323,0.04139288262773436,0.0,0.13845363800101143,0.9209724284412488,0.0,0.0,0.0,0.0,0.0,1.0,0.0,0.0,0
MIB1,0.5524277347440014,0.2722226027657907,0.06555791066013192,0.035236590019844874,0.0,0.0,0.0,0.0,0.0,0.0,1.0,1.0,0.0,0.0,0
ZMYM2,0.8091819384092198,0.16317251562131352,0.042518168142333015,0.0,0.031230029787104284,0.0,0.0,0.0,0.0,0.0,1.0,0.0,0.0,0.0,0
PLXNC1,0.7797090496882675,0.32547434755805194,0.11231224277487416,0.0,0.26499044454557846,0.0,0.0,0.0,0.0,1.0,0.0,0.0,0.0,0.0,0
KATNB1,0.52635556395239,0.022649953193141226,0.04717247892844515,0.2154527910346109,0.19261502408343661,0.8585303123273604,0.8602616993731967,0.0,0.0,0.0,0.0,0.0,0.0,0.0,0
CD63,0.44322690345739657,0.3176199283055917,0.0,0.6039376962302505,0.0,0.8446472990104803,0.0,0.0,0.0,0.0,0.0,0.0,0.0,0.0,0
NDRG3,0.9351974305686757,0.5189518307951078,0.035385040282351336,0.10161103422232644,0.03883813957958093,0.0,0.0,0.0,0.0,0.0,0.0,1.0,0.0,0.0,0
TMEM245,0.49499338749291516,0.26243654435996366,0.037964215466249236,0.16048443720362482,0.05884836798869047,0.7401769988952387,0.0,0.0,0.0,0.0,0.0,0.0,0.0,0.0,0
DNAJB12,0.8088040808615152,0.3008257795434999,0.047614698118853674,0.7699380841389731,0.27316961018903413,0.0,0.0,0.0,0.0,0.0,0.0,0.0,0.0,0.0,0
BAHD1,0.7723408275080295,0.18231994581059596,0.05953567439050856,0.10601605303504058,0.9046626461466002,0.0,0.5673069274943372,0.0,0.0,0.0,0.0,0.0,0.0,0.0,0
NOP58,0.5322123559418099,0.26509121629335336,0.02925326984311145,0.0,0.04379893663799012,0.0,0.632467141529039,0.0,0.0,0.0,1.0,0.0,0.0,0.0,0
PTAR1,0.9351974305686757,0.2808913852546978,0.03225922343586268,0.0,0.9303183222607665,0.9076870578972559,0.0,0.0,0.0,0.0,1.0,0.0,0.0,0.0,0
EXOC5,0.5624409597581712,0.27975888759504075,0.0,0.0,0.0,0.9151396050459456,0.0,0.0,0.0,0.0,0.0,1.0,0.0,0.0,0
PITHD1,0.4783676553939165,0.14646056427000334,0.0,0.0,0.48304048743812344,0.9468206292941845,0.0,0.0,0.0,0.0,0.0,1.0,0.0,0.0,0
ERCC6,0.5989042131116569,0.276256364591182,0.027783616288882703,0.029348329972190106,0.06741811950365552,0.8478138971279509,0.0,0.0,0.0,0.0,1.0,0.0,0.0,0.0,0
TCTN2,0.48573587757415454,0.3036585458669163,0.04534801384518541,0.8710730134622588,0.0,0.0,0.0,0.0,0.0,0.0,0.0,0.0,0.0,0.0,0
ARHGEF7,0.57320989986775,0.2272910625537518,0.9458168646670986,0.8016777606615686,0.935042574156949,0.930130591750054,0.8469421648178667,0.0,0.0,1.0,0.0,0.0,0.0,0.0,0
CNPY3,0.9351974305686757,0.40861246204077895,0.0,0.0,0.0,0.0,0.8704060469850036,0.0,0.0,0.0,0.0,0.0,0.0,0.0,0
TGIF1,0.7084829019459664,0.2750538469149333,0.04266727073731199,0.1802975140188239,0.06421704978946145,0.0,0.0,1.0,0.0,0.0,0.0,0.0,0.0,0.0,0
MAP7D1,0.6295106744757226,0.2494341317137399,0.894798826865061,0.9044410591106784,0.9042241896580246,0.9373544675517391,0.824240542914366,0.0,0.0,0.0,0.0,0.0,0.0,0.0,0
C6orf89,0.8055922917060269,0.3926265878180393,0.030403813112033686,0.05738125068745102,0.043730096272513785,0.0,0.8828536829913456,0.0,0.0,0.0,0.0,0.0,0.0,0.0,0
BPTF,0.9351974305686757,0.610492347268839,0.04694507524471973,0.042262869130394204,0.23171003350988084,0.0,0.0,0.0,0.0,0.0,0.0,1.0,0.0,0.0,0
PRDX3,0.035707538258076654,0.2125883812437686,0.029237404482907726,0.18006253221380542,0.23598059374915767,0.9146668636987061,0.6561617220385478,0.0,0.0,0.0,0.0,1.0,0.0,0.0,0
RASAL2,0.7895333459285849,0.8892465998432166,0.0,0.0,0.08272713357219215,0.0,0.4761322002936266,0.0,0.0,1.0,0.0,0.0,0.0,0.0,0
IL17RB,0.03910825618741731,0.1828268298437487,0.0,0.0,0.0,0.0,0.9378027509462246,0.0,0.0,0.0,0.0,0.0,0.0,0.0,0
VMP1,0.9351974305686757,0.6615871711152208,0.0,0.0,0.0,0.0,0.8704726398885826,0.0,0.0,0.0,0.0,1.0,0.0,0.0,0
LCMT2,0.05403362932174571,0.17822073049143397,0.0,0.0,0.0,0.9298525910645832,0.0,0.0,0.0,0.0,0.0,0.0,0.0,0.0,0
ATF1,0.07122614774230113,0.3169653933678867,0.0372214942489789,0.0,0.04496999670573223,0.0,0.0,0.0,0.0,0.0,0.0,0.0,0.0,0.0,0
ZNF609,0.9351974305686757,0.24580374607088767,0.03753120315916474,0.03292072247376729,0.06912022308359825,0.0,0.8979715571667849,0.0,0.0,0.0,0.0,0.0,0.0,0.0,0
CNNM4,0.7007368222180238,0.32081040558333523,0.035339434151679706,0.075804134638006,0.596332350466855,0.9036335730666802,0.4911491660448866,0.0,0.0,0.0,0.0,0.0,0.0,0.0,0
BCDIN3D,0.4396372567542036,0.3128753110943672,0.030295369524238135,0.06473145430564951,0.5833510751860536,0.0,0.0,0.0,0.0,0.0,0.0,0.0,0.0,0.0,0
VASH1,0.7636501039108257,0.2371410522790754,0.0,0.0,0.7134699781001974,0.2515500379862964,0.8129771540493957,0.0,0.0,0.0,0.0,0.0,0.0,0.0,0
PARP14,0.7048932552427736,0.3529465488503779,0.03449897827079764,0.07478379853236755,0.5472417648882678,0.0,0.0,0.0,0.0,0.0,0.0,0.0,0.0,0.0,0
SNUPN,0.9351974305686757,0.2730491433964274,0.022085828554832137,0.0,0.6357352347988755,0.584650543002676,0.0,0.0,0.0,0.0,0.0,0.0,0.0,0.0,0
NUDCD3,0.9351974305686757,0.45262308681720964,0.03744140785853282,0.0,0.04165710456102185,0.9016855724949535,0.0,0.0,0.0,0.0,0.0,0.0,0.0,0.0,0
XPO6,0.7266200642357831,0.5979207099420816,0.04219572986192024,0.0,0.41793157738384595,0.0,0.0,0.0,0.0,1.0,0.0,0.0,0.0,0.0,0
USP5,0.9293406385792556,0.39885228059760564,0.0,0.0,0.0,0.9435699764607566,0.0,0.0,0.0,0.0,0.0,0.0,0.0,0.0,0
PLXNB1,0.4332136784432269,0.19041334642403196,0.06375977645902496,0.21851114165796975,0.3052000839496019,0.4809159240714403,0.0,0.0,0.0,0.0,0.0,1.0,0.0,0.0,0
MKS1,0.9351974305686757,0.528611548736215,0.0,0.0,0.0,0.9119762624288462,0.0,0.0,0.0,1.0,0.0,0.0,0.0,0.0,0
FUT11,0.8088040808615152,0.30625689735217787,0.0,0.0,0.0,0.9454304812090173,0.8187074370515243,0.0,0.0,0.0,0.0,0.0,0.0,0.0,0
C6orf120,0.4800680143585868,0.18778150710474845,0.0,0.0,0.9108211998443877,0.0,0.0,0.0,0.0,0.0,0.0,0.0,0.0,0.0,0
PES1,0.6287549593803137,0.15850248494950187,0.04500169637490323,0.03144767938584991,0.0,0.8933286278868982,0.7942739807219396,0.0,0.0,0.0,0.0,0.0,0.0,0.0,0
LGALS3,0.6525599848856981,0.2901933922414777,0.05963495265484201,0.5088295623889332,0.07855881886978835,0.0,0.0,0.0,0.0,0.0,0.0,0.0,0.0,0.0,0
FUZ,0.6635178537691291,0.34699789178863094,0.08550792847432288,0.9310250362489496,0.06260481698225705,0.0,0.0,0.0,0.0,0.0,0.0,0.0,0.0,0.0,0
FAM131C,0.4502172680899301,0.13478092106765305,0.031429656858946504,0.6758847374505197,0.3211873522204502,0.8128253341988527,0.0,0.0,0.0,0.0,0.0,0.0,0.0,0.0,0
SBNO2,0.052711127904779886,0.19293254484705943,0.7105700558528981,0.7518507003838195,0.6760585965821544,0.7612411276186896,0.6312292422204259,0.0,0.0,0.0,0.0,0.0,0.0,0.0,0
KIAA1191,0.6438692612884942,0.3622333340944205,0.059674762367520943,0.44648936377535997,0.49892960939980446,0.9503437829880469,0.0,0.0,0.0,0.0,0.0,0.0,0.0,0.0,0
DCLRE1C,0.8809748724730777,0.43126850393101523,0.04821811685133457,0.0,0.9634747351164579,0.0,0.0,0.0,0.0,0.0,0.0,0.0,0.0,0.0,0
WDR91,0.8074815794445493,0.3920451172454735,0.06565155658500502,0.039109278507692656,0.05551957721123019,0.0,0.0,0.0,0.0,0.0,0.0,0.0,0.0,0.0,0
ANKRD54,0.49782731910069905,0.13049600048709575,0.02677230641071192,0.03775640862372607,0.0,0.0,0.0,0.0,0.0,1.0,0.0,0.0,0.0,0.0,0
SPTAN1,0.49707160400529,0.2751162560601563,0.0,0.0,0.44691309413308405,0.0,0.0,0.0,0.0,0.0,1.0,0.0,0.0,0.0,0
SIGLEC10,0.7194407708293973,0.3633262552229606,0.0,0.0,0.0,0.709005260290366,0.0,0.0,0.0,0.0,0.0,0.0,0.0,0.0,0
GPBP1,0.6680521443415832,0.26825429443416976,0.0305283464082476,0.1166042985340784,0.0,0.0,0.0,0.0,0.0,0.0,0.0,0.0,0.0,0.0,0
MTRF1L,0.9117702626109956,0.22906591775692395,0.04622887839984475,0.05042339593455439,0.0,0.0,0.0,0.0,0.0,0.0,0.0,0.0,0.0,0.0,0
ACAP2,0.7035707538258077,0.4628718862022513,0.030875754781613356,0.5083221172019263,0.1251392102160655,0.7600067950295006,0.8384748425375234,0.0,0.0,0.0,0.0,1.0,0.0,0.0,0
AHCY,0.9351974305686757,0.5006644290704845,0.04425422009978872,0.569274084033759,0.24425640700509496,0.0,0.0,0.0,1.0,0.0,0.0,0.0,0.0,0.0,0
HMGCS1,0.6854335915359909,0.4421916265193204,0.026965625194588387,0.7596884847411766,0.06228392881126819,0.0,0.0,0.0,0.0,1.0,0.0,0.0,0.0,0.0,0
GALK1,0.8987341772151899,0.49625316802520736,0.03622840503770295,0.5216306300946677,0.38257448329650673,0.0,0.9123265755007428,0.0,0.0,0.0,0.0,1.0,0.0,0.0,0
UBAP2,0.9351974305686757,0.30016515590869997,0.0,0.05059485407772347,0.0,0.0,0.0,0.0,0.0,1.0,1.0,0.0,0.0,0.0,0
KDM5B,0.9351974305686757,0.9263267651513422,0.03256814296505665,0.2448400866532742,0.0,0.0,0.0,0.0,0.0,1.0,0.0,1.0,0.0,0.0,0
YPEL2,0.9351974305686757,0.6078574636010078,0.02359633242930705,0.20558939202429938,0.36538992653630964,0.0,0.9136820990811185,0.0,0.0,0.0,0.0,1.0,0.0,0.0,0
PTBP2,0.5798224069525788,0.22886499075279126,0.03539359553871694,0.5474079056816806,0.036527522878703714,0.0,0.0,0.0,0.0,0.0,0.0,0.0,0.0,0.0,0
ZNF384,0.9293406385792556,0.3984169387553181,0.03237225857446841,0.05188610672398183,0.0468501387232513,0.8318735585922494,0.0,0.0,0.0,0.0,0.0,0.0,0.0,0.0,0
KANSL1,0.9351974305686757,0.29606746276381185,0.0,0.13536534715688137,0.0,0.0,0.0,0.0,0.0,1.0,0.0,0.0,0.0,0.0,0
STAT3,0.7791422633667108,0.26115944014430215,0.04213922473086357,0.04717260362726979,0.2466041342340761,0.8997258339163192,0.8821433543664604,0.0,0.0,0.0,0.0,0.0,0.0,0.0,0
ZNF470,0.9185716984696769,0.37696950323842576,0.0,0.0,0.0,0.0,0.8804240570472078,0.0,0.0,0.0,0.0,0.0,0.0,0.0,0
RBM39,0.9351974305686757,0.5372681538309321,0.029857314583699317,0.02858176571257981,0.04503688578992993,0.5926945067422412,0.0,0.0,0.0,0.0,0.0,0.0,0.0,0.0,0
ANKFY1,0.8382769695824674,0.0517965461865727,0.031384246152174805,0.04220904154951363,0.11148942624313522,0.0,0.0,0.0,0.0,1.0,1.0,1.0,0.0,0.0,0
MAPK1,0.6552049877196297,0.16007945749708874,0.031346780255224554,0.0,0.0,0.9300504241423956,0.0,0.0,0.0,0.0,0.0,1.0,0.0,0.0,0
NEFM,0.5618741734366144,0.06732272377864545,0.0,0.0,0.0,0.0,0.5642387239217682,0.0,0.0,0.0,0.0,0.0,0.0,0.0,0
GADD45GIP1,0.9351974305686757,0.33507774505103094,0.05532260898932551,0.09269910288252783,0.07974290573894638,0.7418351211890057,0.0,0.0,0.0,0.0,0.0,0.0,0.0,0.0,0
EHD4,0.7763083317589269,0.18363053786027966,0.8876062523053383,0.5441906741213021,0.7331656266859466,0.6445677558974143,0.6345108125754176,0.0,0.0,0.0,0.0,0.0,0.0,0.0,0
SLC7A6OS,0.5308898545248442,0.018629890936213256,0.0,0.0,0.0,0.9344846563966465,0.0,0.0,0.0,0.0,0.0,0.0,0.0,0.0,0
MAP4K3,0.681088229737389,0.3305203552754755,0.0,0.0,0.0,0.6975351518336788,0.0,0.0,0.0,0.0,0.0,0.0,0.0,0.0,0
MRPL20,0.0253164556962025,0.15959540607804193,0.017401077472083706,0.0,0.6276221986219217,0.0,0.0,0.0,0.0,0.0,1.0,0.0,0.0,0.0,0
ANKRD49,0.9351974305686757,0.16003531444315067,0.0,0.0,0.0,0.0,0.9111056090008215,0.0,0.0,0.0,0.0,0.0,0.0,0.0,0
COQ3,0.9351974305686757,0.22911310515940958,0.042259500249151365,0.05600800353834849,0.6973510219401523,0.0,0.0,0.0,0.0,0.0,0.0,0.0,0.0,0.0,0
EXOC3L1,0.52635556395239,0.016191367749693486,0.0,0.5915037925376211,0.6881425561758068,0.8574800932389242,0.0,0.0,0.0,0.0,0.0,0.0,0.0,0.0,0
ZFAND1,0.9351974305686757,0.8181534503885353,0.048269496605715355,0.0,0.23906782811289717,0.8202055602154077,0.0,0.0,0.0,0.0,0.0,0.0,0.0,0.0,0
RPL3L,0.7370111467976572,0.6058405826883122,0.0,0.0,0.9604146687169404,0.8764572008327315,0.8733125909120303,0.0,0.0,0.0,0.0,0.0,0.0,0.0,0
GTDC1,0.4675987152843378,0.24099367536589272,0.03456089912089308,0.09878286038983371,0.5107637962994231,0.0,0.0,0.0,0.0,0.0,0.0,1.0,0.0,0.0,0
CCT7,0.49008123937275644,0.33350686120053885,0.0,0.0,0.558739518694033,0.0,0.8953769687148326,0.0,0.0,0.0,0.0,0.0,0.0,0.0,0
UXS1,0.7007368222180238,0.29466249590915666,0.03715067000303808,0.05860704711538228,0.9408098852373518,0.0,0.0,0.0,0.0,0.0,0.0,0.0,0.0,0.0,0
RABEP1,0.5324012847156622,0.039157933191770855,0.04527606251931314,0.5185913313601231,0.061216462392356646,0.0,0.0,0.0,0.0,1.0,0.0,0.0,0.0,0.0,0
SUPT7L,0.48875873795579067,0.3236660045208576,0.0,0.9046093194293019,0.0,0.8299272911877795,0.0,0.0,0.0,0.0,0.0,0.0,0.0,0.0,0
DTNB,0.507273757793312,0.31255717667115707,0.024755401271860426,0.07993415979490379,0.8036332431548125,0.0,0.0,0.0,0.0,0.0,0.0,0.0,0.0,0.0,0
ZNF69,0.9351974305686757,0.31749206566659816,0.05369545501970987,0.17277983162232502,0.03784075364194533,0.0,0.0,0.0,0.0,0.0,0.0,1.0,0.0,0.0,0
IL17RC,0.5936142074437937,0.34029119193856505,0.0,0.0,0.1716974541567648,0.0,0.9273581052557894,0.0,0.0,0.0,0.0,0.0,0.0,0.0,0
RAB35,0.48573587757415454,0.3062782077920101,0.9738731601936056,0.8891874450600902,0.742217133626052,0.0,0.7670957268903928,0.0,0.0,0.0,0.0,1.0,0.0,0.0,0
SIAH1,0.9351974305686757,0.16490322777054736,0.040883468011696955,0.842793220276304,0.34798587580185775,0.0,0.9440897763488099,0.0,0.0,0.0,0.0,0.0,0.0,0.0,0
NOS1AP,0.9351974305686757,0.9327122862296506,0.044089993561909444,0.04121568971675412,0.6815478255073205,0.0,0.0,0.0,0.0,0.0,0.0,1.0,0.0,0.0,0
AK7,0.5150198375212545,0.24688905632805896,0.04422156527346091,0.0,0.04223422045900879,0.7788987826298396,0.754489548924616,0.0,0.0,0.0,0.0,0.0,0.0,0.0,0
KIF21A,0.5159644813905158,0.35628924355549474,0.04058914560700411,0.05274877812984613,0.269366382184,0.0,0.0,0.0,0.0,1.0,0.0,0.0,0.0,0.0,0
GALNT18,0.7729076138295863,0.2720795183840597,0.061062896311405185,0.5138813812658517,0.054365691364733904,0.0,0.0,0.0,0.0,0.0,0.0,0.0,0.0,0.0,0
VPS52,0.6425467598715284,0.3880387545570091,0.0,0.9030687802490036,0.0,0.9141719454311122,0.0,0.0,0.0,0.0,0.0,0.0,0.0,0.0,0
CHCHD6,0.529378424334026,0.347953817232535,0.11308399728150006,0.6993516038246014,0.5908385396648117,0.9615856991496,0.8966990126512926,0.0,0.0,0.0,0.0,0.0,0.0,0.0,0
ZFP69,0.7132061212922729,0.271315386898646,0.04157394409176061,0.0,0.6913034258156052,0.0,0.0,0.0,0.0,0.0,0.0,0.0,0.0,0.0,0
TCTA,0.05138862648781409,0.18162126781895252,0.0,0.0,0.0,0.0,0.4515983434810759,0.0,1.0,0.0,0.0,0.0,0.0,0.0,0
IRF3,0.7961458530134139,0.3573395438043702,0.0,0.0,0.0,0.8342700414509941,0.0,0.0,0.0,0.0,0.0,0.0,0.0,0.0,0
UTP6,0.9351974305686757,0.28855248837439396,0.03399039522877284,0.0,0.060754684526231534,0.0,0.9343605402178405,0.0,0.0,0.0,0.0,0.0,0.0,0.0,0
FAH,0.9351974305686757,0.28804560434124105,0.036243290684113375,0.33359044412950845,0.2084179726888904,0.0,0.0,0.0,0.0,0.0,0.0,1.0,0.0,0.0,0
SLC2A10,0.8205176648403552,0.5364705345114963,0.04217827018816471,0.07270810425749971,0.07579605140333841,0.0,0.0,0.0,0.0,0.0,0.0,0.0,0.0,0.0,0
GARNL3,0.6083506518042698,0.2896606312456713,0.09770443153144066,0.7561979976026029,0.08383082974022421,0.8666113890113766,0.0,0.0,0.0,0.0,0.0,0.0,0.0,0.0,0
SLC30A5,0.5505384470054789,0.2580907368084572,0.04481827024203528,0.07553583695157734,0.03087043539176997,0.0,0.9117256626473623,0.0,0.0,0.0,1.0,0.0,0.0,0.0,0
SLC38A7,0.52635556395239,0.02141699203141767,0.04041336144763792,0.8526168234288487,0.25075272529444376,0.0,0.0,0.0,0.0,0.0,0.0,0.0,0.0,0.0,0
PARP10,0.9351974305686757,0.8357878393497276,0.0,0.0,0.8340577049953072,0.5180555202463483,0.8234441829025674,0.0,0.0,0.0,0.0,0.0,1.0,0.0,0
RAB10,0.5546948800302286,0.31965659748384595,0.026352171248013995,0.039666542729740135,0.047478317831111595,0.0,0.9099096288895206,0.0,0.0,0.0,0.0,0.0,0.0,0.0,0
NSMCE4A,0.9351974305686757,0.2531558478130162,0.04217945456314918,0.0,0.07591275522099993,0.0,0.0,0.0,0.0,0.0,0.0,0.0,0.0,0.0,0
PEX16,0.6442471188361987,0.32883987487727473,0.05357830011855609,0.09174480561957177,0.0,0.8420816699556439,0.0,0.0,0.0,0.0,0.0,0.0,0.0,0.0,0
SMYD2,0.7608161723030418,0.8905100044904142,0.04704775043760415,0.0,0.0,0.0,0.9539535842532125,0.0,0.0,0.0,1.0,0.0,0.0,0.0,0
MAP3K12,0.46722085773663324,0.3101673630613969,0.04765801266563212,0.4078727543782898,0.08594971370382049,0.0,0.0,0.0,0.0,0.0,0.0,0.0,0.0,0.0,0
AKAP9,0.5416587946344229,0.40406420531086606,0.03599726290060928,0.031434691332215645,0.04713073853207502,0.0,0.956556438236425,0.0,0.0,1.0,0.0,0.0,0.0,0.0,0
KIAA0513,0.5392027205743435,0.00966124011538072,0.051206725691504654,0.048269725440593596,0.06586216407032507,0.0,0.6211563919471411,0.0,0.0,0.0,0.0,1.0,0.0,0.0,0
RBBP4,0.6062724352918949,0.21967105813944635,0.0,0.0,0.0,0.0,0.824680152990679,0.0,0.0,0.0,0.0,1.0,0.0,0.0,0
RAP1B,0.9351974305686757,0.4374881080134865,0.10641683995161691,0.041311610137234486,0.03703078886228082,0.0,0.0,0.0,0.0,0.0,0.0,0.0,0.0,0.0,0
CYP4F11,0.6208199508785188,0.33460891537472126,0.0,0.0,0.0,0.0,0.98302132252982,0.0,0.0,0.0,0.0,0.0,0.0,0.0,0
KBTBD6,0.028339316077838628,0.09796713625743003,0.0,0.943589868762553,0.0,0.0,0.0,0.0,0.0,0.0,0.0,0.0,0.0,0.0,0
ATAD3C,0.0253164556962025,0.15959540607804193,0.7830317917078943,0.8938766931906085,0.6794149343458592,0.8360977754483356,0.8262953945465539,0.0,1.0,1.0,0.0,0.0,0.0,0.0,0
PAPSS1,0.7337993576421689,0.22666392675297395,0.03762881487769066,0.0,0.766472598103581,0.925864293086093,0.0,0.0,1.0,0.0,0.0,0.0,0.0,0.0,0
RPL23A,0.9351974305686757,0.45154843177995463,0.0,0.0,0.047230227463712124,0.0,0.0,0.0,0.0,0.0,1.0,0.0,0.0,0.0,0
SLC35B4,0.8074815794445493,0.39368602111255724,0.029138014014042674,0.04006960138771079,0.6389560866960016,0.9452965105947622,0.0,0.0,0.0,0.0,0.0,0.0,0.0,0.0,0
BRAP,0.6808993009635367,0.296186192357163,0.0,0.8813540530321634,0.0,0.935975282478345,0.0,0.0,0.0,0.0,0.0,0.0,0.0,0.0,0
DNAJC9,0.8904213111656906,0.30513962143525813,0.0,0.5629579626875638,0.0,0.0,0.0,0.0,0.0,0.0,0.0,0.0,0.0,0.0,0
TXN,0.49499338749291516,0.26422662130587327,0.03713978770830501,0.0,0.0,0.0,0.0,0.0,0.0,0.0,0.0,0.0,0.0,0.0,0
GRHL1,0.5254109200831287,0.32167043404799417,0.04994625359910402,0.0,0.4900171693250134,0.0,0.9362498301090623,0.0,0.0,0.0,0.0,0.0,0.0,0.0,0
TINF2,0.9351974305686757,0.3109284501982632,0.042056993140864085,0.19446297439715018,0.029188555332652147,0.0,0.0,0.0,0.0,0.0,0.0,0.0,0.0,0.0,0
ASCC3,0.9351974305686757,0.24407912261874845,0.0,0.0,0.0,0.8925290727479495,0.0,0.0,0.0,1.0,1.0,0.0,0.0,0.0,0
SPTLC2,0.5936142074437937,0.23403429458638716,0.026700044466219295,0.04000387439957657,0.04823123474255244,0.2654105241599055,0.0,0.0,0.0,0.0,0.0,0.0,0.0,0.0,0
DDB1,0.9351974305686757,0.33936570998013565,0.0,0.0,0.0,0.88782182545539,0.8673255341402399,0.0,0.0,0.0,0.0,0.0,0.0,0.0,0
DIP2C,0.8760627243529189,0.43934972715026166,0.8649879951604734,0.8259505527914207,0.8429073118141073,0.8190262002667931,0.7856720002431423,0.0,0.0,0.0,1.0,0.0,0.0,0.0,0
BTBD3,0.9351974305686757,0.441156548013182,0.052597387752698656,0.4014538129486653,0.04259790897892709,0.0,0.8162521196990151,0.0,0.0,0.0,1.0,0.0,0.0,0.0,0
METTL9,0.698658605705649,0.5992952333112622,0.03233306550344753,0.08236413802799691,0.020392112859032266,0.8513262043384305,0.841575886688304,0.0,0.0,0.0,0.0,0.0,0.0,0.0,0
SMURF1,0.7286982807481579,0.39545174327008703,0.09800797933458401,0.29888382326607227,0.18582680390378345,0.7796393618250268,0.0,0.0,0.0,0.0,0.0,1.0,0.0,0.0,0
TXNRD2,0.5830341961080672,0.1557336499455822,0.8506121510985096,0.9165692459855523,0.7229231006359865,0.9102163609156105,0.0,0.0,0.0,0.0,0.0,0.0,0.0,0.0,0
LRPAP1,0.608539580578122,0.2062987571447054,0.6301924258302045,0.8326613734470357,0.9072774925723426,0.913397822427242,0.923527303151002,0.0,0.0,0.0,0.0,0.0,0.0,0.0,0
GLMN,0.8921216701303608,0.23374355930010426,0.0,0.9245640681783222,0.0,0.0,0.0,0.0,0.0,0.0,0.0,0.0,0.0,0.0,0
IQGAP1,0.9351974305686757,0.3269219352923716,0.027979553009091017,0.085073656862526,0.0,0.0,0.0,0.0,0.0,1.0,0.0,0.0,0.0,0.0,0
PIP4K2A,0.6816550160589457,0.4027688350039198,0.035796617379471915,0.06378423584117204,0.2855140019892138,0.7604846776932246,0.0,0.0,0.0,0.0,0.0,0.0,0.0,0.0,0
RANBP10,0.52635556395239,0.011845560198186833,0.0,0.0,0.0,0.893868687944841,0.7894622874624913,0.0,0.0,0.0,1.0,1.0,0.0,0.0,0
LRRC37A3,0.9351974305686757,0.5490619601038126,0.05097608181543837,0.035911056780703145,0.0,0.0,0.0,0.0,0.0,1.0,1.0,1.0,0.0,0.0,0
WDR90,0.7370111467976572,0.5981703465229737,0.8051195922886508,0.8304132056414214,0.9311359777387306,0.9135594324650206,0.9501245811628765,0.0,0.0,0.0,0.0,0.0,0.0,0.0,0
RPS7,0.5254109200831287,0.3257452945787763,0.0,0.0,0.873127330223176,0.0,0.0,0.0,0.0,0.0,1.0,0.0,0.0,0.0,0
ZNF507,0.9351974305686757,0.41223675898653644,0.044318094106406865,0.6324852345792051,0.05681527393788617,0.0,0.0,0.0,0.0,0.0,0.0,0.0,0.0,0.0,0
ULK2,0.9351974305686757,0.18684232557785538,0.0,0.08683480871928598,0.9250684694138213,0.0,0.0,0.0,0.0,0.0,1.0,0.0,0.0,0.0,0
TET1,0.6270546004156432,0.26853589667481026,0.052927650490231216,0.08794339818357125,0.5686270597746398,0.0,0.673811938380155,0.0,0.0,1.0,0.0,1.0,0.0,0.0,0
B3GALNT1,0.7166068392216134,0.4392736184365748,0.0,0.0,0.0,0.9381792935284069,0.0,0.0,0.0,0.0,0.0,0.0,0.0,0.0,0
CASP6,0.7337993576421689,0.23015579453691654,0.03119609226497876,0.0,0.029807476320141076,0.0,0.0,0.0,0.0,1.0,0.0,0.0,0.0,0.0,0
MTMR10,0.6179860192707349,0.19483830703777272,0.0,0.0,0.0,0.8892066507100512,0.0,0.0,0.0,0.0,0.0,0.0,0.0,0.0,0
PEX11A,0.9351974305686757,0.32537845057880677,0.0,0.0,0.0,0.9069469674057823,0.0,0.0,1.0,0.0,0.0,0.0,0.0,0.0,0
ENTPD6,0.768373323257132,0.45061533895015654,0.035611792065966125,0.9116812781804379,0.18649577835016592,0.0,0.0,0.0,0.0,0.0,0.0,0.0,0.0,0.0,0
PDCL3,0.7007368222180238,0.3055399532692498,0.0403265717829349,0.04145423633627165,0.9270124412300962,0.0,0.9225266831839799,0.0,0.0,0.0,0.0,0.0,0.0,0.0,0
CIRBP,0.052711127904779886,0.1898851519510468,0.11020116442288437,0.827733888590329,0.0,0.0,0.0,0.0,0.0,0.0,1.0,1.0,0.0,0.0,0
CISD3,0.9351974305686757,0.4304282637319148,0.02143937407105519,0.0,0.0,0.0,0.0,0.0,0.0,0.0,0.0,0.0,0.0,0.0,0
RNF19B,0.6578499905535613,0.22631991536711035,0.023221800686005042,0.04883557554387532,0.026956277793647388,0.0,0.0,0.0,0.0,0.0,0.0,0.0,0.0,0.0,0
NUP88,0.5324012847156622,0.03616229422106504,0.0,0.0,0.0,0.7948055799454319,0.0,0.0,0.0,0.0,0.0,0.0,0.0,0.0,0
THOC5,0.9351974305686757,0.16197456446788586,0.016914328382636217,0.06534030832801088,0.1798780524436452,0.0,0.0,0.0,0.0,0.0,0.0,0.0,0.0,0.0,0
NR2E3,0.9351974305686757,0.27125297775342294,0.8696572104868837,0.7538686620884091,0.9817796842780983,0.9098451256002335,0.0,0.0,0.0,0.0,0.0,0.0,0.0,0.0,0
SPTY2D1,0.7432457963347818,0.31825467497773824,0.0276255068651744,0.16587829538094453,0.0,0.0,0.0,0.0,0.0,0.0,0.0,0.0,0.0,0.0,0
ATF4,0.4948044587190629,0.12743338584834568,0.0805057727478689,0.0,0.19029683579190534,0.0,0.0,0.0,0.0,0.0,0.0,0.0,0.0,0.0,0
SLC39A14,0.5618741734366144,0.07785008105578003,0.06308014564655581,0.7388522262024382,0.058205187163084954,0.0,0.0,0.0,0.0,0.0,0.0,0.0,0.0,0.0,0
IMMT,0.750047232193463,0.33534564772320785,0.0,0.0,0.7136854924207316,0.0,0.0,0.0,0.0,0.0,0.0,0.0,0.0,0.0,0
NTMT1,0.49707160400529,0.2681599196291983,0.05617305678661763,0.4111343877544502,0.06556892493388433,0.39004935971735877,0.0,0.0,0.0,0.0,0.0,0.0,0.0,0.0,0
SHC2,0.47402229359531456,0.2119536345716221,0.6524885707986393,0.8254618086656863,0.8792164785160129,0.8207070228002662,0.8490283578965205,0.0,0.0,0.0,0.0,1.0,0.0,0.0,0
NUDC,0.4502172680899301,0.1391663051502767,0.02744809249517691,0.039079985868771774,0.15878449615630755,0.0,0.9149647410800209,0.0,0.0,0.0,0.0,1.0,0.0,0.0,0
NANOS3,0.9351974305686757,0.35006202860165464,0.09062433153529534,0.4483285159932586,0.07469339702333966,0.6324071178209794,0.7542642398665945,0.0,0.0,0.0,0.0,0.0,0.0,0.0,0
UBE2G1,0.0,0.04000426208796626,0.02475295580067909,0.0,0.06580598442104874,0.0,0.0,0.0,0.0,0.0,0.0,1.0,0.0,0.0,0
ZNF721,0.7181182694124315,0.21288824957569386,0.0,0.0,0.0,0.935880388842431,0.845920722660953,0.0,0.0,0.0,1.0,0.0,0.0,0.0,0
SNRPD2,0.8583034196108067,0.34856725346484924,0.0,0.0,0.0,0.9425776376614053,0.0,0.0,0.0,0.0,0.0,0.0,0.0,0.0,0
ZBTB2,0.9351974305686757,0.234177378968118,0.024267965321201672,0.8462831990220142,0.04030989152895278,0.0,0.0,0.0,0.0,0.0,0.0,0.0,0.0,0.0,0
FAHD1,0.7370111467976572,0.6010366006804121,0.0,0.0,0.0,0.0,0.44877989552724534,0.0,0.0,0.0,0.0,0.0,0.0,0.0,0
FBXO28,0.9125259777064046,0.9051441879580796,0.04461486622041593,0.028343925731811326,0.04765281437109478,0.0,0.0,0.0,0.0,0.0,0.0,0.0,0.0,0.0,0
NUDT2,0.9351974305686757,0.3011423917924363,0.0,0.0,0.036097304899953525,0.0,0.0,0.0,0.0,0.0,0.0,0.0,0.0,0.0,0
OGG1,0.5936142074437937,0.33818145839517166,0.06305679324500128,0.4605710674667001,0.04067907830189741,0.0,0.0,0.0,1.0,0.0,0.0,0.0,0.0,0.0,0
LRRCC1,0.9351974305686757,0.8243410888112584,0.03800421622920788,0.0634651713733636,0.22635303981469787,0.0,0.0,0.0,0.0,0.0,0.0,0.0,0.0,0.0,0
BTF3,0.5505384470054789,0.25557001621115594,0.0,0.0,0.0,0.0,0.9284487113991735,0.0,0.0,0.0,0.0,0.0,0.0,0.0,0
EBPL,0.02852824485169092,0.09874192296275988,0.030983041155291522,0.016242479552543314,0.14596603473508932,0.9444506120339403,0.0,0.0,0.0,0.0,0.0,0.0,0.0,0.0,0
IKZF5,0.6591724919705271,0.23678334132474835,0.0,0.8581083682259559,0.0,0.0,0.0,0.0,0.0,0.0,0.0,0.0,0.0,0.0,0
LIN54,0.541847723408275,0.23676811958201094,0.044424033613340845,0.7626239562919652,0.053888578613632866,0.864799871497214,0.0,0.0,1.0,0.0,0.0,0.0,0.0,0.0,0
EPB41L5,0.5803891932741356,0.2703959936373115,0.028949648313224625,0.0,0.031183135161825443,0.0,0.0,0.0,0.0,0.0,0.0,0.0,0.0,0.0,0
USP35,0.9351974305686757,0.46617957089907236,0.8459168149699652,0.9066195277723564,0.8189335792712469,0.7665537946292683,0.9092288102506417,0.0,0.0,0.0,0.0,0.0,0.0,0.0,0
TPRA1,0.7213300585679199,0.36276457291595315,0.03655695625057111,0.0,0.18782532504946256,0.7944413035866992,0.0,0.0,0.0,0.0,0.0,1.0,0.0,0.0,0
DDX60L,0.505195541280937,0.22426041357475018,0.034896348436592374,0.48459377573206774,0.07014623139946562,0.0,0.0,0.0,0.0,0.0,0.0,0.0,0.0,0.0,0
GPR156,0.5104855469488003,0.3461241637555084,0.11897843424639838,0.3360131103209367,0.0,0.9013773010251332,0.0,0.0,0.0,0.0,0.0,0.0,0.0,0.0,0
ST13,0.5590402418288305,0.11919081215608365,0.0,0.0,0.0,0.784049672308038,0.0,0.0,0.0,0.0,0.0,0.0,0.0,0.0,0
NAA15,0.5182316266767428,0.22705969206414447,0.0,0.0,0.0,0.0,0.9045344943840906,0.0,0.0,0.0,0.0,0.0,0.0,0.0,0
UBE2O,0.7417343661439637,0.4848429496693078,0.0,0.0,0.0,0.9119952477319496,0.9667847066618277,0.0,0.0,0.0,0.0,0.0,0.0,0.0,0
ZNF599,0.8110712261477423,0.41786728162507336,0.04190884306713673,0.36511412557244627,0.3666101541762158,0.9397087690626715,0.0,0.0,0.0,1.0,0.0,0.0,0.0,0.0,0
NDFIP2,0.632722463631211,0.16970264325562623,0.0,0.0,0.0,0.0,0.8657234550422421,0.0,0.0,0.0,0.0,1.0,0.0,0.0,0
UBE4B,0.5104855469488003,0.14996156509958822,0.049043227907006284,0.6539888746782564,0.043340112561341,0.0,0.9380213866858488,0.0,1.0,0.0,0.0,0.0,0.0,0.0,0
GTPBP4,0.8760627243529189,0.44155383549862637,0.0,0.0,0.0,0.0,0.9510159583222855,0.0,1.0,0.0,0.0,0.0,0.0,0.0,0
ANAPC4,0.036463253353485686,0.19026417334520626,0.02249702632193372,0.23611328746462634,0.19120929086493413,0.0,0.0,0.0,0.0,0.0,0.0,0.0,0.0,0.0,0
RAET1G,0.9351974305686757,0.22097860584058265,0.056878919810748975,0.9156490509382904,0.08068162693966026,0.0,0.0,0.0,1.0,0.0,0.0,0.0,0.0,0.0,0
ING4,0.9293406385792556,0.3984169387553181,0.0,0.0,0.0,0.0,0.8362989053984042,0.0,1.0,0.0,0.0,0.0,0.0,0.0,0
CMTM4,0.52635556395239,0.011745096696120616,0.046105779502718096,0.0,0.18133108208664053,0.9185980270285972,0.0,0.0,0.0,0.0,0.0,0.0,0.0,0.0,0
SOX13,0.9351974305686757,0.9321977913251289,0.0,0.0,0.0,0.0,0.41885937517452754,0.0,0.0,0.0,0.0,0.0,0.0,0.0,0
MVB12B,0.9351974305686757,0.3003158511617995,0.6322132859988565,0.663865113011476,0.5055239781612118,0.9147834635643907,0.906455971340464,0.0,0.0,0.0,0.0,0.0,0.0,0.0,0
RNF167,0.5324012847156622,0.04641870447747548,0.0,0.0,0.0,0.68080533903809,0.0,0.0,0.0,0.0,0.0,0.0,0.0,0.0,0
GSAP,0.64519176270546,0.39965294426558895,0.0,0.9089444655731825,0.0,0.0,0.0,0.0,0.0,0.0,1.0,0.0,0.0,0.0,0
DENND5B,0.9351974305686757,0.4269074746367711,0.0,0.0,0.0,0.8901925010609039,0.0,0.0,0.0,0.0,1.0,0.0,0.0,0.0,0
ITPR3,0.6638957113168336,0.3840643575282933,0.21059744480598366,0.25830668022336883,0.6753624199529333,0.8606058680611982,0.8963739000624623,0.0,0.0,0.0,1.0,0.0,0.0,0.0,0
UBP1,0.5248441337615719,0.2658629586501358,0.03315106239228215,0.05022243349518493,0.059193376697163104,0.8277781931592723,0.0,0.0,0.0,0.0,0.0,0.0,0.0,0.0,0
DPY19L1,0.9351974305686757,0.4440502013075478,0.0,0.8022565805988238,0.0,0.0,0.0,0.0,0.0,0.0,0.0,0.0,0.0,0.0,0
ZHX2,0.9351974305686757,0.918374926745363,0.03136844185526256,0.0,0.2801844516953087,0.0,0.0,0.0,0.0,0.0,0.0,0.0,0.0,0.0,0
RGL2,0.6425467598715284,0.3857372270551255,0.04064788639312598,0.0,0.0,0.0,0.0,0.0,0.0,0.0,0.0,0.0,0.0,0.0,0
CCDC77,0.9293406385792556,0.41313788615658614,0.044028463835479745,0.07555460059452329,0.028366761187188262,0.0,0.9375688378740914,0.0,0.0,0.0,0.0,0.0,0.0,0.0,0
AGO2,0.9351974305686757,0.8482879344856195,0.9107781805062577,0.6385892308334276,0.9190256860794513,0.9441606707211562,0.9168132895466451,0.0,0.0,0.0,0.0,0.0,0.0,0.0,0
ZSWIM8,0.8088040808615152,0.3089648453851482,0.02856040190991912,0.9222922779027621,0.0,0.0,0.8848232385538345,0.0,0.0,0.0,0.0,0.0,0.0,0.0,0
C2CD2L,0.018326091063668976,0.06452344528925072,0.0,0.0,0.0,0.0,0.8696323304522777,0.0,0.0,0.0,0.0,0.0,0.0,0.0,0
TDRD7,0.49499338749291516,0.251875699248807,0.0,0.0,0.8740736620169656,0.0,0.0,0.0,0.0,0.0,0.0,0.0,0.0,0.0,0
EPB41L4A,0.546948800302286,0.2794498862174731,0.0,0.0,0.0,0.895212633520963,0.0,0.0,0.0,0.0,1.0,0.0,1.0,0.0,0
CYP2S1,0.802758360098243,0.3448166160543721,0.07465417757203269,0.0,0.2788801281165917,0.0,0.0,0.0,0.0,0.0,0.0,0.0,0.0,0.0,0
METAP1,0.5161534101643681,0.22880562595611575,0.03549198166451969,0.0,0.0,0.0,0.0,0.0,0.0,1.0,0.0,0.0,0.0,0.0,0
CHCHD2,0.9351974305686757,0.4468251250085623,0.02947737436797935,0.0,0.0,0.9691234120148666,0.0,0.0,0.0,0.0,0.0,0.0,0.0,0.0,0
FOXO3,0.9351974305686757,0.24440486791332733,0.15895269614895263,0.0,0.9047073284806126,0.8645008721505223,0.9233051383624056,0.0,0.0,0.0,0.0,1.0,0.0,0.0,0
LRRC45,0.7232193463064425,0.45738292577117173,0.0,0.6770912885183188,0.0,0.0,0.5868315628042122,0.0,0.0,0.0,0.0,0.0,0.0,0.0,0
RERG,0.9351974305686757,0.36321970302379925,0.10050106006875881,0.0,0.05044400092684154,0.8943043034061725,0.7681607419931333,0.0,0.0,0.0,0.0,1.0,0.0,0.0,0
EXTL2,0.5048176837332325,0.21682002572474518,0.0,0.0,0.0,0.9242945564579085,0.0,0.0,0.0,0.0,0.0,0.0,0.0,0.0,0
DCAF6,0.9072359720385414,0.8826312304495745,0.0,0.0,0.0,0.0,0.8675962288106362,0.0,0.0,0.0,0.0,0.0,0.0,0.0,0
ARFGAP1,0.9351974305686757,0.5978567786225846,0.9360269837362054,0.8361643013885885,0.7579773525747042,0.9119648854580625,0.9844929261289342,0.0,0.0,1.0,0.0,0.0,0.0,0.0,0
NAMPT,0.6266767428679387,0.3889231378100479,0.0,0.0,0.0,0.9061504164712413,0.0,0.0,0.0,1.0,0.0,1.0,0.0,0.0,0
ITSN2,0.4813905157755526,0.3136455312768759,0.026558257666181827,0.0,0.8818572137497436,0.0,0.0,0.0,0.0,0.0,0.0,0.0,0.0,0.0,0
NDUFB6,0.8071037218968449,0.27440844502287065,0.05863152178977779,0.8899149448263007,0.34702012877957206,0.0,0.0,0.0,0.0,0.0,0.0,0.0,0.0,0.0,0
CTC1,0.5208766295106745,0.02603526877792195,0.0,0.0,0.0,0.0,0.569835524248432,0.0,0.0,0.0,0.0,0.0,0.0,0.0,0
GRK6,0.6438692612884942,0.37006187638422733,0.5506445551338472,0.8274796433385057,0.8771223848581703,0.6926690541246552,0.7094583185000014,0.0,0.0,0.0,0.0,0.0,0.0,0.0,0
TANC1,0.5488380880408086,0.2685237192806204,0.05793844397241761,0.284728666012665,0.046184107119360884,0.0,0.0,0.0,0.0,1.0,0.0,1.0,0.0,0.0,0
ATAD3B,0.0253164556962025,0.15959540607804193,0.3812969806293233,0.9489209693355783,0.9570529572255461,0.6560170105473945,0.9235525468841007,0.0,0.0,0.0,0.0,1.0,0.0,0.0,0
SLC26A5,0.5739656149631589,0.38173847523802995,0.0,0.8978375429775748,0.0,0.6836792112134951,0.0,0.0,0.0,0.0,0.0,0.0,0.0,0.0,0
FBXO22,0.9351974305686757,0.27105509509783776,0.025788926928781163,0.7900601856512949,0.0,0.0,0.0,0.0,0.0,0.0,0.0,0.0,0.0,0.0,0
C12orf4,0.9351974305686757,0.4046532867548006,0.0,0.0,0.0,0.7422441328810815,0.0,0.0,0.0,1.0,0.0,0.0,0.0,0.0,0
INO80E,0.7266200642357831,0.5957135572451693,0.0,0.0,0.0,0.0,0.8586632605933081,0.0,0.0,0.0,0.0,0.0,0.0,0.0,0
WNK2,0.49499338749291516,0.2641550791150078,0.6560338894425518,0.8216899866227687,0.9259353214215286,0.8460429872868963,0.9222145268329524,0.0,0.0,0.0,0.0,0.0,1.0,0.0,0
PGBD2,0.7343661439637257,0.8741298871307778,0.029380206171074702,0.8587977787200048,0.0,0.0,0.9339973508212975,0.0,0.0,0.0,0.0,0.0,0.0,0.0,0
SLC25A19,0.9351974305686757,0.4990494021660541,0.03657035379426523,0.0,0.0,0.0,0.0,0.0,0.0,0.0,0.0,0.0,0.0,0.0,0
TCTN3,0.4349140374078972,0.21882016272042984,0.036964673753240355,0.045085040154950004,0.0,0.0,0.0,0.0,0.0,0.0,0.0,0.0,0.0,0.0,0
ANAPC5,0.48573587757415454,0.29414039013326637,0.042427102391389575,0.04402797979415015,0.1957491820983727,0.0,0.7842606850577075,0.0,0.0,0.0,0.0,0.0,0.0,0.0,0
TAF2,0.9351974305686757,0.929517242429086,0.0,0.0,0.0,0.9616772953593086,0.0,0.0,0.0,0.0,0.0,0.0,0.0,0.0,0
ANXA7,0.8904213111656906,0.3039766802901264,0.03114731936582116,0.05241294326086178,0.04374814743043271,0.0,0.0,0.0,0.0,0.0,0.0,0.0,0.0,0.0,0
CHKA,0.9351974305686757,0.47697635302265773,0.0,0.0,0.0,0.5671714335604183,0.0,0.0,0.0,0.0,0.0,0.0,0.0,0.0,0
BRF1,0.7640279614585301,0.27376760965362923,0.9257434665737699,0.9781452134660042,0.8212583246749993,0.8385684535363651,0.8531980686777093,0.0,0.0,0.0,0.0,0.0,0.0,0.0,0
ANXA11,0.9351974305686757,0.352718222709318,0.03190011068423609,0.5021448475546213,0.0,0.66552002007776,0.0,0.0,0.0,0.0,0.0,1.0,0.0,0.0,0
ACTR1B,0.7007368222180238,0.3205942568364652,0.0,0.9046207210398052,0.0,0.9275690314983338,0.0,0.0,0.0,0.0,0.0,0.0,0.0,0.0,0
PTK2B,0.7186850557339883,0.09001529785145096,0.05503705961117001,0.20741752792564278,0.2536742261324696,0.0,0.8577984185677268,0.0,0.0,0.0,0.0,0.0,0.0,0.0,0
BCL2L1,0.9351974305686757,0.5074289715429522,0.03166465992932662,0.0,0.09195571364939635,0.0,0.0,0.0,0.0,0.0,0.0,1.0,0.0,0.0,0
KPNA4,0.7166068392216134,0.4337557366942941,0.0,0.4466098462215316,0.0,0.0,0.0,0.0,0.0,0.0,0.0,0.0,0.0,0.0,0
STRA8,0.8074815794445493,0.39423400385110097,0.7457419575989676,0.8426445362314576,0.0,0.8308369204691537,0.9166443713276248,0.0,0.0,0.0,0.0,0.0,0.0,0.0,0
FAM76B,0.9351974305686757,0.1525918822445982,0.0,0.0,0.0,0.9017824567068911,0.0,0.0,0.0,0.0,0.0,1.0,0.0,0.0,0
SLC46A3,0.8781409408652938,0.19267225304625124,0.05198925726283816,0.8119401965848354,0.10069748235336205,0.44451451722112845,0.0,0.0,0.0,0.0,0.0,1.0,0.0,0.0,0
VRK1,0.7441904402040431,0.255769421041015,0.030968278666708197,0.4367129047976553,0.03563684796301867,0.0,0.0,0.0,0.0,0.0,0.0,0.0,0.0,0.0,0
TM2D1,0.8703948611373512,0.27971474454110257,0.03869462789660261,0.030644466863804773,0.04331115551631009,0.0,0.0,0.0,0.0,0.0,0.0,0.0,0.0,0.0,0
SPEF2,0.7007368222180238,0.4559627371737792,0.04701167899741056,0.18525973920409997,0.04879324637117993,0.0,0.0,0.0,0.0,1.0,0.0,0.0,0.0,0.0,0
HNRNPR,0.4783676553939165,0.143582132718375,0.035326900550880384,0.09405186767981438,0.0,0.482463996158003,0.0,0.0,0.0,0.0,0.0,0.0,0.0,0.0,0
CCSER2,0.9351974305686757,0.26691782542183257,0.0411451180085178,0.760864768267757,0.05560029814680678,0.0,0.0,0.0,0.0,0.0,0.0,0.0,0.0,0.0,0
FBXO34,0.6525599848856981,0.28774878035786317,0.0,0.0,0.862368980413885,0.8618543228056078,0.7709555339843547,0.0,0.0,0.0,0.0,0.0,0.0,0.0,0
ITPK1,0.5987152843378046,0.24392386084282794,0.050663468280657493,0.4211305521291837,0.8285095704490919,0.6491249406998213,0.0,0.0,0.0,0.0,1.0,0.0,0.0,0.0,0
PPP1R13B,0.7640279614585301,0.26944006819340743,0.9132248430297938,0.8278852362806587,0.9512843603088234,0.9106631129354219,0.9572241237270407,0.0,0.0,0.0,0.0,0.0,0.0,0.0,0
TCHP,0.5127526922350274,0.2987084351287379,0.026338648932751476,0.03820685561173454,0.030044822642838035,0.0,0.9753863288148595,0.0,0.0,0.0,0.0,0.0,0.0,0.0,0
LRPPRC,0.5819006234649537,0.3349224832751102,0.05174444267954978,0.0514344182123281,0.9380901141811713,0.815771982719962,0.0,0.0,0.0,1.0,0.0,1.0,0.0,0.0,0
NDUFB10,0.7370111467976572,0.6058405826883122,0.028400689011304485,0.12103923165500038,0.424494177912449,0.0,0.0,0.0,0.0,0.0,0.0,0.0,0.0,0.0,0
ZYG11B,0.5297562818817305,0.26001324291618144,0.03574011820645903,0.0,0.08556131742292546,0.0,0.0,0.0,0.0,0.0,0.0,0.0,0.0,0.0,0
CSTB,0.6718307198186284,0.3593868682025405,0.06414708109126252,0.9067119492191651,0.0,0.9412915619191083,0.0,0.0,0.0,0.0,0.0,1.0,0.0,0.0,0
KDSR,0.9351974305686757,0.26070583221072985,0.0,0.0,0.0,0.9457958486661794,0.0,0.0,1.0,0.0,0.0,0.0,0.0,0.0,0
HMGN2,0.4502172680899301,0.13873705200508413,0.02787815535100669,0.039966737012781355,0.14540738031539285,0.0,0.7306878302403998,0.0,0.0,0.0,0.0,1.0,0.0,0.0,0
SMURF2,0.9351974305686757,0.5933754975607162,0.04647128614124911,0.4398912038760243,0.05820107698175141,0.0,0.0,0.0,0.0,1.0,0.0,0.0,0.0,0.0,0
KLHDC4,0.5392027205743435,0.0035481882320707037,0.7483582301859865,0.8201763653979695,0.8512996893201757,0.8667306450825476,0.7617489962007373,0.0,0.0,0.0,0.0,0.0,0.0,0.0,0
SRRM2,0.9351974305686757,0.6064540189206264,0.9094517346634076,0.9489888503906017,0.8206838481149388,0.8735805455984709,0.870263851336822,0.0,0.0,0.0,0.0,0.0,0.0,0.0,0
PIGK,0.5905913470621575,0.25021500711616473,0.03740823117326109,0.44022840023384524,0.0,0.0,0.0,0.0,0.0,0.0,1.0,1.0,0.0,0.0,0
IQCH,0.9351974305686757,0.2531634586843847,0.0,0.0,0.0,0.0,0.8960396603880324,0.0,0.0,0.0,0.0,0.0,0.0,0.0,0
EIF2B1,0.48573587757415454,0.3044729091033632,0.0,0.0,0.0,0.9398299125431477,0.0,0.0,0.0,0.0,0.0,0.0,0.0,0.0,0
RNF146,0.7838654827130171,0.24229361219566026,0.024346160513624777,0.04320730810502315,0.0,0.0,0.0,0.0,0.0,0.0,0.0,0.0,0.0,0.0,0
SETDB2,0.02852824485169092,0.09971459232367497,0.0,0.0,0.0,0.0,0.8701148263716846,0.0,0.0,0.0,0.0,0.0,0.0,0.0,0
