Gene.Symbol,Cn_extreme,Cn_mean,Me_Island,Me_N_Shore,Me_S_Shore,Me_N_Shelf,Me_S_Shelf,Mu_5'Flank,Mu_5'UTR,Mu_Nonsense,Mu_Intron,Mu_3'UTR,Mu_3'Flank,Mu_RNA,gene_type
SHISA9,0.9351974305686757,0.6264386449604618,0.1631376408966268,0.0,0.5644553158869183,0.0,0.0,0.0,0.0,0.0,1.0,0.0,0.0,0.0,1
SLC1A7,0.6378235405252219,0.2663424435463616,0.7628333823456707,0.7939963712688619,0.8269221542979901,0.8309025569287567,0.0,0.0,0.0,0.0,1.0,0.0,0.0,0.0,1
SIRPA,0.5990931418855091,0.41456264127679976,0.8467910344946198,0.4864199373985265,0.6423427883026926,0.4053044374634443,0.7441638703273182,0.0,0.0,0.0,0.0,0.0,0.0,0.0,1
TUBB6,0.6374456829775175,0.278209314184381,0.5775791837599782,0.6006577643251876,0.5764652647898456,0.0,0.0,0.0,0.0,0.0,0.0,0.0,0.0,0.0,1
CLU,0.7186850557339883,0.09242946624959092,0.06650441571258385,0.6566698237956236,0.8906331000794729,0.0,0.0,0.0,0.0,0.0,0.0,0.0,0.0,0.0,1
LRRC8E,0.8216512374834687,0.2893120533369865,0.19897312810138693,0.0,0.5253319131491843,0.0,0.8267268286172395,0.0,0.0,0.0,0.0,0.0,0.0,0.0,1
GJA3,0.8091819384092198,0.16899331004406698,0.3259167766379174,0.33626269730572683,0.7823679989286335,0.0,0.0,0.0,0.0,0.0,0.0,0.0,0.0,0.0,1
FZD5,0.9023238239183828,0.2763446506990585,0.3475763102873656,0.7514937768927459,0.6432000932984921,0.8340323686918829,0.0,0.0,0.0,0.0,0.0,0.0,0.0,0.0,1
SLC12A5,0.8605705648970338,0.5460160893820734,0.4286463255739827,0.5567124267276395,0.28107231629795315,0.0,0.5082784276096997,0.0,0.0,0.0,0.0,0.0,0.0,0.0,1
PAX7,0.6109956546382014,0.1459323697970181,0.29319843393995687,0.28070445483503476,0.5064328894493995,0.0,0.0,0.0,0.0,0.0,0.0,0.0,0.0,0.0,1
CAMK4,0.546948800302286,0.27834783204329067,0.12107669349903506,0.3514711364543049,0.1780182878214462,0.0,0.0,0.0,0.0,0.0,0.0,0.0,0.0,0.0,1
KANK2,0.8242962403174003,0.32726290232968774,0.5977450301845766,0.8630341267492586,0.7251704899176133,0.891974442802401,0.0,0.0,0.0,0.0,0.0,0.0,0.0,0.0,1
NOX4,0.9351974305686757,0.19321110273915254,0.4737662679632618,0.309577230481436,0.5363588223214504,0.0,0.0,0.0,0.0,1.0,0.0,0.0,0.0,0.0,1
DMRT2,0.9351974305686757,0.29010358395932745,0.3696761778937864,0.5758717088289332,0.4057910982877455,0.0,0.0,0.0,0.0,0.0,0.0,0.0,0.0,0.0,1
FAT4,0.41904402040430755,0.23072052119247136,0.19482051705860298,0.03948518470918337,0.7731682833675522,0.0,0.838065300867158,0.0,0.0,0.0,0.0,0.0,0.0,0.0,1
ITGAX,0.9351974305686757,0.5946252026394505,0.5912653633578397,0.0,0.8077051196695172,0.0,0.4921968626740001,0.0,0.0,0.0,0.0,0.0,0.0,0.0,1
BCL6,0.7141507651615342,0.46621914743018933,0.08754313505045029,0.3726013457044873,0.06829869753966977,0.6918427781479571,0.0,0.0,0.0,0.0,0.0,0.0,0.0,0.0,1
CABP7,0.7417343661439637,0.1587186336963719,0.9419643607865674,0.0,0.8285306034311513,0.7093627352109455,0.8450495615636426,0.0,0.0,0.0,0.0,0.0,0.0,0.0,1
SRP9,0.7320989986774986,0.8944037262826222,0.1350342329628858,0.18295638218296043,0.028067040355988945,0.0,0.0,0.0,0.0,0.0,0.0,1.0,0.0,0.0,1
GDF10,0.5692423956168524,0.2783295659520058,0.4631188897809641,0.55781983390463,0.6229490734646337,0.0,0.8386170182512408,0.0,0.0,0.0,0.0,0.0,0.0,0.0,1
CCDC185,0.7362554317022483,0.893642639145756,0.4006274745139829,0.6346721895131007,0.9244137266036375,0.0,0.0,0.0,0.0,0.0,0.0,0.0,0.0,0.0,1
EGR2,0.5905913470621575,0.2863940452542411,0.17867381088146744,0.6676033895643482,0.5669018494259788,0.0,0.0,0.0,0.0,0.0,0.0,0.0,0.0,0.0,1
LDLRAD2,0.4502172680899301,0.13955598176435233,0.5611793255880488,0.8676820891223314,0.662896477526591,0.6958799269544044,0.0,0.0,0.0,0.0,0.0,1.0,0.0,0.0,1
ZNF334,0.9351974305686757,0.5427038381624312,0.31599427381794193,0.4276209164813257,0.8862953761742199,0.0,0.0,0.0,0.0,0.0,0.0,0.0,0.0,0.0,1
CPAMD8,0.9351974305686757,0.34496578913319786,0.3629750208367695,0.34023000308893087,0.44974902999588173,0.0,0.9147773532376058,0.0,0.0,0.0,0.0,0.0,0.0,0.0,1
FES,0.7746079727942565,0.3118204443226705,0.22558752159333517,0.5585315259969684,0.49867421208321927,0.0,0.0,0.0,0.0,0.0,0.0,0.0,0.0,0.0,1
TRH,0.698658605705649,0.3723740591060271,0.5539419773852216,0.9391533786105704,0.8816325779854126,0.0,0.0,0.0,0.0,0.0,0.0,0.0,0.0,0.0,1
HAGHL,0.7370111467976572,0.5963787474027904,0.4994013198703744,0.0,0.8532799510595502,0.0,0.0,0.0,0.0,0.0,0.0,0.0,0.0,0.0,1
IL4I1,0.5870017003589647,0.34302958345701007,0.48993985559679815,0.9809340020657663,0.7098042487097739,0.0,0.8770065592828371,0.0,0.0,0.0,0.0,0.0,0.0,0.0,1
GLP1R,0.9351974305686757,0.409250253061473,0.2707218364170544,0.15362957551902892,0.623733434967405,0.0,0.7223362678794435,0.0,0.0,0.0,0.0,0.0,0.0,0.0,1
OSR1,0.5324012847156622,0.31871132725985796,0.42758166475066445,0.6106207832846521,0.4751358688671564,0.0,0.0,0.0,0.0,0.0,0.0,0.0,0.0,0.0,1
SFXN5,0.4823351596448139,0.33535021424602907,0.1020408182261748,0.37452825929408473,0.38108190615823717,0.0,0.0,0.0,0.0,0.0,0.0,1.0,0.0,0.0,1
ARRB1,0.9351974305686757,0.38852585032460374,0.069604445895115,0.43624847974800024,0.2424360236547776,0.0,0.0,0.0,0.0,0.0,0.0,0.0,0.0,0.0,1
ANGPT4,0.9351974305686757,0.41645927042187053,0.31446938188683266,0.28835986519888623,0.2905058351708755,0.0,0.0,0.0,0.0,0.0,0.0,0.0,0.0,0.0,1
HBA2,0.7370111467976572,0.5975158115852687,0.18099111441545776,0.5771318108377242,0.0,0.0,0.0,0.0,0.0,0.0,0.0,0.0,0.0,0.0,1
GAS1,0.711127904779898,0.27368084572002643,0.18928769787807367,0.0,0.0,0.0,0.0,0.0,0.0,0.0,0.0,0.0,0.0,0.0,1
ARC,0.9351974305686757,0.8303201893584801,0.15876893965896283,0.6171572094138357,0.16132858020217727,0.0,0.0,0.0,0.0,0.0,0.0,0.0,0.0,0.0,1
DEGS2,0.9351974305686757,0.26771392256699467,0.32033354213796383,0.3991079365328539,0.6867516211306152,0.5204320894425558,0.6538288348527974,0.0,0.0,0.0,0.0,0.0,0.0,0.0,1
TONSL,0.9351974305686757,0.8050079533605812,0.2959841403873203,0.9139799967942184,0.0,0.9168664875880622,0.8222461264540574,0.0,0.0,0.0,1.0,0.0,0.0,0.0,1
DOC2B,0.5597959569242396,0.047676020427578514,0.1574058032555848,0.511611941801415,0.6290338222468715,0.0,0.0,0.0,0.0,0.0,0.0,0.0,0.0,0.0,1
ZBTB16,0.019648592480634774,0.052827058169889585,0.4330258093278095,0.7493122563590414,0.54179202387675,0.659739971901754,0.7139585038785232,0.0,0.0,0.0,0.0,0.0,0.0,0.0,1
LMX1A,0.841677687511808,0.9041182424975835,0.37067973333932647,0.48457610254174016,0.5144970428451713,0.5289593953425741,0.0,0.0,0.0,0.0,0.0,0.0,0.0,0.0,1
TSKS,0.7372000755715096,0.3531824858628065,0.7781644645612925,0.0,0.905810123292192,0.9103625839799566,0.5128329814824241,0.0,0.0,0.0,0.0,0.0,0.0,0.0,1
PDIA2,0.7370111467976572,0.5975158115852687,0.9568554400023733,0.0,0.5986225194941925,0.0,0.0,0.0,0.0,0.0,0.0,0.0,0.0,0.0,1
FAM43A,0.7526922350273947,0.4652906211232125,0.18102027137427515,0.14679572063827181,0.0,0.0,0.0,0.0,0.0,0.0,0.0,0.0,0.0,0.0,1
PRELP,0.9351974305686757,0.9263480755911745,0.5755330496871127,0.49844653026259095,0.03680590643076442,0.9441423774823652,0.0,0.0,0.0,0.0,0.0,0.0,0.0,0.0,1
ACADS,0.48573587757415454,0.3004208811866871,0.4540168494864863,0.6351247813656653,0.6292618924061123,0.9067490218974046,0.9502403785146936,0.0,0.0,0.0,0.0,0.0,0.0,0.0,1
PRSS22,0.9038352541092008,0.6059745340244006,0.7225049805928605,0.0,0.8642023795760994,0.0,0.7410769638778457,0.0,0.0,0.0,0.0,0.0,0.0,0.0,1
KCNJ3,0.4615529945210655,0.2633559376212982,0.4430666072940918,0.0,0.6286471401183997,0.0,0.0,0.0,0.0,0.0,0.0,0.0,0.0,0.0,1
KCNG3,0.4823351596448139,0.3322784665616367,0.855417698544982,0.9243565707002909,0.0,0.9446929431655575,0.0,0.0,0.0,0.0,0.0,0.0,0.0,0.0,1
CRHR2,0.9351974305686757,0.45693236218614675,0.2107790083988262,0.6951248762395769,0.7209077545823458,0.0,0.0,0.0,0.0,0.0,0.0,1.0,0.0,0.0,1
ARHGAP10,0.5701870394861137,0.24171214162309446,0.048803792268559895,0.3828075039258964,0.6641419697007491,0.0,0.0,0.0,0.0,1.0,0.0,0.0,0.0,0.0,1
ABCB1,0.5416587946344229,0.4049044455099665,0.2033074985265901,0.585086860784743,0.2574898369807395,0.8334819788840212,0.7502649612872913,0.0,0.0,0.0,0.0,0.0,0.0,0.0,1
TMEM151B,0.9351974305686757,0.40784528620681776,0.1019981771776554,0.6347652823689428,0.45875178598537225,0.0,0.0,0.0,0.0,0.0,0.0,0.0,0.0,0.0,1
ALOXE3,0.5218212733799358,0.026290994055909067,0.32462974279069723,0.1422710600286075,0.4901889104099275,0.4335304244919294,0.0,0.0,0.0,0.0,0.0,0.0,0.0,0.0,1
GSTP1,0.9351974305686757,0.49346302258145547,0.22185011026652982,0.464190440730753,0.38306670274355903,0.0,0.8630487326967281,0.0,0.0,0.0,0.0,0.0,0.0,0.0,1
SHANK3,0.5254109200831287,0.13635941578951355,0.704867827883846,0.7943546183624268,0.7049198889304493,0.861049549543272,0.7849588766675963,0.0,0.0,0.0,0.0,0.0,0.0,1.0,1
CHODL,0.9351974305686757,0.32432967250420497,0.2396549443364173,0.3486044012221179,0.26111040726684714,0.0,0.0,0.0,0.0,0.0,0.0,0.0,0.0,0.0,1
NKX2-2,0.7995465709427546,0.45090455206216573,0.3123343501456295,0.06616745868406318,0.21755226414970735,0.0,0.0,0.0,0.0,0.0,0.0,0.0,0.0,0.0,1
SLCO4A1,0.9351974305686757,0.6045071580245223,0.8068576762559985,0.0,0.816512057866584,0.0,0.6224863059026335,0.0,0.0,0.0,0.0,1.0,0.0,0.0,1
DIO3,0.5290005667863216,0.2633133167416337,0.430760535681676,0.0,0.0,0.0,0.0,1.0,0.0,0.0,0.0,0.0,0.0,0.0,1
POLR2F,0.49782731910069905,0.13269706448691304,0.47166415087525426,0.5121249962396436,0.6521647790783455,0.0,0.8968142328459259,0.0,0.0,0.0,0.0,0.0,0.0,0.0,1
CXCL6,0.9351974305686757,0.31090105106133603,0.26362824078783986,0.5154171756842327,0.3236973900141561,0.0,0.0,0.0,0.0,0.0,0.0,0.0,0.0,0.0,1
DKK3,0.5497827319100699,0.27271122070765874,0.21287463990575978,0.856553643879611,0.5231881186789041,0.8065881418406816,0.0,0.0,0.0,0.0,0.0,0.0,0.0,0.0,1
GRIK1,0.9351974305686757,0.3315600003044349,0.2046957466616138,0.5040666678656454,0.25351253623928555,0.0,0.0,0.0,0.0,0.0,0.0,0.0,0.0,0.0,1
DES,0.5437370111467976,0.25320303521550186,0.413717787262203,0.6818403659619144,0.8107262971644008,0.0,0.9833635355974035,0.0,0.0,0.0,0.0,0.0,0.0,0.0,1
TBX4,0.9351974305686757,0.6182143373594846,0.6042322521688938,0.7130126907808277,0.701292960453793,0.0,0.0,0.0,0.0,0.0,0.0,0.0,0.0,0.0,1
SYNGR3,0.7370111467976572,0.6055848574103251,0.5947400710316616,0.0,0.5231930537621001,0.0,0.0,0.0,0.0,0.0,0.0,0.0,0.0,0.0,1
B3GNT3,0.6094842244473833,0.33557092951572026,0.5412967098513242,0.21990153078943825,0.8645632959754861,0.0,0.8058869543183781,0.0,0.0,0.0,0.0,0.0,0.0,0.0,1
ANO4,0.6567164179104477,0.31136988073764565,0.4068233866186653,0.0,0.6386170871771382,0.0,0.5084984021342388,0.0,0.0,0.0,0.0,1.0,0.0,0.0,1
RGMA,0.9351974305686757,0.3257635606700611,0.32014057672364893,0.473227050290177,0.6161259933228254,0.6409826175785659,0.8861096778965938,0.0,0.0,1.0,0.0,0.0,0.0,0.0,1
GIPC2,0.5580955979595692,0.25681363259279555,0.3664631322485404,0.5843375443447466,0.0,0.0,0.0,0.0,0.0,0.0,0.0,0.0,0.0,0.0,1
CFL2,0.8909880974872473,0.3447800838718025,0.05479257216573515,0.25993425837543926,0.4924238428897316,0.0,0.0,0.0,0.0,0.0,0.0,0.0,0.0,0.0,1
ASB1,0.04515397695068957,0.2233668972760691,0.4303172079112082,0.6037906468532841,0.0,0.8427647287218796,0.7635333349587882,0.0,0.0,0.0,0.0,0.0,0.0,0.0,1
COL24A1,0.5267334215000945,0.22603526877792235,0.23753145780345658,0.4227925539021496,0.7011916806003545,0.0,0.0,0.0,0.0,0.0,0.0,0.0,0.0,0.0,1
NTF3,0.9351974305686757,0.39912474979260376,0.3494177706772823,0.5634952938928551,0.584387598393151,0.8036022819949655,0.5436242699341722,0.0,0.0,0.0,0.0,0.0,0.0,0.0,1
MARCKSL1,0.6062724352918949,0.22075332404807022,0.06950619985123006,0.38894889241358915,0.5207957054607824,0.0,0.0,0.0,0.0,0.0,0.0,0.0,0.0,0.0,1
ANKK1,0.47232193463064426,0.05985493679171297,0.2219524580335165,0.5011273698787331,0.35834393723139196,0.0,0.0,0.0,0.0,0.0,0.0,0.0,0.0,0.0,1
GALNTL6,0.505195541280937,0.23037194328378663,0.11564699019890168,0.29366393608243474,0.823012779879176,0.0,0.0,0.0,0.0,0.0,0.0,0.0,0.0,0.0,1
ACOXL,0.7407897222747024,0.2856314359431011,0.14093102017801476,0.436077325000667,0.7593770222208321,0.0,0.4700596696344323,0.0,0.0,0.0,0.0,0.0,0.0,0.0,1
SLC6A1,0.5936142074437937,0.33223280133342464,0.24513095976542934,0.19547771560105026,0.6438493118596906,0.0,0.7931569201031387,0.0,0.0,0.0,0.0,0.0,0.0,0.0,1
GREB1L,0.5877574154543737,0.27483160947096835,0.11007090302386795,0.0,0.3011806365005675,0.0,0.0,0.0,0.0,0.0,0.0,0.0,0.0,0.0,1
PTPRM,0.5877574154543737,0.2652236454551682,0.15069032914588543,0.7997672340854484,0.26498177024201236,0.0,0.609066081385441,0.0,1.0,0.0,0.0,0.0,0.0,0.0,1
TNR,0.8626487814094087,0.8840438081755987,0.6708698951615313,0.849912658315386,0.7784018754435237,0.0,0.0,0.0,0.0,0.0,0.0,0.0,0.0,0.0,1
PRR15,0.9351974305686757,0.4457367704028435,0.5000886310822041,0.49007917474194096,0.464701759021191,0.0,0.0,0.0,0.0,0.0,0.0,0.0,0.0,0.0,1
CKB,0.7640279614585301,0.26844152186983883,0.1073272373634498,0.7126320233512224,0.760152361918336,0.0,0.0,0.0,0.0,0.0,0.0,0.0,0.0,0.0,1
GJB2,0.8091819384092198,0.16847120426817672,0.2318445485030636,0.5562263980924623,0.0,0.814377257688454,0.0,0.0,0.0,0.0,0.0,0.0,0.0,0.0,1
ANO5,0.7407897222747024,0.3166472589446766,0.1119955035592376,0.615171079776641,0.22192616602407342,0.7160432589024313,0.6983840106936999,0.0,0.0,0.0,0.0,0.0,0.0,0.0,1
FERMT1,0.6043831475533723,0.4309564582048999,0.15655908661305834,0.24345722704108996,0.616602884279797,0.6634630919368212,0.0,0.0,0.0,0.0,0.0,0.0,0.0,0.0,1
THRA,0.9351974305686757,0.5297166472589447,0.39361595756076406,0.9334734743536103,0.39730021869073745,0.0,0.36411856712610263,0.0,0.0,0.0,0.0,0.0,0.0,0.0,1
DLX5,0.5416587946344229,0.394620636116629,0.4432901737687002,0.46041097570288414,0.35215923019700734,0.0,0.0,0.0,0.0,0.0,0.0,0.0,0.0,0.0,1
TEPP,0.52635556395239,0.021841678653789165,0.4334624374887204,0.0,0.9653091139244856,0.0,0.0,0.0,0.0,0.0,0.0,0.0,0.0,0.0,1
JPH1,0.9351974305686757,0.7752875006659515,0.9457462923097371,0.8837357765178019,0.8937817496475042,0.8566007816556528,0.0,0.0,0.0,0.0,0.0,1.0,0.0,0.0,1
HMCN2,0.4587190629132817,0.26587818039287314,0.2802054512997285,0.40239236350329693,0.0,0.0,0.0,0.0,0.0,0.0,0.0,0.0,0.0,0.0,1
ANKRD29,0.5699981107122615,0.25871178391214006,0.09879037152868733,0.22113018707637974,0.7342441559504455,0.0,0.0,0.0,0.0,0.0,0.0,0.0,0.0,0.0,1
XKR4,0.9336860003778575,0.6898250260672345,0.49320424848018196,0.3270041866891742,0.44677122528174973,0.0,0.0,0.0,0.0,0.0,1.0,1.0,0.0,0.0,1
CTHRC1,0.9351974305686757,0.9149743894178444,0.10111897373201356,0.9303983936520553,0.5868284004876402,0.0,0.8531766850829422,0.0,0.0,0.0,0.0,1.0,0.0,0.0,1
HPSE2,0.5766106177970904,0.22382202738391518,0.15310048046587663,0.3412901092134971,0.32530402259958957,0.0,0.5300966673014309,0.0,0.0,0.0,0.0,0.0,0.0,0.0,1
SLC34A2,0.039863971282826344,0.18894140390133263,0.4233937811688728,0.38858210830736045,0.4738084036328742,0.8337115028621915,0.7758233469874043,0.0,0.0,0.0,0.0,0.0,0.0,0.0,1
PRDM8,0.846778764405819,0.25257437724045023,0.3900769617708188,0.41153473673498514,0.8333267543878602,0.0,0.0,0.0,0.0,0.0,0.0,0.0,0.0,0.0,1
ARSI,0.6363121103344039,0.3147049645713938,0.6180459802720141,0.8305418866680475,0.14590574908379902,0.0,0.0,0.0,0.0,0.0,0.0,0.0,0.0,0.0,1
MCTP2,0.9351974305686757,0.3308871992754451,0.06930119390687228,0.1173927376311678,0.2695476268927387,0.0,0.0,0.0,0.0,1.0,1.0,0.0,0.0,0.0,1
PTGFR,0.5580955979595692,0.2536642540204428,0.19511738754930158,0.19594873055067294,0.4435019266430741,0.0,0.0,0.0,0.0,0.0,0.0,0.0,0.0,0.0,1
HRC,0.8634044965048177,0.3498671902946169,0.11363678519084325,0.6356578629387704,0.43588496135509536,0.7011412929533842,0.0,0.0,0.0,0.0,0.0,0.0,0.0,0.0,1
HSPA12B,0.9351974305686757,0.43498717568174383,0.4474675157003863,0.7629422470627685,0.6979604731055731,0.0,0.0,0.0,0.0,0.0,0.0,0.0,0.0,0.0,1
KIFC2,0.9351974305686757,0.8050079533605812,0.3474922820149634,0.0,0.1349547873433056,0.9237008436868874,0.0,0.0,0.0,0.0,0.0,0.0,0.0,0.0,1
N4BP3,0.6438692612884942,0.37045916386967154,0.04411423532881561,0.6765369533404748,0.27655787794209197,0.0,0.843601673252475,0.0,0.0,0.0,0.0,1.0,0.0,0.0,1
GATA4,0.5618741734366144,0.07570838185263823,0.37157817996904324,0.44233864275357665,0.3698148774731945,0.44513426033933823,0.19933157526930834,0.0,0.0,0.0,0.0,1.0,0.0,0.0,1
CA12,0.9351974305686757,0.25242977068444566,0.3125115262093344,0.1951596421070624,0.5129420740916837,0.43545201378593484,0.7471113719599246,0.0,0.0,0.0,0.0,0.0,0.0,0.0,1
CAV1,0.6221424522954846,0.38294860378564743,0.08953654658898204,0.1594079801059146,0.2055246498574632,0.0,0.0,0.0,0.0,0.0,0.0,0.0,0.0,0.0,1
SPAG4,0.9351974305686757,0.5374310264782214,0.05911352518005839,0.3951952665257633,0.5114672754295881,0.0,0.0,0.0,0.0,0.0,0.0,0.0,0.0,0.0,1
EPO,0.9351974305686757,0.39758735377613386,0.2255836441717466,0.18325442364124633,0.2646958638581571,0.0,0.6589487091753342,0.0,0.0,0.0,0.0,0.0,0.0,0.0,1
CASKIN1,0.7370111467976572,0.6062196040824717,0.564207214706804,0.2331959189490575,0.7595839709457521,0.9256649805800639,0.8470776421496484,0.0,0.0,0.0,0.0,0.0,0.0,0.0,1
SMOC1,0.46287549593803134,0.2166038769778752,0.21372722304124084,0.27370045828076045,0.2885061201714734,0.26529189099176537,0.0,0.0,0.0,0.0,0.0,1.0,0.0,0.0,1
CYP26B1,0.5613073871150576,0.3340959426444734,0.20017640081497548,0.8967289675454122,0.0,0.9148279136560487,0.0,0.0,0.0,0.0,0.0,0.0,0.0,0.0,1
KLF13,0.7763083317589269,0.2036669178254218,0.260830865955178,0.7728934517295424,0.7019359760427,0.21387571402807432,0.895563440691303,0.0,0.0,0.0,0.0,1.0,0.0,0.0,1
HMGCLL1,0.7122614774230115,0.39341507409183274,0.16135329845084215,0.0,0.6484261702779479,0.0,0.0,0.0,0.0,0.0,0.0,0.0,0.0,0.0,1
PCSK2,0.9351974305686757,0.4474035512325807,0.31314348204542075,0.6591372930865147,0.49180611456611795,0.5840796688463552,0.49932968348298085,0.0,1.0,0.0,0.0,0.0,0.0,0.0,1
LTBP2,0.5614963158889099,0.22483731762449483,0.35458508873344213,0.44876444259487974,0.7599613105889316,0.0,0.7827046973209444,0.0,0.0,0.0,0.0,1.0,0.0,0.0,1
MRAP2,0.5832231248819195,0.2115091596836921,0.11788200182715715,0.21588897513421554,0.11318504039497539,0.0,0.0,0.0,0.0,0.0,0.0,0.0,0.0,0.0,1
LAMC1,0.7895333459285849,0.8757205592468287,0.07010594692514475,0.07082515263343434,0.22665261689267402,0.0,0.0,0.0,0.0,0.0,0.0,0.0,0.0,0.0,1
CSMD2,0.8290194596637068,0.23691729266083672,0.2775128974043629,0.05947409603433386,0.6115691089940299,0.7535435547731019,0.38911085923688926,0.0,0.0,0.0,0.0,0.0,0.0,0.0,1
ZNF219,0.566030606461364,0.2973734882906744,0.6021082415818055,0.8392589255446725,0.48984264702829017,0.0,0.0,0.0,0.0,0.0,0.0,0.0,0.0,0.0,1
SOCS2,0.7517475911581334,0.3235305310104954,0.3158516984459002,0.0,0.6619305646089171,0.0,0.0,0.0,1.0,0.0,0.0,0.0,0.0,0.0,1
BOP1,0.9351974305686757,0.8050079533605812,0.913914886425273,0.778531178923294,0.7805562220643435,0.0,0.9816886044754866,0.0,0.0,0.0,0.0,0.0,0.0,0.0,1
ZBED9,0.79916871339505,0.37719021850811707,0.5364358263731154,0.6212002493024835,0.0,0.7653323708629569,0.0,0.0,0.0,0.0,0.0,0.0,0.0,0.0,1
TRIM71,0.5248441337615719,0.2686622371395301,0.4398873293152732,0.8427230831777439,0.7241181431667066,0.0,0.0,0.0,0.0,0.0,0.0,0.0,0.0,0.0,1
NT5E,0.6699414320801058,0.20544329520286775,0.12668599275785483,0.430309727724847,0.473044625890963,0.0,0.5021106787307824,0.0,0.0,0.0,0.0,0.0,0.0,0.0,1
CADPS,0.0,0.19217602423301428,0.2766174887333869,0.21428365381491127,0.401013188813993,0.6277270880032129,0.0,0.0,0.0,1.0,0.0,0.0,0.0,0.0,1
ABO,0.5962592102777253,0.28125975142894105,0.6934207022539097,0.9015173085256997,0.754182673513493,0.0,0.0,0.0,0.0,0.0,0.0,0.0,0.0,0.0,1
MMP11,0.7230304175325901,0.16901766483244654,0.14298820670950715,0.09147191033511828,0.6020340272143477,0.0,0.0,0.0,0.0,0.0,0.0,0.0,0.0,0.0,1
PPP1R1B,0.9351974305686757,0.6483275110167366,0.1722996250447457,0.5332387039664164,0.5576981791023614,0.6491637690374561,0.3000942455851302,0.0,0.0,0.0,0.0,1.0,0.0,0.0,1
ARHGEF28,0.5505384470054789,0.25628696029408404,0.19414808020220473,0.1984367138736911,0.8493493481576437,0.0,0.9046523332169606,0.0,1.0,0.0,0.0,0.0,0.0,0.0,1
ANO2,0.9351974305686757,0.40420576751832316,0.48219400382354555,0.0,0.6158208452387166,0.0,0.7117293199649068,0.0,0.0,0.0,0.0,0.0,0.0,0.0,1
NKD2,0.9210277725297562,0.49431544017474577,0.3746204865261773,0.7094440010547982,0.544594053570077,0.8561289866735365,0.7704053059113702,0.0,0.0,0.0,0.0,0.0,0.0,0.0,1
VSTM2L,0.9351974305686757,0.5381220935984959,0.559955493884834,0.7686508312089096,0.7269185147479749,0.0,0.0,0.0,0.0,0.0,0.0,0.0,0.0,0.0,1
BCAS4,0.9351974305686757,0.6106719638331396,0.03288997575962595,0.6200353030342308,0.4726730965130262,0.6184264725525788,0.7086497687434481,0.0,0.0,0.0,0.0,1.0,0.0,0.0,1
MT1M,0.52635556395239,0.03471013996392447,0.3031979414628375,0.5938181349066516,0.8056548246138924,0.0,0.0,0.0,1.0,0.0,0.0,0.0,1.0,0.0,1
LAMA1,0.9351974305686757,0.2690580024507006,0.42226322672601363,0.4605194746869094,0.5446144063735722,0.0,0.8455516191191162,0.0,0.0,0.0,1.0,0.0,0.0,0.0,1
SLITRK5,0.9351974305686757,0.19936525332785338,0.5296493143786598,0.7773160490366341,0.0,0.0,0.0,0.0,0.0,0.0,0.0,0.0,0.0,0.0,1
EFEMP1,0.5435480823729454,0.3455426931829425,0.2716070386604628,0.6545755525887454,0.2909724282309071,0.6901546096388135,0.0,0.0,0.0,1.0,0.0,0.0,0.0,0.0,1
CCNE1,0.9351974305686757,0.4624137117458579,0.051725241462489656,0.7045047061602021,0.9361861458748859,0.0,0.9071157113140137,0.0,0.0,0.0,1.0,0.0,0.0,0.0,1
SLC22A3,0.6540714150765161,0.19537715673067405,0.49497981540445224,0.5898110071496349,0.5290165117047384,0.3630178172748076,0.0,0.0,0.0,0.0,0.0,0.0,0.0,0.0,1
CILP2,0.9351974305686757,0.3444162842203804,0.4593179503842552,0.9028914715457755,0.46719224765456085,0.0,0.0,0.0,0.0,0.0,0.0,0.0,0.0,0.0,1
PTGIS,0.9351974305686757,0.5832971816943323,0.12316901517954436,0.7831258102275572,0.6829288399237791,0.9426412500762856,0.0,0.0,0.0,0.0,0.0,1.0,0.0,0.0,1
SDC1,0.5324012847156622,0.324090691143229,0.0634849428266322,0.5254298185930019,0.9252968650804403,0.5499632187596106,0.0,0.0,0.0,0.0,0.0,0.0,0.0,0.0,1
FNDC1,0.6587946344228226,0.1997214421079069,0.5890739724761999,0.7947160192011457,0.8503255633944713,0.6444478163620193,0.0,0.0,0.0,0.0,0.0,1.0,0.0,0.0,1
CREB5,0.9351974305686757,0.4428415949342042,0.18217527077350854,0.5646865382401546,0.23813424428576568,0.7928249332782934,0.6620946698960507,0.0,0.0,0.0,0.0,1.0,0.0,0.0,1
SCGB3A1,0.6438692612884942,0.3654633879032811,0.2882587203803162,0.0,0.0,0.0,0.0,0.0,0.0,0.0,0.0,0.0,0.0,0.0,1
AP1M2,0.8242962403174003,0.3316132764040155,0.1486657146022188,0.2753629672522356,0.0,0.6278956220783911,0.6092788373257461,0.0,1.0,0.0,0.0,0.0,0.0,0.0,1
PRDM5,0.5826563385603627,0.22900655296024847,0.08510602653175038,0.3878869147654287,0.2342840714726766,0.0,0.0,0.0,0.0,0.0,0.0,0.0,0.0,0.0,1
KCNT1,0.5962592102777253,0.28446697262369564,0.6427362578924153,0.609033370013792,0.5881956194319902,0.5863096878137117,0.4712562336993292,0.0,0.0,0.0,0.0,0.0,0.0,0.0,1
KLHL30,0.04515397695068957,0.22304419633003778,0.8585122867246155,0.6106314524098994,0.8497652423032876,0.842019606767846,0.0,0.0,0.0,0.0,0.0,0.0,0.0,0.0,1
RADIL,0.689212167013036,0.4245937697406977,0.6586700980585448,0.6520116873480944,0.7154956678902723,0.7562666259351801,0.7831746089216552,0.0,0.0,0.0,0.0,0.0,0.0,0.0,1
SYNDIG1,0.768373323257132,0.4518346005434164,0.32229791857468054,0.2866310951783566,0.2792094446745846,0.0,0.5365834180574479,0.0,0.0,0.0,0.0,0.0,0.0,0.0,1
ADRB1,0.7515586623842812,0.21740910716867978,0.23852052778310814,0.0,0.0,0.0,0.0,0.0,0.0,0.0,0.0,0.0,0.0,0.0,1
VANGL1,0.9095031173247685,0.289753483876369,0.06077028283372522,0.4244460644106898,0.9018592393384939,0.0,0.9443911561446648,0.0,0.0,0.0,0.0,0.0,0.0,0.0,1
VAT1L,0.52635556395239,0.010857669094534228,0.18663381314836816,0.15640353210890234,0.12760080285379719,0.0,0.7298037312347435,0.0,0.0,0.0,0.0,0.0,0.0,0.0,1
COMP,0.6928018137162291,0.34604196634472684,0.3296438084827863,0.0,0.7193235351581251,0.8088278856921839,0.0,0.0,0.0,0.0,0.0,0.0,0.0,0.0,1
CX3CL1,0.52635556395239,0.026134210105715094,0.9161340764371647,0.0,0.7931467485848015,0.7745047128018373,0.6768827195958982,0.0,0.0,0.0,0.0,0.0,0.0,0.0,1
COL13A1,0.7880219157377669,0.275840811014453,0.07433601609191538,0.38335493513418517,0.8100112347065809,0.0,0.0,0.0,0.0,0.0,0.0,0.0,0.0,0.0,1
MICU3,0.600415643302475,0.09130001293848136,0.13525596859969077,0.17434779506491022,0.0,0.0,0.0,0.0,0.0,0.0,0.0,0.0,0.0,0.0,1
KRT19,0.9351974305686757,0.28699378191809183,0.09062908452742127,0.16105829434377392,0.3788952364496212,0.4411607088020403,0.0,0.0,0.0,0.0,0.0,0.0,0.0,0.0,1
SLC34A3,0.5962592102777253,0.2907581188970325,0.4467533008407591,0.5049107293275282,0.6197331518155883,0.7950421051573201,0.0,0.0,0.0,0.0,0.0,0.0,0.0,0.0,1
WLS,0.5061401851501983,0.2538925801615027,0.09474455565932395,0.6811710937246045,0.1350260837002969,0.0,0.0,0.0,0.0,0.0,0.0,0.0,0.0,0.0,1
KLK4,0.595314566408464,0.34864336217853586,0.7171052435817625,0.7211811998109692,0.5635401232116204,0.43444084058946875,0.0,0.0,0.0,0.0,0.0,0.0,0.0,0.0,1
SMAD9,0.9351974305686757,0.15238486654337047,0.09683206525773559,0.06955618915299093,0.8411001292597089,0.0,0.0,0.0,0.0,0.0,0.0,0.0,0.0,0.0,1
USP44,0.653882486302664,0.32446971253738843,0.4236262606343213,0.5128906272388614,0.0,0.5925837275652637,0.0,0.0,0.0,0.0,0.0,1.0,0.0,0.0,1
LBX2,0.4823351596448139,0.3390551864282942,0.41077453680529935,0.0,0.0,0.0,0.0,0.0,0.0,0.0,0.0,0.0,0.0,0.0,1
KCNS1,0.8424334026072171,0.5349026950095518,0.4511671937334452,0.7019085502628378,0.5030253684280525,0.0,0.0,0.0,0.0,0.0,0.0,0.0,0.0,0.0,1
TMEM184A,0.689212167013036,0.43306314739974583,0.8846805877435251,0.9020296037723974,0.83335690612142,0.0,0.3097149659040675,0.0,0.0,0.0,0.0,0.0,0.0,0.0,1
POLE2,0.7895333459285849,0.3289738262133632,0.09512931822926482,0.14706151304190845,0.6145344265935765,0.0,0.0,0.0,0.0,0.0,0.0,0.0,0.0,0.0,1
MYOCD,0.6221424522954846,0.026800922437609398,0.10232708981850062,0.36769500830387514,0.5489296894987381,0.0,0.0,0.0,0.0,0.0,1.0,0.0,0.0,0.0,1
TMEM145,0.9351974305686757,0.33917239384737163,0.17035658661052605,0.37831467368225735,0.591967072977043,0.7175762692478019,0.2642833287802129,0.0,0.0,0.0,0.0,0.0,0.0,0.0,1
KCNK2,0.7721518987341772,0.8932514403574064,0.04587851819314646,0.5846870394777102,0.12336350440892194,0.0,0.0,0.0,0.0,0.0,0.0,0.0,0.0,0.0,1
TUBA3E,0.5571509540903079,0.2613999436795518,0.9097319401664988,0.0,0.0,0.0,0.0,0.0,0.0,0.0,0.0,0.0,0.0,0.0,1
KLHDC7A,0.4502172680899301,0.13796530964830164,0.7659868587266147,0.4397003824340748,0.7909827930043923,0.3734411296044307,0.0,0.0,0.0,0.0,0.0,0.0,0.0,0.0,1
ARTN,0.6497260532779142,0.2772001126408963,0.1650481806199369,0.5173707021396473,0.2725506090894411,0.0,0.0,0.0,1.0,0.0,0.0,0.0,0.0,0.0,1
PPP1R12B,0.9351974305686757,0.9296633711593641,0.04468716842413673,0.48234386766930265,0.0,0.0,0.929506033218881,0.0,1.0,0.0,0.0,0.0,0.0,0.0,1
NFE2L3,0.9351974305686757,0.4523932385018762,0.1267448296697013,0.39555915914864037,0.6066449337191355,0.0,0.11333334795517218,0.0,0.0,0.0,0.0,0.0,0.0,0.0,1
LDHD,0.52635556395239,0.021859944745073412,0.7331536511832887,0.7440287790602194,0.3961252544326746,0.0,0.0,0.0,0.0,0.0,0.0,0.0,0.0,0.0,1
RRAD,0.52635556395239,0.013570183650325973,0.5315689801054385,0.562812074345327,0.6973445097050692,0.0,0.0,0.0,0.0,0.0,0.0,0.0,0.0,0.0,1
TCF7L2,0.7515586623842812,0.21793882381593874,0.36073419666157686,0.9061946440589477,0.35011472775317826,0.8274818036000738,0.0,0.0,0.0,0.0,0.0,0.0,0.0,0.0,1
HOXC13,0.46722085773663324,0.31582224048831353,0.44153050370870867,0.4858207513374779,0.470595266215451,0.0,0.0,0.0,0.0,0.0,0.0,1.0,0.0,0.0,1
LPCAT2,0.9351974305686757,0.07051167888211513,0.1776430222184536,0.8482194104906022,0.3515404861765685,0.0,0.9199973385751592,0.0,0.0,0.0,0.0,0.0,0.0,0.0,1
MYF6,0.6181749480445873,0.3311337915077897,0.5938284647672475,0.731242975061572,0.0,0.0,0.0,0.0,0.0,0.0,0.0,0.0,0.0,0.0,1
GPM6A,0.505195541280937,0.22356325775738067,0.09667963994329358,0.8017743320819383,0.0657943157043694,0.0,0.0,0.0,0.0,0.0,0.0,1.0,0.0,0.0,1
KCNA5,0.9293406385792556,0.39775935946906565,0.4703826483778542,0.23486484154261233,0.6739201325247729,0.0,0.0,0.0,0.0,0.0,0.0,0.0,0.0,0.0,1
CDH11,0.52635556395239,0.012672100828823807,0.4016120924653125,0.7648733382391001,0.7470834678805973,0.04436830742776708,0.925943520327846,0.0,0.0,0.0,0.0,0.0,0.0,0.0,1
CELF2,0.9351974305686757,0.46176830985379536,0.31773504996151053,0.40722917188359814,0.485294118649008,0.5117605119708337,0.0,0.0,0.0,1.0,0.0,0.0,0.0,0.0,1
B4GALNT4,0.4813905157755526,0.2320372019392501,0.6961031920808127,0.16545996940718966,0.8336145027456566,0.9441698550005793,0.0,0.0,0.0,0.0,0.0,0.0,0.0,0.0,1
LRP4,0.6442471188361987,0.32432206163283633,0.10141598798002043,0.17295401250247605,0.6564232210733595,0.47840459163078614,0.0,0.0,0.0,0.0,0.0,0.0,0.0,0.0,1
EDAR,0.7407897222747024,0.2969670677595878,0.8625122407532979,0.7926115164489188,0.8268459963082638,0.0,0.7263715867830148,0.0,1.0,1.0,0.0,0.0,0.0,0.0,1
MAPK4,0.7234082750802947,0.22218721221392623,0.46683441860547353,0.6545587140902128,0.5639111414254105,0.6996388569038064,0.7904160578272245,0.0,1.0,0.0,0.0,0.0,0.0,0.0,1
PRR19,0.9351974305686757,0.33917239384737163,0.9363645484807763,0.0,0.8801980269645817,0.0,0.8625819952552118,0.0,1.0,0.0,0.0,0.0,0.0,0.0,1
SHH,0.6843000188928774,0.37835620400179626,0.2294912049625012,0.4404838024604832,0.13788552653275934,0.0,0.0,0.0,0.0,0.0,0.0,0.0,0.0,0.0,1
ZBTB32,0.8110712261477423,0.408026424945392,0.5544547943895461,0.3002378653967111,0.7444773872120349,0.7035520621628797,0.0,0.0,0.0,0.0,0.0,1.0,0.0,0.0,1
PKP1,0.7169846967693179,0.9103759009368988,0.32923311805371275,0.25312087431255453,0.3801836648145269,0.0,0.0,0.0,0.0,0.0,0.0,0.0,0.0,0.0,1
HTRA4,1.0,0.7045490178170501,0.5107076676291437,0.0,0.8116791370114802,0.0,0.0,0.0,0.0,0.0,0.0,0.0,0.0,0.0,1
ATG9B,0.6888343094653315,0.36673135907330034,0.2246686565303412,0.3512644422996067,0.7118032181943822,0.5955799600295193,0.7874950653771393,0.0,0.0,0.0,0.0,0.0,0.0,0.0,1
DNER,0.05346684300018892,0.22707034728406053,0.16388904814456523,0.20407520773360252,0.7062960907665409,0.0,0.0,0.0,0.0,0.0,0.0,0.0,0.0,0.0,1
GRIA4,0.9351974305686757,0.10650957828161736,0.319179902874828,0.3949725405915424,0.32546390219533694,0.0,0.8584496414607551,0.0,0.0,0.0,0.0,0.0,0.0,0.0,1
AOC1,0.6888343094653315,0.3645150733307456,0.8232840114940586,0.6448270857693554,0.7529913673035566,0.5837878347202039,0.6897990202787126,0.0,0.0,0.0,0.0,0.0,0.0,0.0,1
AIFM2,0.9351974305686757,0.2777785388649146,0.11738910618664145,0.6473820395653404,0.46418044264343433,0.9073448483902335,0.0,0.0,0.0,0.0,0.0,0.0,0.0,0.0,1
SCN5A,0.5121859059134706,0.2409297440463958,0.2589201641906896,0.0,0.0,0.5992959681596214,0.0,0.0,0.0,0.0,1.0,0.0,0.0,0.0,1
TRPM5,0.47591158133383715,0.23590961329162585,0.5401983823798033,0.5521468617306292,0.8357071715238581,0.5836475747893263,0.7777850023678174,0.0,0.0,0.0,0.0,0.0,0.0,0.0,1
TFCP2L1,0.9351974305686757,0.28083354263229593,0.2543647603570199,0.5934955807138365,0.0,0.8796412609232964,0.8352374797653226,0.0,0.0,0.0,0.0,0.0,0.0,0.0,1
JAM2,0.6797657283204233,0.31942674916851227,0.0952917149414734,0.29208500103690127,0.15470270605321623,0.0,0.0,0.0,0.0,0.0,0.0,0.0,0.0,0.0,1
SOX11,0.5254109200831287,0.32292774999809726,0.20017405886568868,0.0,0.40020694064733914,0.0,0.0,0.0,0.0,0.0,0.0,1.0,0.0,0.0,1
B4GALNT3,0.9293406385792556,0.41313788615658614,0.10242383227572197,0.3479759909199786,0.0,0.0,0.0,0.0,0.0,0.0,0.0,0.0,0.0,0.0,1
SLC16A11,0.03287360665029282,0.01336925664619315,0.21407500688249778,0.7493342558489473,0.0,0.0,0.0,0.0,0.0,0.0,0.0,0.0,0.0,0.0,1
TGFB1I1,0.9351974305686757,0.5926098439010286,0.5385936731068912,0.8437418093947874,0.33533670438381585,0.0,0.0,0.0,0.0,0.0,0.0,0.0,0.0,0.0,1
CYYR1,0.6727753636878896,0.3168923290027475,0.3980518716751402,0.7862280581209543,0.30371078849996747,0.0,0.0,0.0,0.0,0.0,0.0,1.0,0.0,0.0,1
ACTL8,0.5114301908180616,0.13641116971482062,0.44159195698610193,0.703958894728743,0.7632989697479095,0.8382989786845378,0.0,0.0,0.0,0.0,0.0,0.0,0.0,0.0,1
NKX3-2,0.47591158133383715,0.19528582627425012,0.3371014774274553,0.686800346891789,0.04230929385154963,0.0,0.0,0.0,0.0,0.0,0.0,0.0,0.0,0.0,1
LRRC14B,0.9210277725297562,0.4954738147970563,0.5631773511319675,0.23785911685623948,0.8158947392832647,0.0,0.0,0.0,0.0,0.0,0.0,0.0,0.0,0.0,1
DSC3,0.7398450784054411,0.2579415637296314,0.2817048668434091,0.0,0.5715403321182211,0.0,0.0,0.0,0.0,1.0,0.0,0.0,0.0,0.0,1
WSCD2,0.5597959569242396,0.3107351340654992,0.2102801374191464,0.0,0.28146048970979015,0.0,0.5298299565002458,0.0,1.0,0.0,0.0,0.0,0.0,0.0,1
TTYH1,0.7205743434725108,0.36936015404403655,0.33724819843016557,0.37447213407518926,0.37608487227474113,0.0,0.23679406619824372,0.0,0.0,0.0,0.0,0.0,0.0,0.0,1
GRIN2A,0.9351974305686757,0.6336674505864182,0.232525333350816,0.49108700739966593,0.0,0.7753097428124776,0.0,0.0,0.0,0.0,0.0,0.0,0.0,0.0,1
CNRIP1,0.4823351596448139,0.3333987868271039,0.20399783801729104,0.6053981850194967,0.175842475309009,0.7868193446588813,0.0,0.0,0.0,0.0,0.0,0.0,0.0,0.0,1
RET,0.6378235405252219,0.31218881049691377,0.14714611869702032,0.8964258476306961,0.9173740128269425,0.0,0.9223485038409559,0.0,0.0,0.0,0.0,0.0,0.0,0.0,1
CCDC154,0.9351974305686757,0.605249979070104,0.869818283520396,0.6485158265500665,0.9853807252073565,0.8933959543180277,0.0,0.0,0.0,0.0,0.0,0.0,0.0,0.0,1
FRMD3,0.5201209144152654,0.276193955445959,0.11906073657001527,0.2779278706148561,0.0,0.6891944076462916,0.0,0.0,0.0,1.0,1.0,0.0,0.0,0.0,1
ZNF423,0.9351974305686757,0.11169714820649812,0.3484581905707731,0.6494539557382831,0.6388999885009009,0.6387194520727993,0.6056584376551599,0.0,0.0,0.0,0.0,0.0,0.0,0.0,1
PRSS27,0.9351974305686757,0.6044401823564781,0.32344060621022036,0.5030610191578542,0.31167420394278966,0.8703889547269852,0.0,0.0,0.0,0.0,0.0,0.0,0.0,0.0,1
SP6,0.9351974305686757,0.3616594743932233,0.4299444546678449,0.5475235085744543,0.48701344539050595,0.7989854309180227,0.7891355983051035,0.0,0.0,0.0,0.0,0.0,0.0,0.0,1
CACNA1E,0.7895333459285849,0.8833496967067768,0.34729186601254414,0.41557684114246196,0.3806314602398544,0.3754442850918707,0.722900094878464,1.0,0.0,0.0,0.0,0.0,0.0,0.0,1
SHANK1,0.595314566408464,0.35132543324885274,0.3926058473899207,0.6173655067796668,0.5854570784008561,0.6957671916789775,0.5758422211988213,0.0,0.0,1.0,0.0,0.0,0.0,0.0,1
ETS2,0.8127715851124125,0.3663355937621299,0.06652788725780934,0.8333695637608396,0.6792554770873676,0.0,0.8491497139522848,0.0,0.0,0.0,0.0,0.0,0.0,0.0,1
TRPM3,0.5201209144152654,0.26709439763758547,0.3601050106289427,0.32746654126971886,0.0,0.0,0.0,0.0,0.0,0.0,1.0,0.0,0.0,0.0,1
PLEKHF2,0.9351974305686757,0.8940277492370103,0.05378781660563922,0.3334038391419999,0.1850443840313818,0.0,0.0,0.0,0.0,0.0,0.0,0.0,0.0,0.0,1
KCNH2,0.6888343094653315,0.36535988005266723,0.3302637920721305,0.481711468489251,0.5433345182442609,0.6507789020271987,0.3786546598593848,0.0,0.0,0.0,0.0,0.0,0.0,0.0,1
GPRC5B,0.7364443604761005,0.6137574110859956,0.22228141793444411,0.0,0.1719168450834227,0.850304864892854,0.0,0.0,0.0,0.0,0.0,1.0,0.0,0.0,1
PLTP,0.8605705648970338,0.5437724045025916,0.1847465179695224,0.63971744708244,0.6349428003318172,0.9138503388366855,0.0,0.0,0.0,0.0,0.0,0.0,0.0,0.0,1
WFIKKN1,0.7370111467976572,0.5983225639503469,0.9421130266811332,0.2890195874810992,0.7560397552299701,0.0,0.4330282560081526,0.0,0.0,0.0,0.0,0.0,0.0,0.0,1
FAM126A,0.9351974305686757,0.44765775433629407,0.1438860020962626,0.38927693054874146,0.0,0.0,0.0,0.0,0.0,0.0,0.0,0.0,0.0,0.0,1
FOXC1,0.7058378991120348,0.34995699857676704,0.1781977505641874,0.0,0.0,0.0,0.0,0.0,0.0,0.0,0.0,0.0,0.0,0.0,1
ARHGAP23,0.9351974305686757,0.41361737105281193,0.3532799640769996,0.5656941821776393,0.7478214115647962,0.8590635031812893,0.7706077782471532,0.0,0.0,0.0,0.0,0.0,0.0,0.0,1
SEMA5B,0.7048932552427736,0.35747197296618494,0.33698427481726195,0.6116744734343875,0.5327274118410753,0.5435080349094559,0.7425553831151608,0.0,0.0,0.0,0.0,0.0,0.0,0.0,1
KCNF1,0.6179860192707349,0.3167507667952904,0.5581856240845272,0.1277542065824231,0.46757746532454825,0.0,0.0,0.0,0.0,0.0,0.0,0.0,0.0,0.0,1
SLC35G2,0.5582845267334215,0.39341659626610653,0.27321841970846716,0.0,0.5559351662732808,0.0,0.0,0.0,0.0,0.0,0.0,0.0,0.0,0.0,1
TBC1D31,0.9351974305686757,0.9134978803723239,0.036612449147303605,0.24263263692860043,0.12781790202461085,0.0,0.8882521925406897,0.0,0.0,0.0,0.0,0.0,0.0,0.0,1
GPC5,0.9351974305686757,0.2107800382065742,0.2742591830684594,0.198995526521134,0.5848327602772221,0.0,0.5092110798272212,0.0,0.0,0.0,0.0,0.0,0.0,0.0,1
C2orf88,0.8299641035329681,0.2915192060338988,0.23066100663385108,0.7914595545783959,0.2688282617350926,0.0,0.0,0.0,0.0,0.0,0.0,1.0,0.0,0.0,1
FBLN5,0.003967504250897397,0.23476341606350515,0.11052311543952453,0.34839986934248846,0.25337268558375314,0.0,0.0,0.0,1.0,0.0,0.0,1.0,0.0,0.0,1
PLAC9,0.9351974305686757,0.352718222709318,0.20375960588739858,0.7541397361405974,0.46448014759710854,0.0,0.0,0.0,0.0,0.0,0.0,0.0,0.0,0.0,1
DLK1,0.9351974305686757,0.2683912901188057,0.6610194892649084,0.714482260217179,0.6764713960852802,0.6336492074675368,0.5371924924285342,0.0,0.0,0.0,0.0,0.0,0.0,0.0,1
MRGPRF,0.9351974305686757,0.6443226705025462,0.7481141488593583,0.7962342505282872,0.0,0.5660117858475834,0.0,0.0,0.0,0.0,0.0,0.0,0.0,0.0,1
SYT5,0.7944454940487437,0.3731640675540943,0.1636366788230776,0.7572673219780718,0.2702423185811991,0.0,0.0,0.0,0.0,0.0,0.0,0.0,0.0,0.0,1
ACKR3,0.0485546948800302,0.22620118577375922,0.23196883809296143,0.9122275967128713,0.18474977976988666,0.0,0.0,0.0,0.0,0.0,0.0,0.0,0.0,0.0,1
SEC14L5,0.9351974305686757,0.6177409411603537,0.3630985479878961,0.09905165563911567,0.0,0.0,0.6925352987258626,0.0,0.0,0.0,0.0,0.0,0.0,0.0,1
LRRC4B,0.5870017003589647,0.3496951846016851,0.74746464138758,0.0,0.0,0.6636382746565889,0.09108941091092075,0.0,0.0,0.0,0.0,0.0,0.0,0.0,1
TTLL10,0.0253164556962025,0.15959540607804193,0.9161863838631942,0.8128284284272499,0.0,0.0,0.0,0.0,0.0,0.0,0.0,0.0,0.0,0.0,1
CDKL2,0.5739656149631589,0.29268366935330425,0.38454661292517667,0.7338537434797991,0.9283534520481374,0.0,0.0,0.0,0.0,0.0,0.0,0.0,0.0,0.0,1
SLC52A2,0.9351974305686757,0.8050079533605812,0.45196219691294415,0.0,0.3146532036193886,0.0,0.8296852653729276,0.0,0.0,0.0,0.0,0.0,0.0,0.0,1
HFM1,0.5919138484791233,0.23370550494326098,0.20381160310953475,0.2955314454030082,0.3934442068426311,0.0,0.0,0.0,0.0,0.0,0.0,0.0,0.0,0.0,1
C11orf95,0.9351974305686757,0.2767602042757875,0.4551333947337347,0.6439714864621813,0.5811221613508128,0.0,0.0,0.0,0.0,0.0,0.0,0.0,0.0,0.0,1
DAB2IP,0.5720763272246363,0.27687436734631743,0.3158979107189856,0.7882773901743915,0.714397954019444,0.9310560366797263,0.8911683462447899,0.0,0.0,0.0,0.0,0.0,0.0,0.0,1
LMTK3,0.47232193463064426,0.32288969564125397,0.19194262392091346,0.4843998839223733,0.44162040969457383,0.5907536334035792,0.5787349451309692,0.0,0.0,0.0,0.0,0.0,0.0,0.0,1
SGSM1,0.6552049877196297,0.17011515248380768,0.037555062979223106,0.46023749424768917,0.8268365927155078,0.0,0.8339971014022716,0.0,0.0,0.0,0.0,0.0,0.0,0.0,1
PHYHIPL,0.8881541658794634,0.29892762822415536,0.27206859423035223,0.0,0.6926590463309216,0.0,0.0,0.0,0.0,0.0,0.0,0.0,0.0,0.0,1
PLEKHH2,0.6793878707727187,0.33363624601380615,0.11155565844823669,0.416023400212573,0.20361246264362948,0.0,0.0,0.0,0.0,0.0,1.0,1.0,0.0,0.0,1
ERG,0.8150387303986397,0.3716068832720658,0.3783940915452386,0.7742693912509366,0.4864739483346214,0.6592062420894317,0.0,0.0,0.0,0.0,0.0,0.0,0.0,0.0,1
MAST1,0.9351974305686757,0.33532738163192305,0.8897940808158623,0.0,0.9159654876607164,0.0,0.0,0.0,0.0,1.0,0.0,0.0,0.0,0.0,1
APLP1,0.8110712261477423,0.4063976984724981,0.7900948567260112,0.4763733170717177,0.86752360448655,0.0,0.7714313007430943,0.0,0.0,0.0,0.0,0.0,0.0,0.0,1
OLFML2A,0.5031173247685623,0.28171183718823967,0.666920841324669,0.2901065413556171,0.2821219100161654,0.0,0.4991938680058454,0.0,0.0,0.0,0.0,0.0,0.0,0.0,1
PSD2,0.9351974305686757,0.32134012223059416,0.17038047499155468,0.746532452182435,0.4990111039717467,0.0,0.0,0.0,0.0,0.0,0.0,0.0,0.0,0.0,1
ADGRD1,0.48573587757415454,0.29673569726998045,0.6915844601388811,0.6107057738288811,0.6955486318058623,0.5948206235306894,0.5571215148195566,0.0,0.0,0.0,0.0,0.0,0.0,0.0,1
CREB3L1,0.6442471188361987,0.3222001506952531,0.1719846580341001,0.2523516073976982,0.5313503252864062,0.6679495673143733,0.0,0.0,0.0,0.0,0.0,0.0,0.0,0.0,1
PTPN21,0.5611184583412054,0.2353509753331659,0.33367220506777245,0.3452806434592814,0.0,0.7429687464124765,0.8968691971275815,0.0,0.0,0.0,0.0,0.0,0.0,0.0,1
PDGFD,0.9185716984696769,0.11145816684552193,0.14240024876743834,0.22048918122734065,0.35533471633229646,0.6796345999744315,0.0,0.0,0.0,0.0,0.0,0.0,0.0,0.0,1
L3MBTL4,0.9351974305686757,0.27964929104733205,0.42590615474391613,0.5889820909575038,0.21008308228959732,0.6218136775537897,0.0,0.0,0.0,0.0,0.0,0.0,0.0,0.0,1
TNXB,0.6425467598715284,0.3823793106072713,0.4113913936719769,0.6463760266824831,0.7627781364855678,0.7444883447189753,0.7528085159304688,0.0,0.0,0.0,0.0,0.0,0.0,0.0,1
SNX20,0.9351974305686757,0.10075271517836071,0.8692049232458344,0.0,0.9939169707803825,0.0,0.732416501580031,0.0,0.0,0.0,0.0,0.0,0.0,0.0,1
BIK,0.6672964292461742,0.13442473228759957,0.1287734878977701,0.11478976981931602,0.0892639762079715,0.0,0.5291371610723619,0.0,0.0,0.0,0.0,0.0,0.0,0.0,1
LEPR,0.6393349707160401,0.25660966124011536,0.37969991865083336,0.926246813429401,0.0,0.0,0.0,0.0,0.0,0.0,1.0,0.0,0.0,0.0,1
IGFBP6,0.46722085773663324,0.317157187326377,0.02197842787307066,0.44619632850596286,0.649038944270321,0.0,0.0,0.0,0.0,0.0,0.0,0.0,0.0,0.0,1
VCAN,0.5505384470054789,0.2663454878949091,0.11669468680779264,0.27685258042041977,0.0,0.0,0.0,0.0,0.0,0.0,0.0,0.0,0.0,0.0,1
ARAP3,0.6606839221613452,0.3107351340654992,0.034786855192200025,0.7095649755566457,0.3417075911876088,0.0,0.0,0.0,1.0,0.0,0.0,0.0,0.0,0.0,1
RHCG,0.9351974305686757,0.31302752852174043,0.2644194594973509,0.3938724679567083,0.7267750096835895,0.5054371991108186,0.0,0.0,0.0,0.0,0.0,0.0,0.0,0.0,1
MSRB3,0.9351974305686757,0.4076550144226013,0.05330516644644118,0.6210408050098213,0.13905865314771387,0.0,0.0,0.0,0.0,0.0,1.0,0.0,0.0,0.0,1
ST8SIA1,0.9351974305686757,0.39655227526999565,0.1215274289750501,0.40802709249495456,0.0685566250626677,0.0,0.0,0.0,0.0,0.0,0.0,0.0,0.0,0.0,1
MATN4,0.9351974305686757,0.5421862989093622,0.6485528173717778,0.9282690723934436,0.47305599409579363,0.0,0.8153438991407006,0.0,0.0,0.0,0.0,0.0,0.0,0.0,1
STRIP2,0.9351974305686757,0.40242786796660357,0.05442294362757594,0.7842721805571855,0.49011542711874245,0.0,0.0,0.0,0.0,0.0,0.0,0.0,0.0,0.0,1
TMC2,0.574721330058568,0.4138974511191786,0.3554079525342569,0.0,0.21651955934193853,0.0,0.7722975689420939,0.0,0.0,1.0,1.0,0.0,0.0,0.0,1
ESRP2,0.5308898545248442,0.018629890936213256,0.2282160126973396,0.0,0.0,0.7542019129544077,0.0,0.0,0.0,0.0,0.0,0.0,0.0,0.0,1
CEP112,0.9351974305686757,0.5793410507569013,0.05995182606137484,0.6346262625865825,0.19165863017053383,0.0,0.0,0.0,1.0,0.0,0.0,0.0,0.0,0.0,1
RASL12,0.9351974305686757,0.24730460990478798,0.172395322896609,0.17877461049931168,0.8784700702695427,0.0,0.8695525125892417,0.0,0.0,0.0,0.0,0.0,0.0,0.0,1
TNFRSF1B,0.4502172680899301,0.14277994687611784,0.5105756614500189,0.0,0.6022371265549679,0.6972067601447652,0.6020992981688217,0.0,0.0,0.0,0.0,0.0,0.0,0.0,1
KIF25,0.0,0.18088301329619236,0.4942671217732001,0.7728412817282537,0.45681664551816675,0.8133408352862352,0.8785566423949129,0.0,1.0,0.0,0.0,0.0,0.0,0.0,1
PCBP3,0.9351974305686757,0.3649443264759382,0.4873417241695791,0.5408655759934683,0.6070533513500517,0.6708388813433032,0.7796155482558669,0.0,0.0,0.0,0.0,0.0,0.0,0.0,1
GPC2,0.9351974305686757,0.4011446750538469,0.2290424786556893,0.9107754652375671,0.6163850563143569,0.0,0.9130281980872381,0.0,0.0,0.0,0.0,0.0,0.0,0.0,1
SLC19A3,0.04553183449839407,0.2338881658561089,0.18942514935593657,0.9075092711740865,0.0,0.8188783384990862,0.0,0.0,0.0,0.0,0.0,1.0,0.0,0.0,1
CDH23,0.9172491970527111,0.30346522973415224,0.2930909375627284,0.0,0.494180135198464,0.9438046320075263,0.8310567526264873,0.0,0.0,0.0,0.0,0.0,0.0,0.0,1
LIN9,0.7320989986774986,0.8896164881917332,0.03943618803872879,0.5008561689772487,0.21704909072458609,0.0,0.0,0.0,1.0,0.0,0.0,0.0,0.0,0.0,1
FBLN2,0.5947477800869072,0.32651399258701125,0.5131777335138344,0.6925669886625491,0.7079666929517794,0.6324355576889872,0.3945032466865332,0.0,0.0,0.0,0.0,0.0,0.0,0.0,1
GNG7,0.5486491592669563,0.21944577634693396,0.5350195650695554,0.5774056662586989,0.35049140262878836,0.6059903244064633,0.7118204092704935,0.0,0.0,0.0,1.0,0.0,0.0,0.0,1
SGK1,0.9351974305686757,0.2578000015221742,0.21529318838314224,0.42069903908125267,0.2321740365787611,0.8943939084538527,0.05732300569050488,1.0,0.0,0.0,0.0,0.0,0.0,0.0,1
USP2,0.015681088229737378,0.06011675076679493,0.152493635509592,0.4413464396441751,0.23464757220107318,0.2292434341479272,0.0,0.0,0.0,0.0,0.0,0.0,0.0,0.0,1
MYT1,0.9351974305686757,0.6040794270536035,0.5544428277668756,0.6473368754666038,0.7872366648400779,0.0,0.8019230705608806,0.0,0.0,0.0,0.0,1.0,0.0,0.0,1
LPL,0.5618741734366144,0.0775760896865082,0.2394770625003198,0.35665180346715075,0.7392174432526859,0.5136412791604308,0.782697362326146,0.0,0.0,0.0,0.0,1.0,0.0,0.0,1
SOX8,0.7370111467976572,0.5950179236020734,0.6281692628066853,0.6976832294456025,0.8453751092329681,0.0,0.0,0.0,0.0,0.0,0.0,0.0,0.0,0.0,1
SMYD3,0.7343661439637257,0.8855477163580464,0.26869435645191614,0.9152748658269323,0.9492676394102689,0.0,0.9327252841480803,1.0,0.0,1.0,0.0,1.0,0.0,0.0,1
SLC5A8,0.6567164179104477,0.3080637182150984,0.20977160831341415,0.4630791802284749,0.18548531370691018,0.822653145290969,0.0,0.0,0.0,0.0,0.0,0.0,0.0,0.0,1
MS4A15,0.9351974305686757,0.31589073833063147,0.6564639186216239,0.893114485520092,0.8880286230601522,0.8397438526604957,0.0,0.0,0.0,0.0,0.0,0.0,0.0,0.0,1
MICAL3,0.7899112034762894,0.158854107206734,0.20478610322147334,0.5007269204201251,0.481351168664456,0.900246436016802,0.9379526047791188,0.0,0.0,0.0,0.0,0.0,0.0,0.0,1
LINGO1,0.9351974305686757,0.2816661719600277,0.31025380363916744,0.6600296675200984,0.4971626027396522,0.7713257089989682,0.8138439868988796,0.0,0.0,0.0,0.0,0.0,0.0,0.0,1
LAMP3,0.9351974305686757,0.47147369302311426,0.22913781378733317,0.4178593044540906,0.0,0.5736517687014699,0.0,0.0,0.0,0.0,0.0,0.0,0.0,0.0,1
SLC50A1,0.9351974305686757,0.9041715185971643,0.03763421267742985,0.21854232825605127,0.39998316896068875,0.0,0.0,0.0,0.0,0.0,0.0,0.0,0.0,0.0,1
TEKT5,0.9140374078972228,0.6323157598313436,0.7433195648617108,0.0,0.0,0.0,0.0,0.0,0.0,0.0,0.0,0.0,0.0,0.0,1
ADRA1A,0.7186850557339883,0.08299046357817505,0.3863825636205992,0.720181696322157,0.09427845086174474,0.6162928874772993,0.0,0.0,0.0,0.0,0.0,0.0,0.0,0.0,1
UNC13A,0.6094842244473833,0.3350549124369249,0.44711570463251255,0.23974165615986234,0.6200651190808865,0.6337371460033597,0.4902615802610563,0.0,0.0,0.0,0.0,0.0,0.0,0.0,1
CMTM7,0.5248441337615719,0.2696973156456683,0.07784965501902218,0.30157897882528906,0.27222822722854484,0.0,0.0,0.0,0.0,0.0,0.0,0.0,0.0,0.0,1
ITGA9,0.5121859059134706,0.24888462680092238,0.23055414725655374,0.0447267849003336,0.44223795192809623,0.0,0.8416195741814856,0.0,0.0,0.0,0.0,0.0,0.0,0.0,1
MANEAL,0.6109956546382014,0.24960918175521912,0.07507439076469272,0.9236877375300034,0.5111340853276467,0.0,0.873473559773691,0.0,0.0,0.0,0.0,0.0,0.0,0.0,1
THSD7B,0.030417532590213486,0.23705733269402018,0.19363515889875116,0.10323329265009272,0.1062645454690715,0.0,0.346616490296569,0.0,0.0,1.0,0.0,0.0,0.0,0.0,1
TRPS1,0.9351974305686757,1.0,0.1281011453793121,0.06439433752297886,0.060535531687764585,0.4238689474188964,0.6816470835463619,0.0,0.0,0.0,0.0,0.0,0.0,0.0,1
C1QTNF1,0.772718685055734,0.4748787968734543,0.775474007699335,0.5394326854159676,0.45042241020965645,0.0,0.0,0.0,0.0,0.0,0.0,0.0,0.0,0.0,1
ADRA2C,0.608539580578122,0.2032254872860394,0.24547396887307557,0.7672916782228258,0.44933406859767927,0.0,0.0,0.0,0.0,0.0,0.0,0.0,0.0,0.0,1
MEST,0.8074815794445493,0.3995951016431871,0.6678549609337951,0.7058392518498887,0.0,0.0,0.0,0.0,0.0,0.0,0.0,0.0,0.0,0.0,1
ADGRL4,0.5061401851501983,0.2457474256227595,0.6516359645626526,0.8339960113486782,0.6813748403575884,0.0,0.4391190974625234,0.0,0.0,0.0,0.0,1.0,0.0,0.0,1
BTN1A1,0.7970904968826753,0.37473495140458635,0.346695550630578,0.8939511489568682,0.5665292048697882,0.0,0.0,0.0,0.0,0.0,0.0,0.0,0.0,0.0,1
CPNE4,0.6914793122992632,0.3721152894794926,0.12559219996634435,0.11745148994230273,0.5495273489104802,0.0,0.0,0.0,0.0,0.0,0.0,0.0,0.0,0.0,1
MEOX1,0.541847723408275,0.24315972935741403,0.2981507067970439,0.6355514794135397,0.0,0.8538689099612363,0.9136969502912845,0.0,0.0,0.0,0.0,0.0,0.0,0.0,1
ISL2,0.9351974305686757,0.2760874032467977,0.42515274297147554,0.30002589553412673,0.2645152859902821,0.0,0.0,0.0,0.0,0.0,0.0,0.0,0.0,0.0,1
FMN2,0.7343661439637257,0.878235191147035,0.3769892013725374,0.5215694248208104,0.574249827298377,0.6482435850756769,0.48146988523455897,0.0,0.0,0.0,1.0,0.0,0.0,0.0,1
ADGRL3,0.9351974305686757,0.2843954304328302,0.15159945955337,0.252449561122731,0.0962579853154307,0.0,0.0,0.0,0.0,0.0,0.0,1.0,0.0,0.0,1
BIRC5,0.9351974305686757,0.49395011834905,0.0346140575689335,0.9570129233140845,0.9195013137311884,0.0,0.8842083194478945,0.0,0.0,0.0,0.0,0.0,0.0,0.0,1
GPR62,0.03910825618741731,0.1757730742592718,0.32988433270485423,0.5958033192079483,0.0,0.0,0.0,0.0,0.0,0.0,0.0,0.0,0.0,0.0,1
PKHD1L1,0.9351974305686757,0.9020069867799169,0.1478479831518758,0.8622640190193905,0.1292522581862028,0.8687311355388145,0.0,0.0,0.0,1.0,0.0,0.0,0.0,0.0,1
ACTN2,0.9351974305686757,0.8898341591128771,0.46463129086658894,0.5712999786456029,0.35747848841246327,0.0,0.7291883199339421,0.0,0.0,0.0,0.0,0.0,0.0,0.0,1
NKAIN1,0.49499338749291516,0.19585968597544728,0.2518777385097481,0.6196775414726496,0.2831803777671379,0.8062063787503566,0.130586439462474,0.0,0.0,0.0,0.0,0.0,0.0,0.0,1
PEBP4,0.5716984696769318,0.07442518893988168,0.24859974209916336,0.6454010149573114,0.8588040625836708,0.0,0.8704357328651928,0.0,0.0,0.0,0.0,0.0,0.0,0.0,1
PLSCR2,0.631211033440393,0.4150558257414892,0.1653573726403914,0.5288398739095309,0.19361031282908847,0.0,0.7869910622776983,0.0,0.0,0.0,0.0,0.0,0.0,0.0,1
TPM3,0.7203854146986586,0.8858414959928764,0.025433024171849745,0.050325808715229424,0.055120927767497205,0.3439871394324885,0.0,1.0,1.0,0.0,1.0,0.0,0.0,0.0,1
PTPRB,0.9351974305686757,0.4500977996970873,0.04050007172648557,0.41434785899277987,0.0,0.0,0.0,0.0,0.0,1.0,1.0,0.0,0.0,0.0,1
ADGRB2,0.6062724352918949,0.2206467718489089,0.2947351350997938,0.4726428449061106,0.8301993127673474,0.20111129424323768,0.7302125856580374,0.0,0.0,0.0,0.0,0.0,0.0,0.0,1
CADM2,0.9351974305686757,0.2757053375040908,0.13220352841334526,0.05299243087699675,0.48845156032332604,0.0,0.6940240879856813,0.0,0.0,0.0,0.0,0.0,0.0,0.0,1
GGH,0.9351974305686757,0.7258792459148651,0.04367429283385243,0.41359797227363465,0.25118110204805416,0.0,0.0,0.0,0.0,0.0,0.0,0.0,0.0,0.0,1
KCNJ6,0.8488569809181938,0.3687040969320578,0.2967303456171226,0.6107579466763997,0.5782551886177186,0.49075746193598124,0.0,0.0,0.0,0.0,0.0,0.0,0.0,0.0,1
ABTB1,0.7213300585679199,0.36366265573745543,0.1718785618023535,0.0,0.9626512258285523,0.0,0.8885592346757392,0.0,0.0,0.0,0.0,0.0,0.0,0.0,1
SLC35F3,0.9351974305686757,0.9049508718253158,0.6613326402332893,0.5790002012309323,0.697401780298267,0.0,0.3236055707174009,0.0,0.0,0.0,0.0,0.0,0.0,0.0,1
SOX6,0.546948800302286,0.2867197905488199,0.22859038416251726,0.5488949103675839,0.215442662082042,0.810684748304404,0.0,0.0,0.0,0.0,0.0,0.0,1.0,0.0,1
CTPS1,0.7132061212922729,0.2801013768066306,0.09606311621912715,0.6368052816765715,0.38953383906922634,0.0,0.0,0.0,0.0,0.0,0.0,0.0,0.0,0.0,1
CRABP2,0.774230115246552,0.8793265901013009,0.06414815697773665,0.22891982455341245,0.3475609411473314,0.0,0.0,0.0,0.0,0.0,0.0,0.0,0.0,0.0,1
SHISA3,0.6200642357831098,0.23327625179806827,0.25912694828546284,0.4493650790715768,0.33318928345694593,0.0,0.6016114579497657,0.0,0.0,0.0,0.0,0.0,0.0,0.0,1
ILDR1,0.7048932552427736,0.35344277766361476,0.5330549328036158,0.5496767196406301,0.6786064049369419,0.0,0.3391739834250929,0.0,0.0,0.0,0.0,0.0,0.0,0.0,1
CIT,0.48573587757415454,0.30857669094534634,0.4062845045658314,0.7305123102674105,0.38743077259471465,0.7181373900435296,0.5135387305766655,0.0,0.0,0.0,0.0,1.0,0.0,0.0,1
MME,0.9351974305686757,0.44113371539907603,0.2021812283575014,0.39765747909796045,0.12373781315424019,0.7216976853262114,0.0,0.0,0.0,0.0,0.0,0.0,0.0,0.0,1
ADRA2B,0.7007368222180238,0.3187493816167013,0.44359333298774084,0.8450833172606818,0.04283046051295964,0.7859959254958602,0.0,0.0,0.0,0.0,0.0,0.0,0.0,0.0,1
MUC1,0.9351974305686757,0.8976170361744719,0.4376892501997839,0.12718113456289504,0.34214186746776637,0.0,0.0,0.0,0.0,0.0,0.0,0.0,0.0,0.0,1
LRP8,0.6378235405252219,0.26923761901500104,0.6572192887172442,0.8236936232238968,0.97516719774478,0.8792831049818658,0.0,0.0,0.0,0.0,0.0,0.0,0.0,0.0,1
KLHDC9,0.9351974305686757,0.9211041852181657,0.16676801150358855,0.09805444377752047,0.8056468353000398,0.0,0.0,0.0,0.0,0.0,0.0,0.0,0.0,0.0,1
HAAO,0.5514830908747401,0.337912033548721,0.2729415190619149,0.3991162594158276,0.6012740543132499,0.0,0.0,0.0,0.0,0.0,1.0,0.0,0.0,0.0,1
TMEM132C,0.48573587757415454,0.2903790975028731,0.36640985955399286,0.4510433380587944,0.546977943354891,0.5162068030825051,0.8721156428117672,0.0,0.0,0.0,0.0,0.0,0.0,0.0,1
NPR2,0.9351974305686757,0.311362269866277,0.3384184105385425,0.0,0.8513345778158128,0.0,0.0,0.0,0.0,0.0,0.0,0.0,0.0,0.0,1
SCNN1B,0.698658605705649,0.5994596281328253,0.14833309170053272,0.325934343492753,0.7451016855827386,0.4311313431402604,0.0,0.0,0.0,0.0,0.0,0.0,0.0,0.0,1
TAS1R3,0.0253164556962025,0.15959540607804193,0.5391692634581238,0.537395654452136,0.9261094850882648,0.0,0.0,0.0,0.0,0.0,0.0,0.0,0.0,0.0,1
LTBP4,0.9351974305686757,0.3813761977608817,0.31995668807809347,0.5951635637750492,0.26749053289671487,0.6453188492408038,0.8911879883847014,0.0,0.0,0.0,0.0,0.0,0.0,0.0,1
HS6ST3,0.9351974305686757,0.22551620735057956,0.09141760094918305,0.0,0.37152156653951096,0.0,0.8142808990411152,0.0,0.0,0.0,0.0,0.0,0.0,0.0,1
ADGRA2,1.0,0.7877525857935477,0.289224833968245,0.7934805065495244,0.47832930904349785,0.672073004567195,0.4263662664097225,0.0,0.0,0.0,0.0,0.0,0.0,0.0,1
TMEM215,0.8071037218968449,0.28215631207616954,0.2204508819270223,0.1803511897861334,0.0,0.0,0.0,0.0,0.0,0.0,0.0,1.0,0.0,0.0,1
JPH4,0.9351974305686757,0.32191245975751764,0.3733467265302384,0.8911076016878111,0.5272200439359314,0.6180603451997726,0.8577240210666734,0.0,0.0,0.0,0.0,1.0,0.0,0.0,1
CDH15,0.5392027205743435,0.012388976413909514,0.4363482416228779,0.5334554338392177,0.5748361543558171,0.8004420788046049,0.7517723997468732,0.0,0.0,0.0,0.0,0.0,0.0,0.0,1
AFAP1L2,0.7515586623842812,0.21564186283687625,0.10156991411354498,0.4514402501353662,0.43519596690296714,0.7622977796816066,0.0,0.0,0.0,0.0,0.0,0.0,0.0,0.0,1
USH1G,0.9351974305686757,0.4934843330212878,0.7064626819337401,0.845921649713844,0.0,0.0,0.0,0.0,0.0,0.0,0.0,0.0,0.0,0.0,1
KCNK3,0.4813905157755526,0.3194785030938192,0.4979984179465026,0.6043236621842091,0.6487096325597602,0.5451361157680742,0.7850747024912887,0.0,0.0,0.0,0.0,0.0,0.0,0.0,1
KLF15,0.529378424334026,0.35067089831114767,0.1881198493281521,0.6891965100153686,0.4762489872372833,0.8378117994673094,0.510156515984804,0.0,0.0,0.0,0.0,0.0,0.0,0.0,1
MUC5AC,0.47591158133383715,0.23696752441187002,0.7102434518340527,0.5492387287569918,0.7278269325802291,0.5553480530530793,0.6848759223486816,0.0,0.0,0.0,0.0,0.0,0.0,0.0,1
FLNC,0.9351974305686757,0.3987563836183606,0.42534201004872074,0.6433243722710243,0.38985583790384953,0.8712885228376377,0.8370153248212789,0.0,0.0,0.0,0.0,0.0,0.0,0.0,1
FBXO43,0.9351974305686757,0.9088324162233332,0.10044650771332016,0.9302181204666338,0.05812578601155838,0.0,0.0,0.0,0.0,0.0,0.0,0.0,0.0,0.0,1
DMBX1,0.46778764405819007,0.2587239613063299,0.242352135620916,0.5172005117299855,0.6662038850551424,0.0,0.7025749667548539,0.0,0.0,0.0,0.0,0.0,0.0,0.0,1
LRRC3B,0.47874551294162104,0.27901454437518547,0.428716787227433,0.0,0.5678994692373319,0.0,0.7316928373721041,0.0,0.0,0.0,0.0,0.0,0.0,0.0,1
UNC5B,0.9351974305686757,0.2970888417014864,0.06735561139497945,0.3815846927764801,0.8974112618320362,0.0,0.0,0.0,0.0,0.0,0.0,0.0,0.0,0.0,1
FOXD1,0.5505384470054789,0.25583639670905917,0.17513735258782842,0.0,0.17726447485902208,0.0,0.0,0.0,0.0,0.0,0.0,0.0,0.0,0.0,1
HCN2,0.47402229359531456,0.20548287173398483,0.6155696487076974,0.09358919240631912,0.7464517895679803,0.738888639812393,0.8513882041288274,0.0,0.0,0.0,0.0,0.0,0.0,0.0,1
TSLP,0.546948800302286,0.2797543210722196,0.11752274466700133,0.41657287773055446,0.22614339130881772,0.343226204484173,0.8244064761354695,1.0,1.0,0.0,0.0,0.0,0.0,0.0,1
TBX18,0.5832231248819195,0.21563272979123366,0.34981173498635637,0.4178163653949608,0.31136153425707264,0.0,0.0,0.0,0.0,0.0,0.0,0.0,0.0,0.0,1
OTX1,0.51464197997355,0.3493009414647883,0.25222019222634434,0.6772787531029058,0.6866208433215477,0.0,0.0,0.0,1.0,0.0,0.0,0.0,0.0,0.0,1
BRSK2,0.47591158133383715,0.23506785091825172,0.6583698812012685,0.5294250912089806,0.630747788729575,0.8751397788051968,0.5551702270091449,0.0,0.0,0.0,0.0,0.0,0.0,0.0,1
CDH7,0.5592291706026828,0.22930946564072102,0.11421535813100471,0.19452121762432983,0.0,0.0,0.0,0.0,0.0,0.0,1.0,0.0,0.0,0.0,1
EPHA10,0.6109956546382014,0.2486395567428515,0.33346030816232225,0.30912894840418975,0.18899032702824659,0.0,0.0,0.0,0.0,0.0,0.0,0.0,0.0,0.0,1
PLD1,0.9329302852824485,0.48544573068170593,0.05647172993814506,0.18928243094578678,0.6346662718458256,0.0,0.0,0.0,0.0,0.0,1.0,0.0,0.0,0.0,1
SPNS2,0.5324012847156622,0.047140215083224635,0.705193991754608,0.0,0.7018979008274082,0.6386486250033352,0.0,0.0,0.0,0.0,0.0,1.0,0.0,0.0,1
STAT5A,0.7791422633667108,0.25863110867563227,0.2488774962429181,0.5241472238705354,0.5445476330620431,0.8875743056789013,0.9050722525758594,0.0,0.0,0.0,1.0,0.0,0.0,0.0,1
OLFML2B,0.9351974305686757,0.9211468060978304,0.24622038605945978,0.828520542888383,0.3470650976305781,0.6621837885504509,0.7802226838966729,0.0,0.0,1.0,1.0,0.0,0.0,0.0,1
KCNJ8,0.9351974305686757,0.39118508878081454,0.11333055554704119,0.7745572185257863,0.0,0.0,0.0,0.0,0.0,0.0,0.0,0.0,0.0,0.0,1
PTK6,0.9351974305686757,0.6014491099085935,0.5426636697966399,0.5213235937490718,0.25962372276685564,0.0,0.0,0.0,0.0,0.0,0.0,0.0,0.0,0.0,1
MATN2,0.9351974305686757,0.8930505133532739,0.09049990597851015,0.36018417392204377,0.5177658241086182,0.0,0.0,0.0,0.0,0.0,0.0,0.0,0.0,0.0,1
CCDC158,0.9351974305686757,0.30813373823169016,0.21823692576435716,0.6297060382752202,0.396374538724347,0.0,0.0,0.0,0.0,0.0,0.0,0.0,0.0,0.0,1
PAX2,0.5877574154543737,0.22042149005639658,0.21479725008724218,0.551547132302639,0.24421813808683887,0.0,0.7714101864197882,0.0,0.0,0.0,0.0,1.0,0.0,0.0,1
CSPG5,0.4332136784432269,0.1909963391708715,0.16324047453919746,0.7174561024890116,0.7740039705244011,0.9363392485778468,0.0,0.0,0.0,0.0,0.0,1.0,0.0,0.0,1
SLC17A9,0.9351974305686757,0.596874976216027,0.38511117289617086,0.7876984764108234,0.7889685313985015,0.8434636680071405,0.8276846694466895,0.0,0.0,0.0,1.0,0.0,0.0,0.0,1
CKM,0.9351974305686757,0.3500589842531072,0.28188824491112735,0.5817631905955851,0.4383405102089231,0.7159257818240601,0.0,0.0,0.0,0.0,0.0,0.0,0.0,0.0,1
GPX3,0.6363121103344039,0.3101521413186596,0.18365142786290384,0.6731756894991271,0.36258866355703223,0.0,0.6967259321877534,0.0,0.0,0.0,0.0,1.0,0.0,0.0,1
GAL3ST1,0.6287549593803137,0.15864709150550643,0.8809881267440294,0.0,0.0,0.0,0.0,0.0,0.0,0.0,0.0,0.0,0.0,0.0,1
LRFN5,0.6533156999811072,0.3031455731366684,0.17044793483923584,0.20832036305004217,0.21682740997916633,0.0,0.23518842281645594,0.0,0.0,0.0,0.0,0.0,0.0,0.0,1
NFIX,0.9351974305686757,0.3521413186595733,0.49440091784317347,0.4542292403202758,0.6654437968177517,0.6361052286404272,0.7278705289123514,0.0,0.0,0.0,1.0,0.0,0.0,0.0,1
PDZRN3,0.03721896844889472,0.2152278314344208,0.9310630727265563,0.9246589633365184,0.8364392427485322,0.0,0.0,0.0,0.0,0.0,0.0,0.0,0.0,0.0,1
HIC1,0.4496504817683733,0.040263031714500574,0.20566970949305763,0.0,0.0,0.0,0.0,0.0,0.0,0.0,0.0,0.0,0.0,0.0,1
CD70,0.014925373134328346,0.2708237246082304,0.18716708500553494,0.17888470920260197,0.15222488773128065,0.0,0.0,0.0,0.0,0.0,0.0,0.0,0.0,0.0,1
E2F1,0.5873795579066692,0.4862616160924266,0.23270252889062434,0.5394371886230636,0.8757158706930424,0.943816990636725,0.9088139625858339,0.0,0.0,0.0,0.0,0.0,0.0,0.0,1
ADRA1B,0.6589835631966748,0.3139773652685496,0.3496201498136122,0.0,0.0,0.0,0.0,0.0,0.0,0.0,0.0,0.0,0.0,0.0,1
KIF19,0.9351974305686757,0.5143655197083514,0.33099069899446837,0.5230912211720983,0.47129070992620975,0.4920583963951087,0.8758301340964317,0.0,1.0,0.0,0.0,0.0,0.0,0.0,1
FBXO32,0.9351974305686757,0.918991407326225,0.028544606483972664,0.7614027572887492,0.05220908636033971,0.0,0.0,0.0,0.0,0.0,1.0,0.0,0.0,0.0,1
CTIF,0.5582845267334215,0.23873020222085212,0.36705173520202644,0.7220045816167008,0.38261067069448085,0.8611188241816966,0.8634202963351729,0.0,0.0,0.0,0.0,0.0,0.0,0.0,1
MARK1,0.7746079727942565,0.8963018776019668,0.0887625459839939,0.14935340383790854,0.2996214038592102,0.0,0.8626600076148767,0.0,0.0,0.0,0.0,0.0,0.0,0.0,1
DLL3,0.9351974305686757,0.42332427639640463,0.228832628894244,0.5989790791683152,0.8025091102156761,0.0,0.0,0.0,0.0,0.0,1.0,0.0,0.0,0.0,1
KCNE4,0.6408464009068582,0.24570023822027387,0.485564188583872,0.4778598337551033,0.0,0.8257956995865102,0.0,0.0,0.0,0.0,0.0,1.0,0.0,0.0,1
SYT14,0.8059701492537313,0.8976063809545556,0.31530651907611884,0.20799011461644523,0.5576970193514529,0.0,0.6722940500141759,0.0,0.0,0.0,0.0,0.0,0.0,0.0,1
HIF3A,0.5446816550160589,0.3198468692680625,0.5184267543569043,0.778376370512231,0.6958044104209463,0.4619250268719228,0.0,0.0,0.0,0.0,1.0,0.0,0.0,0.0,1
ATOH8,0.750047232193463,0.34269318294251505,0.15145107253372342,0.6003710848428588,0.26567901821426865,0.22684403365726727,0.7887269423084249,0.0,0.0,0.0,0.0,1.0,0.0,0.0,1
PLCXD3,0.6007935008501795,0.4433073802619665,0.3466159297260653,0.475889691393058,0.17778646492970607,0.0,0.0,0.0,0.0,0.0,0.0,1.0,0.0,0.0,1
JAM3,0.9351974305686757,0.11256935406534682,0.2823204967502192,0.28041105828754703,0.655610124896756,0.8401367107011503,0.0,0.0,0.0,0.0,0.0,0.0,0.0,0.0,1
IRX1,0.9210277725297562,0.4900426969883783,0.31627574923123863,0.0,0.0,0.0,0.0,0.0,0.0,0.0,0.0,0.0,0.0,0.0,1
MBNL2,0.9351974305686757,0.23238882419648227,0.9446547399126082,0.1136572536302039,0.0,0.0,0.0,0.0,1.0,0.0,0.0,0.0,0.0,0.0,1
NPR3,0.6007935008501795,0.4519304975226616,0.14339884397075162,0.6390955297504234,0.3600272691990433,0.0,0.0,0.0,0.0,0.0,1.0,0.0,0.0,0.0,1
WNT7B,0.5119969771396183,0.12686865919279078,0.34530844385399506,0.5405017815152867,0.7067362076853471,0.9033869820149725,0.6289508168247602,0.0,0.0,0.0,0.0,0.0,0.0,0.0,1
TRPC6,0.6801435858681277,0.13248243791431671,0.24455387893070613,0.3050628236108882,0.0,0.0,0.0,0.0,0.0,0.0,0.0,0.0,0.0,0.0,1
PLIN1,0.9351974305686757,0.3227557443051655,0.27069362829864013,0.0,0.5416121485399243,0.0,0.8315128026524242,0.0,0.0,0.0,0.0,0.0,0.0,0.0,1
GFOD1,0.9081806159078027,0.44708237246082305,0.34992484820182185,0.0,0.9553253217657633,0.8709637309292259,0.0,0.0,0.0,0.0,0.0,1.0,0.0,0.0,1
GPR139,0.7364443604761005,0.6103660068041195,0.11773929033185149,0.4572555039683191,0.25396627125030746,0.3781896613559282,0.0,0.0,0.0,0.0,0.0,0.0,0.0,0.0,1
CRB2,0.5490270168146609,0.2820238829143548,0.6403420270040708,0.6169885181870707,0.8411999495584063,0.9398440685579351,0.0,0.0,0.0,0.0,0.0,0.0,0.0,0.0,1
PRSS12,0.5911581333837144,0.22435326620544788,0.13787737181434068,0.34066877289250364,0.5033772114449595,0.6916848605372159,0.0,0.0,0.0,0.0,0.0,0.0,0.0,0.0,1
LVRN,0.546948800302286,0.2818396998272332,0.5143380568727277,0.2807076063060301,0.7439600538858122,0.0,0.0,0.0,0.0,0.0,0.0,1.0,0.0,0.0,1
PFKFB3,0.8809748724730777,0.4511267895061307,0.2562953854816603,0.7615243470489442,0.8126277345611738,0.871966263184829,0.9020327865411002,0.0,0.0,0.0,0.0,0.0,0.0,0.0,1
S100B,0.8439448327980351,0.3700984085667968,0.9028809264441452,0.0,0.17298840669388085,0.0,0.8364557455317925,0.0,0.0,0.0,0.0,0.0,0.0,0.0,1
EEF1A2,0.9351974305686757,0.599397218987602,0.47151694375218156,0.9921477443589016,0.8090622504349132,0.0,0.0,0.0,1.0,0.0,0.0,0.0,0.0,0.0,1
EBF1,0.6589835631966748,0.3144766384303339,0.40005932853083065,0.6472129297655327,0.4178840440393852,0.5652281532534399,0.6930568324001206,0.0,0.0,0.0,0.0,1.0,0.0,0.0,1
KCNJ12,0.9351974305686757,0.25971946328135104,0.14022772239859926,0.7998141513156626,0.3655333374781765,0.0,0.6673838352491359,0.0,0.0,0.0,0.0,0.0,0.0,0.0,1
SYN2,0.5936142074437937,0.33049600048709576,0.42048356406137405,0.43385886310011496,0.0,0.0,0.7812635831892536,0.0,0.0,0.0,1.0,0.0,0.0,0.0,1
LIMCH1,0.8756848668052144,0.23965568417928157,0.15918170655069525,0.8042343967737662,0.4289802899792682,0.5425597057602137,0.8312412876275923,0.0,0.0,0.0,0.0,1.0,0.0,0.0,1
AARD,0.9351974305686757,0.966015937164646,0.10401389493511967,0.17085354873927253,0.7474949736239782,0.0,0.7132339011675589,0.0,0.0,0.0,0.0,0.0,0.0,0.0,1
CPM,0.9351974305686757,0.44974161091703385,0.32138152538427694,0.0,0.8452741430786637,0.0,0.6746362628315857,0.0,0.0,0.0,0.0,0.0,0.0,0.0,1
CDH2,0.9351974305686757,0.2753202274128365,0.15680932984440357,0.6439245434570641,0.09143427903769503,0.0,0.0,0.0,0.0,0.0,0.0,0.0,0.0,0.0,1
RACGAP1,0.4396372567542036,0.31468822065438273,0.20485814124893234,0.03979304022103599,0.042097750215720466,0.0,0.0,0.0,0.0,0.0,0.0,0.0,0.0,0.0,1
ATP2B2,0.5936142074437937,0.33448714143282265,0.4827791076275634,0.4667071661995245,0.4001636228787995,0.38788461378922623,0.7516440941261587,0.0,0.0,0.0,0.0,0.0,0.0,0.0,1
ECHDC3,0.8809748724730777,0.453362863514244,0.10133524264645383,0.3181122525811538,0.5444944549686435,0.0,0.0,0.0,0.0,0.0,0.0,0.0,0.0,0.0,1
PLEKHM3,0.9023238239183828,0.2758225449231682,0.309276682140772,0.6430828330222172,0.45691467206780917,0.9048185485246368,0.845998881064133,0.0,1.0,1.0,1.0,0.0,0.0,0.0,1
SYT9,0.5006612507084829,0.24551605513315222,0.13338527774268114,0.4798270260416887,0.7244874538784182,0.0,0.0,0.0,0.0,0.0,0.0,0.0,0.0,0.0,1
HOXD3,0.9351974305686757,0.27841480771133487,0.43369904423754624,0.5696982213185039,0.5746926822827363,0.0,0.8714555052853921,0.0,0.0,0.0,0.0,0.0,0.0,0.0,1
ISLR2,0.9351974305686757,0.2677793760607652,0.3142140651546307,0.7099591744259489,0.2941305903479388,0.0,0.0,0.0,0.0,0.0,0.0,0.0,0.0,0.0,1
BMP6,0.8962781031551106,0.4062150375596502,0.1403167436151453,0.18486523152586337,0.5507136061575097,0.0,0.5021976350358806,0.0,0.0,0.0,0.0,0.0,0.0,0.0,1
NMNAT2,0.7895333459285849,0.8804880090721593,0.26162331400375205,0.5856162181598044,0.49692783914965394,0.8420095847229431,0.0,0.0,0.0,0.0,0.0,0.0,0.0,0.0,1
RASGEF1C,0.6438692612884942,0.3669246752060644,0.6104790018577708,0.4144213374562222,0.786012613581546,0.6996415539970565,0.7656666299876806,0.0,0.0,0.0,0.0,1.0,0.0,0.0,1
SLC16A12,0.5208766295106745,0.21511062401534348,0.22832308340265367,0.0,0.8495076765617964,0.8084032376626059,0.0,0.0,0.0,0.0,0.0,0.0,0.0,0.0,1
GCNT4,0.5505384470054789,0.25343592787938285,0.2614371480132812,0.5076982096926956,0.0,0.8393141915265471,0.422027900821496,0.0,0.0,0.0,0.0,0.0,0.0,0.0,1
SH2D2A,0.774230115246552,0.8797117001925553,0.10091053118264191,0.0,0.0,0.0,0.0,0.0,0.0,0.0,0.0,0.0,0.0,0.0,1
PAQR6,0.774230115246552,0.8757281701181974,0.32717779114904577,0.9167455960681932,0.4028695090166206,0.0,0.5995359738649604,0.0,0.0,0.0,0.0,1.0,0.0,0.0,1
CYP4F22,0.9351974305686757,0.34784878720764745,0.3865313534563254,0.8904265652300972,0.5329284965517682,0.7920488498949747,0.0,0.0,0.0,0.0,0.0,0.0,0.0,0.0,1
AOX1,0.5019837521254487,0.2744784650394623,0.16341484455168803,0.14747503788594088,0.5651671857273233,0.0,0.0,0.0,0.0,0.0,0.0,0.0,0.0,0.0,1
GLB1L3,0.9351974305686757,0.11315995768355502,0.222272927613245,0.408342250883914,0.616577038642825,0.7986004437400016,0.0,0.0,0.0,1.0,1.0,0.0,0.0,0.0,1
PKN3,0.49707160400529,0.2733931547822909,0.17785832337938343,0.7461424177902777,0.839251531724946,0.0,0.8876726451891171,0.0,0.0,0.0,0.0,0.0,0.0,0.0,1
KLB,0.7273757793311921,0.22609463357459791,0.18731968716640315,0.9304911741267943,0.12483240707616945,0.0,0.9482819911494986,0.0,0.0,1.0,0.0,0.0,0.0,0.0,1
CDH20,0.8571698469676933,0.24863651239430395,0.46396285467009474,0.7548828018695144,0.5101414872562287,0.14526013150636075,0.5537444743801636,0.0,0.0,0.0,0.0,0.0,0.0,0.0,1
SORBS2,0.5839788399773285,0.22602309138373256,0.8029525217977334,0.753124150234948,0.763415488594825,0.8739686180444042,0.0,0.0,0.0,0.0,1.0,1.0,0.0,0.0,1
PROM1,0.47591158133383715,0.19505902230746397,0.30325656598670725,0.7712097644816309,0.6366443638128173,0.5995533631751027,0.0,0.0,0.0,0.0,0.0,0.0,0.0,0.0,1
TMEM200B,0.4502172680899301,0.16533095874146636,0.15564634969104704,0.8073624798118152,0.0,0.0,0.0,0.0,0.0,0.0,0.0,0.0,0.0,0.0,1
NKAPL,0.7802758360098243,0.37661331445837243,0.6221457599138186,0.6555286000131246,0.0,0.0,0.0,0.0,0.0,0.0,0.0,0.0,0.0,0.0,1
GDPD5,0.9351974305686757,0.3960195142741893,0.2628457991560013,0.6904621381948929,0.0,0.6465603072595455,0.0,0.0,0.0,0.0,0.0,0.0,0.0,0.0,1
MT1E,0.52635556395239,0.03471013996392447,0.17985546326502042,0.4336178840964303,0.2636404211937215,0.0,0.0,0.0,0.0,0.0,1.0,0.0,0.0,0.0,1
CNTNAP2,0.6888343094653315,0.3719722050977617,0.25933974217833083,0.23748453648636583,0.24097340227757258,0.0,0.0,0.0,0.0,0.0,0.0,0.0,0.0,0.0,1
ULBP2,0.9351974305686757,0.2201748978240518,0.07056181154918023,0.4921063035724528,0.4672035139252987,0.0,0.0,0.0,0.0,1.0,0.0,0.0,0.0,0.0,1
CCL28,0.6854335915359909,0.4429085706022484,0.30236108443358173,0.0,0.0,0.8045109770768135,0.0,0.0,0.0,0.0,0.0,0.0,0.0,0.0,1
SLC2A6,0.5962592102777253,0.28367848634990217,0.2286342313223808,0.6659199557003118,0.7162963341403366,0.0,0.0,0.0,1.0,0.0,0.0,0.0,0.0,0.0,1
GRM8,0.9351974305686757,0.3977319603321385,0.12897463277822963,0.3966193724821751,0.03514387406446562,0.6495169283962051,0.0,0.0,0.0,0.0,0.0,0.0,0.0,0.0,1
TMEM125,0.920083128660495,0.28716883195957105,0.8992559196197383,0.0,0.9331843923909701,0.0,0.0,0.0,0.0,0.0,0.0,0.0,0.0,0.0,1
KCNH6,0.9351974305686757,0.5828146524495593,0.6238565824846054,0.018925387917944375,0.5836528461866475,0.8524959999911691,0.7840435351746525,0.0,0.0,0.0,0.0,0.0,0.0,0.0,1
RAB31,0.8380880408086151,0.2735560274295804,0.17510838475675664,0.0,0.0,0.0,0.5640222370769113,0.0,0.0,0.0,0.0,0.0,0.0,0.0,1
SLC39A4,0.9351974305686757,0.8050079533605812,0.5647135660945803,0.8134766001201841,0.7865871300630644,0.0,0.0,0.0,0.0,0.0,0.0,0.0,0.0,0.0,1
MRGPRE,0.47591158133383715,0.2395141219718246,0.8763663471817321,0.0,0.8511356631243776,0.0,0.0,0.0,0.0,0.0,0.0,0.0,0.0,0.0,1
CLVS1,0.9351974305686757,0.7259994976824902,0.13068614143156831,0.0,0.5277264716138635,0.8470250975580974,0.0,0.0,0.0,0.0,0.0,0.0,0.0,0.0,1
TLE2,0.5486491592669563,0.2226484310188674,0.21828381356450188,0.5667239795905951,0.37807805242130044,0.8598817555764183,0.8964027272398625,0.0,0.0,0.0,0.0,0.0,0.0,0.0,1
TNFRSF10D,0.5618741734366144,0.06501510757966678,0.34352177549162377,0.2875296342405063,0.792556902960915,0.4106909573135843,0.0,0.0,0.0,1.0,0.0,0.0,0.0,0.0,1
SPTB,0.5607406007935009,0.24313841891758192,0.2592090229549982,0.8954018907978961,0.37133274702590713,0.9320676983933545,0.9799856543972263,0.0,0.0,0.0,0.0,0.0,0.0,0.0,1
COL6A5,0.5237105611184584,0.37045307517257653,0.1671798416018139,0.4559233331756256,0.24819017568970214,0.0,0.6381887332869077,0.0,0.0,0.0,0.0,0.0,0.0,0.0,1
ICAM5,0.9351974305686757,0.33316132764040157,0.22617111287776942,0.0,0.4103744713944699,0.0,0.0,0.0,0.0,0.0,0.0,0.0,0.0,0.0,1
TUBB2B,0.6689967882108445,0.3493907497469385,0.20636407150380595,0.8487205671161385,0.5154137786519852,0.0,0.0,0.0,0.0,0.0,0.0,0.0,0.0,0.0,1
FGF2,0.5826563385603627,0.22661065065339336,0.19852645527648344,0.6554114578125029,0.0,0.0,0.6916704917259491,0.0,0.0,0.0,0.0,1.0,0.0,0.0,1
ANKDD1B,0.5907802758360099,0.253554657472734,0.3769297605834598,0.0,0.6921820989766438,0.0,0.0,0.0,0.0,0.0,0.0,0.0,0.0,0.0,1
OCA2,0.5943699225392027,0.20366539565114802,0.5407629330158813,0.6691774461683785,0.7735704956576184,0.9171261636214694,0.5955329749095571,0.0,0.0,0.0,0.0,0.0,0.0,0.0,1
CXCL1,0.9351974305686757,0.3109040954098835,0.16323900578764663,0.3031083669744477,0.8934827701682216,0.0,0.0,0.0,0.0,0.0,0.0,0.0,0.0,0.0,1
NRG1,1.0,0.21159744579156856,0.24717544952627943,0.16218877716912208,0.4468694986689418,0.0,0.0,0.0,0.0,0.0,0.0,0.0,0.0,0.0,1
DAAM2,0.9351974305686757,0.40411443706189915,0.08663335349228357,0.1517008949493359,0.47737684436967787,0.0,0.0,0.0,0.0,0.0,0.0,0.0,0.0,0.0,1
ENTPD8,0.5962592102777253,0.2927597780669909,0.2614763699019878,0.7060928228880973,0.4848673904399548,0.0,0.0,0.0,0.0,0.0,0.0,0.0,0.0,0.0,1
RHBG,0.9351974305686757,0.8812201748978244,0.101500260251402,0.0,0.22435512687268508,0.64354188625516,0.0,0.0,0.0,0.0,0.0,0.0,0.0,0.0,1
CERKL,0.9351974305686757,0.28559338158625774,0.10042485325802977,0.8179477280496777,0.8496790040336394,0.0,0.0,0.0,0.0,0.0,0.0,0.0,1.0,0.0,1
CRHBP,0.5505384470054789,0.2552305713481136,0.30691158651914013,0.739874832877653,0.9006371726217467,0.0,0.0,0.0,0.0,0.0,0.0,0.0,0.0,0.0,1
IRX2,0.9210277725297562,0.4914826738513294,0.5163570315450232,0.0,0.0,0.0,0.0,0.0,0.0,0.0,0.0,0.0,0.0,0.0,1
CBX8,0.9351974305686757,0.5028122169707212,0.33063295787818325,0.3730630114721295,0.8206886479954464,0.0,0.0,0.0,0.0,0.0,0.0,0.0,0.0,0.0,1
IL11,0.7944454940487437,0.3805694453958034,0.056509561302818756,0.3300025817739538,0.49508317849255135,0.0,0.0,0.0,0.0,0.0,0.0,0.0,0.0,0.0,1
TCHH,0.8838088040808615,0.9064715239247743,0.2637104599213385,0.8517944891840946,0.4829301574601877,0.0,0.6137734258603404,0.0,0.0,0.0,0.0,0.0,0.0,0.0,1
KLF11,0.5254109200831287,0.3211209291351767,0.2200051272333278,0.8605894853468932,0.7677405249794551,0.0,0.0,0.0,0.0,0.0,0.0,1.0,0.0,0.0,1
TMC4,0.9351974305686757,0.37438485132162785,0.11147213226293154,0.0,0.6177231621369733,0.0,0.4417792205009525,0.0,0.0,0.0,0.0,0.0,0.0,0.0,1
C2CD4C,0.47402229359531456,0.2132885814096856,0.4469169614730827,0.4000326117656407,0.08645035698631966,0.0,0.0,0.0,0.0,0.0,0.0,0.0,0.0,0.0,1
STAC2,0.9351974305686757,0.5146364667290757,0.23795832587088073,0.46028712114942655,0.6700315410698039,0.0,0.4131836721369034,0.0,0.0,0.0,0.0,0.0,0.0,0.0,1
THSD1,0.03022860381636122,0.11299099633917081,0.08066988403179057,0.22318318449946334,0.0,0.0,0.0,0.0,0.0,0.0,0.0,0.0,0.0,0.0,1
DNAH9,0.0,0.009309617858148156,0.18942661854468507,0.2090771445144675,0.0,0.0,0.5046538407362956,0.0,0.0,1.0,0.0,0.0,0.0,0.0,1
RNF180,0.5505384470054789,0.2627988218371121,0.11534268754973169,0.23465946582500524,0.14402000256255842,0.0,0.0,0.0,0.0,0.0,0.0,0.0,0.0,0.0,1
TAL1,0.5420366521821274,0.2629662610072227,0.3775744061081003,0.6391810599355869,0.0,0.7849225122748477,0.0,0.0,0.0,0.0,0.0,1.0,0.0,0.0,1
CA4,0.9351974305686757,0.637319146669102,0.15063585634503004,0.5250948424523103,0.19887578644928236,0.0,0.5516013790225621,0.0,0.0,0.0,0.0,0.0,0.0,0.0,1
GPR12,0.8781409408652938,0.19508794361866483,0.18552840971293658,0.5250673246393194,0.2928658492369319,0.7765644019961241,0.0,0.0,0.0,0.0,0.0,0.0,0.0,0.0,1
AXDND1,0.7895333459285849,0.870663896309489,0.05664006075051819,0.7911582672092297,0.056145536207063564,0.0,0.06387267599027383,0.0,0.0,0.0,0.0,0.0,0.0,0.0,1
ZNF608,0.670130360853958,0.2924309884238646,0.07129158935752924,0.2900412341515473,0.6386941720032392,0.5522493876496523,0.0,0.0,0.0,0.0,0.0,0.0,0.0,0.0,1
THBS2,0.0,0.1851146577771689,0.8054937424082422,0.0,0.6254573398512578,0.0,0.6609961101802693,0.0,0.0,0.0,0.0,0.0,0.0,0.0,1
SLC6A15,0.6094842244473833,0.32460670822202436,0.2114221737290447,0.23602667685640918,0.32875847867235214,0.0,0.0,0.0,0.0,0.0,0.0,0.0,0.0,0.0,1
KIT,0.9351974305686757,0.29612073886339246,0.17530563922999035,0.6319184792854398,0.8203231354490409,0.0,0.0,0.0,0.0,0.0,0.0,1.0,0.0,0.0,1
MROH6,0.9351974305686757,0.8367224543537995,0.25352119711304194,0.5513879758912253,0.6353456459733288,0.0,0.0,0.0,0.0,0.0,0.0,0.0,0.0,0.0,1
CENPF,0.7608161723030418,0.8920565335525266,0.03526858653152542,0.0,0.09453666436233385,0.0,0.0,0.0,0.0,1.0,1.0,0.0,0.0,0.0,1
TMEM74,0.9351974305686757,0.9040375672610759,0.26393484964713637,0.37406434225128826,0.39590455274053993,0.6842368669281678,0.0,0.0,0.0,0.0,0.0,0.0,0.0,0.0,1
LGR6,0.8216512374834687,0.9215212609691685,0.18102732993919585,0.45131641362473024,0.0,0.3236225497413807,0.6180209533929725,0.0,0.0,0.0,1.0,0.0,0.0,0.0,1
ASTN1,0.8617041375401473,0.8885585770714893,0.1989858476151807,0.8797373240033725,0.1792908822429005,0.0,0.0,0.0,0.0,0.0,0.0,0.0,0.0,0.0,1
ASPHD2,0.6860003778575476,0.1465458060293321,0.4539753206337014,0.02713854234796388,0.7364525423535302,0.0,0.931745343212333,0.0,0.0,0.0,0.0,0.0,0.0,0.0,1
PLXNA4,0.8074815794445493,0.40205797961808654,0.15214285962928056,0.492463413936268,0.8252039923208058,0.5096859782398028,0.7257814647857782,0.0,0.0,0.0,0.0,0.0,0.0,0.0,1
NPTX2,0.6393349707160401,0.390226118988363,0.45065125810752554,0.0,0.13071960974700123,0.0,0.46268139127045704,0.0,0.0,0.0,0.0,1.0,0.0,0.0,1
GRIK5,0.8679387870772719,0.34910762533202433,0.5771193777508634,0.7026208010528716,0.7531169956045616,0.7175095991253746,0.0,0.0,0.0,0.0,0.0,0.0,0.0,0.0,1
ABCB5,0.9351974305686757,0.43734502363175565,0.3674332773243645,0.6055209097564269,0.0,0.0,0.0,0.0,0.0,0.0,0.0,0.0,0.0,0.0,1
PTGER3,0.5061401851501983,0.24140161807125293,0.22972722574769067,0.4648197529430631,0.0,0.0,0.0,0.0,0.0,0.0,0.0,0.0,0.0,0.0,1
KANK3,0.8216512374834687,0.2977753422989398,0.23512382596095668,0.7603116328259998,0.5396919245279105,0.8120105550769063,0.6769765198140508,0.0,0.0,0.0,0.0,0.0,0.0,0.0,1
MYBPC1,0.6567164179104477,0.3126515514761285,0.6136076845021887,0.607841977144105,0.7670098740771945,0.0,0.0,0.0,0.0,0.0,1.0,0.0,0.0,0.0,1
TNNT3,0.47591158133383715,0.23531292097632264,0.7322235479664931,0.6487819752459792,0.75573756121801,0.5544106364657853,0.5585082384542328,0.0,0.0,0.0,0.0,0.0,0.0,0.0,1
CCDC151,0.8242962403174003,0.32044965028046063,0.2099413206502968,0.0,0.35721297056666806,0.0,0.7725207584680238,0.0,0.0,0.0,0.0,0.0,0.0,0.0,1
FGFR1,1.0,0.7666993934135519,0.06652013775876792,0.2355839525522361,0.6548056932388752,0.0,0.0,0.0,0.0,0.0,0.0,0.0,0.0,0.0,1
STAC,0.5577177404118647,0.2546567116469164,0.2549916209460427,0.0,0.24007298375735417,0.0,0.6696788802277143,0.0,0.0,0.0,0.0,1.0,0.0,0.0,1
NMRK2,0.5429812960513887,0.23705276617119894,0.5397803354800988,0.39985822587847736,0.4941104649491051,0.0,0.0,0.0,0.0,0.0,0.0,0.0,0.0,0.0,1
ADAMTS12,0.8023805025505385,0.4627942553142913,0.4252112736979934,0.17382770972841963,0.557615578519869,0.0,0.0,0.0,0.0,0.0,0.0,0.0,0.0,0.0,1
BMP8A,0.558662384281126,0.27381936357893616,0.17283052001241872,0.0,0.8652066413343954,0.0,0.8892173568918245,0.0,0.0,0.0,0.0,0.0,0.0,0.0,1
CEMIP,0.9351974305686757,0.2964860606890883,0.08607182927166752,0.7763883184066408,0.8595942882197222,0.0,0.0,0.0,0.0,1.0,0.0,0.0,0.0,0.0,1
CCDC178,0.9351974305686757,0.25427921242703067,0.2244329700397206,0.24540716580877567,0.5454607998603411,0.7410883111975192,0.0,0.0,0.0,0.0,0.0,0.0,0.0,0.0,1
SCT,0.010768940109578656,0.23031105631283733,0.9399506932360702,0.0,0.0,0.0,0.0,0.0,0.0,0.0,0.0,0.0,0.0,0.0,1
KALRN,0.7179293406385793,0.36635842637623584,0.4590779571650205,0.46286150364983514,0.541640700223387,0.34377257971328445,0.6066793830766257,0.0,0.0,0.0,0.0,0.0,0.0,0.0,1
RNF157,0.7415454373701115,0.48701357018365055,0.13567229307193424,0.2997910303005586,0.7988319317142468,0.8826288666815186,0.0,0.0,0.0,0.0,0.0,0.0,0.0,0.0,1
BEND7,0.9351974305686757,0.4480793966101181,0.7970635591998009,0.8716549680668032,0.7861187182029826,0.8279960856280754,0.0,0.0,0.0,0.0,1.0,0.0,0.0,0.0,1
CACNA2D1,0.5505384470054789,0.4055605026219452,0.09325279110319168,0.0,0.4659937937547412,0.0,0.0,0.0,0.0,0.0,0.0,0.0,0.0,0.0,1
FAM83H,0.9351974305686757,0.8296078117983733,0.8401955067744017,0.7210374638225158,0.9093763867349683,0.0,0.0,0.0,0.0,0.0,0.0,0.0,0.0,0.0,1
EPHA8,0.4502172680899301,0.13853003630385657,0.456258235445469,0.4763062470607425,0.7295148810268353,0.6141907499724508,0.6251841053457077,0.0,0.0,0.0,0.0,1.0,0.0,0.0,1
PRRT4,0.9351974305686757,0.40138670076337046,0.3300833756200546,0.5302714401260228,0.5179936145705334,0.5756778199485493,0.6861671387324684,0.0,0.0,1.0,0.0,0.0,0.0,0.0,1
ADAM33,0.9351974305686757,0.43132634655341695,0.31834153510610597,0.5307892819623785,0.38810587805934715,0.5714970296608388,0.04219222913036606,0.0,0.0,0.0,0.0,0.0,0.0,0.0,1
TRAIP,0.05138862648781409,0.1787580580100615,0.04700922772754551,0.035623620773668235,0.392608807382161,0.0,0.0,0.0,0.0,0.0,0.0,0.0,0.0,0.0,1
HS3ST4,0.7664840355186094,0.6009133045642399,0.2512634265359399,0.22336701780157406,0.3351517294922789,0.0,0.0,0.0,0.0,0.0,0.0,0.0,0.0,0.0,1
RYR1,0.9351974305686757,0.4155992419572117,0.7205218774624885,0.602304340034007,0.7419132320769531,0.6376391098665894,0.698107609470438,0.0,0.0,0.0,0.0,0.0,0.0,0.0,1
TWIST2,0.04515397695068957,0.2240153435166792,0.43562438232769224,0.8421174549594951,0.0,0.7853529954012792,0.0,0.0,0.0,0.0,0.0,0.0,0.0,0.0,1
ABLIM3,0.6363121103344039,0.31408696181625834,0.08078485414592683,0.6211194029302817,0.2427995555468571,0.0,0.6435178562220707,0.0,0.0,1.0,0.0,0.0,0.0,0.0,1
PI16,0.8055922917060269,0.39305431878895813,0.8969472910592668,0.7124613383486991,0.747708029038972,0.0,0.7395338392401773,0.0,0.0,0.0,0.0,0.0,0.0,0.0,1
MAEL,0.7753636878896656,0.8814469788646105,0.8816172929000399,0.0,0.7979988610193756,0.7888431358631758,0.8197461644313917,0.0,0.0,0.0,0.0,0.0,0.0,0.0,1
HEPACAM,0.014169658038919314,0.06940658035938513,0.29357218182048245,0.0,0.4909327820124077,0.0,0.7463429897053708,0.0,0.0,1.0,0.0,0.0,0.0,0.0,1
TMEM37,0.5803891932741356,0.26791637174540106,0.11511588406487158,0.5808071163984984,0.7124913476110603,0.0,0.0,0.0,0.0,0.0,0.0,0.0,0.0,0.0,1
ZYG11A,0.7217079161156243,0.2677200112640896,0.11915153037782021,0.7438584803216262,0.11930734478479511,0.0,0.0,0.0,0.0,0.0,0.0,0.0,0.0,0.0,1
ATP2C2,0.5392027205743435,0.0038358791698060446,0.10716016980324991,0.19107410454211687,0.5280972089639293,0.0,0.0,0.0,0.0,0.0,0.0,0.0,0.0,0.0,1
ADAM12,0.9351974305686757,0.2581927224847974,0.2641208348669038,0.42263381870399336,0.0,0.0,0.0,0.0,0.0,0.0,0.0,0.0,0.0,0.0,1
TMEM171,0.5505384470054789,0.25638742379615037,0.3592524837867799,0.5104885147321203,0.8243914405664822,0.0,0.0,0.0,0.0,0.0,0.0,0.0,0.0,0.0,1
BRINP1,0.7030039675042509,0.2720445083757639,0.35355610375290136,0.0,0.3267831251414259,0.0,0.0,0.0,0.0,0.0,0.0,0.0,0.0,0.0,1
SOBP,0.9351974305686757,0.2921235092205707,0.41675883165611133,0.36280191776583376,0.27196570914882534,0.7999341868885796,0.8891330340939573,0.0,0.0,0.0,0.0,1.0,0.0,0.0,1
OXGR1,0.9351974305686757,0.22715711121766335,0.12746026829745524,0.16163647900416156,0.10824886845547373,0.6396314429934966,0.0,0.0,0.0,0.0,0.0,0.0,0.0,0.0,1
ZNF385D,0.5936142074437937,0.28927856550296444,0.28043986556617023,0.5334077010112337,0.0,0.0,0.0,0.0,0.0,0.0,0.0,0.0,0.0,0.0,1
LPIN1,0.5898356319667486,0.31719524168322033,0.24305008123547153,0.8551002955292228,0.5603646057220143,0.0,0.2927836544342084,0.0,0.0,0.0,0.0,0.0,0.0,0.0,1
STOX2,0.5144530511996976,0.2172051358159996,0.17902651568696054,0.4902451328527844,0.3263358979488895,0.7576642082938363,0.7631962701177232,0.0,0.0,0.0,0.0,0.0,0.0,0.0,1
SYCP1,0.623276024938598,0.2711814355625575,0.6107789540336188,0.7333818431510427,0.5705393237282631,0.0,0.0,0.0,0.0,0.0,0.0,1.0,0.0,0.0,1
GAS2,0.9351974305686757,0.32828123691881483,0.24034914022552145,0.49102900474978434,0.49723385670604,0.0,0.0,0.0,0.0,0.0,0.0,0.0,0.0,0.0,1
SAMD14,0.9351974305686757,0.5280924873088721,0.06983178980795218,0.5701960506253578,0.4050835988280782,0.7873773064810321,0.0,0.0,0.0,0.0,0.0,0.0,0.0,0.0,1
IRAK3,0.9351974305686757,0.4122398033350839,0.2760279046961927,0.0,0.5580796564435051,0.0,0.0,0.0,0.0,0.0,0.0,0.0,0.0,0.0,1
GPRIN1,0.6438692612884942,0.36646954509821833,0.2699754115239653,0.8414099161138324,0.918434054768269,0.8188115130695557,0.7763854438618816,0.0,0.0,0.0,0.0,0.0,0.0,0.0,1
WTIP,0.9351974305686757,0.419013478853194,0.47155314526645226,0.941940395477836,0.42239771542029464,0.8921956258216484,0.7134325868537791,0.0,0.0,0.0,0.0,0.0,0.0,0.0,1
SCN4B,0.7322879274513509,0.0717979161434188,0.053057275738911815,0.42246659913554746,0.5380695221102809,0.0,0.9034106153145453,0.0,0.0,0.0,0.0,0.0,0.0,0.0,1
APBB1IP,0.8787077271868505,0.3828237854952015,0.2906310137616992,0.0,0.47129652930662447,0.0,0.5520994076522413,0.0,0.0,0.0,0.0,0.0,0.0,0.0,1
UGT8,0.03589646703192895,0.2148944752684735,0.13179630437542755,0.7000216214677959,0.3490819527166271,0.0,0.0,0.0,0.0,0.0,0.0,0.0,0.0,0.0,1
TLL2,0.4349140374078972,0.21940163329299567,0.2639249241790485,0.896823589905869,0.5394601726351685,0.7771765195677532,0.0,0.0,0.0,0.0,0.0,0.0,0.0,0.0,1
C1orf53,0.7587379557906669,0.8901111948306972,0.03308855859243648,0.475112616484787,0.8185946204817872,0.0,0.0,0.0,0.0,0.0,0.0,1.0,0.0,0.0,1
ADAMTS1,0.6727753636878896,0.315773530911554,0.1061714634248446,0.4190320145832467,0.0,0.5047161456536507,0.0,0.0,0.0,0.0,0.0,0.0,0.0,0.0,1
FAM89A,0.7320989986774986,0.8932605734030491,0.18326376583721102,0.48577315206926885,0.44806648545056393,0.0,0.0,0.0,0.0,0.0,0.0,1.0,0.0,0.0,1
TMEM191C,0.5830341961080672,0.1557336499455822,0.13070024218858722,0.0,0.0,0.0,0.0,0.0,0.0,0.0,0.0,0.0,0.0,1.0,1
EVPL,0.7415454373701115,0.49213416444048697,0.8388291563177622,0.9303348836417528,0.8394680028904066,0.9818740158341376,0.0,0.0,1.0,1.0,0.0,0.0,0.0,0.0,1
IFFO2,0.4502172680899301,0.1413369256646194,0.07380269996459168,0.7624384785325734,0.7629854870296211,0.34494687657026146,0.8751637124799048,0.0,0.0,0.0,0.0,0.0,0.0,0.0,1
AMZ1,0.689212167013036,0.4304526185202944,0.7042738582298788,0.5793111296289004,0.6173986911685189,0.9126957354680926,0.780830602555233,0.0,0.0,0.0,0.0,0.0,0.0,0.0,1
PCOLCE2,0.6140185150198375,0.4067219215928032,0.11433220238992886,0.8423100496451303,0.0,0.0,0.0,0.0,0.0,1.0,0.0,0.0,0.0,0.0,1
IQSEC3,0.9293406385792556,0.41313788615658614,0.4332416984542907,0.7185485707627697,0.4097599121939629,0.7921263512357158,0.0,0.0,0.0,0.0,1.0,0.0,0.0,0.0,1
KANK1,0.8671830719818628,0.28677458882267426,0.10130127735338475,0.9266553789564659,0.0,0.0,0.0,0.0,0.0,0.0,1.0,0.0,0.0,0.0,1
ST6GAL2,0.7007368222180238,0.2945209337016995,0.4199043640516271,0.3861102782528711,0.5664798577619122,0.0,0.0,0.0,0.0,0.0,0.0,0.0,0.0,0.0,1
IGF2BP3,0.9351974305686757,0.4494234764938238,0.4967537814762795,0.7155203599039487,0.42383170794503666,0.824764004236124,0.0,0.0,0.0,1.0,1.0,0.0,0.0,0.0,1
KCNB2,0.9351974305686757,0.7810519746405771,0.06685114524972452,0.22888426096736925,0.5711168146063387,0.0,0.0,0.0,0.0,0.0,0.0,0.0,0.0,0.0,1
RIPPLY3,0.6722085773663329,0.35897740332290645,0.37428505425987524,0.0,0.33367482897361284,0.0,0.0,0.0,0.0,0.0,0.0,0.0,0.0,0.0,1
SLC5A5,0.6094842244473833,0.33491943892656273,0.20250298732717287,0.5686767912558764,0.4458163528258943,0.0,0.9434626365438139,0.0,0.0,0.0,0.0,0.0,0.0,0.0,1
PC,0.9351974305686757,0.4721404053550091,0.27284461875341265,0.9126615900676451,0.8857965745190246,0.7951844875178851,0.8586786899697276,0.0,0.0,0.0,0.0,0.0,0.0,0.0,1
NR2F1,0.5505384470054789,0.27305979861634355,0.6307284235887552,0.7737701808980565,0.6746145312072181,0.0,0.0,0.0,0.0,0.0,0.0,1.0,0.0,0.0,1
OTUB2,0.5150198375212545,0.24623908791317523,0.055068889870618185,0.34414537576440113,0.27763216177773337,0.0,0.0,0.0,0.0,0.0,0.0,0.0,0.0,0.0,1
PRDM16,0.48649159266956354,0.1637539861938794,0.5773425010712129,0.5646289833102514,0.6188029538309192,0.5811200698406996,0.6617807030510351,0.0,0.0,0.0,0.0,0.0,0.0,0.0,1
TLL1,0.505195541280937,0.22211414784878725,0.09087833055732378,0.09895205256617554,0.19548018922066376,0.0,0.8525903558573639,0.0,0.0,0.0,0.0,0.0,0.0,0.0,1
SSTR1,0.9351974305686757,0.3302676743460359,0.3859159646728788,0.1432755485166278,0.8214560959793656,0.0,0.0,0.0,0.0,0.0,0.0,0.0,0.0,0.0,1
ADAM19,0.6589835631966748,0.30683075705337504,0.2533527666344867,0.0,0.7130620761563824,0.0,0.0,0.0,0.0,0.0,0.0,0.0,0.0,0.0,1
RIMS3,0.7132061212922729,0.27340381000220715,0.7409241515017077,0.70399861023365,0.8723497015478726,0.0,0.8067339215666847,0.0,0.0,0.0,0.0,1.0,1.0,0.0,1
CTTNBP2,0.7192518420555449,0.39438622127847417,0.1201093584892436,0.35677329911948624,0.2416952514698705,0.0,0.0,0.0,0.0,0.0,0.0,0.0,0.0,0.0,1
CLDN10,0.9351974305686757,0.22177622516001855,0.5116077911937682,0.7786698802130313,0.4618784558384726,0.8440880103362678,0.8764949021061106,0.0,0.0,0.0,0.0,1.0,0.0,0.0,1
CALN1,0.9351974305686757,0.4176617880981193,0.3718973707220592,0.42615396581873183,0.2587624900051648,0.454663397722146,0.0,0.0,0.0,0.0,0.0,0.0,0.0,0.0,1
FAM135B,0.9351974305686757,0.8327145694910616,0.36410789287827233,0.6483466231117585,0.5393887983192137,0.0,0.0,0.0,0.0,0.0,1.0,0.0,0.0,0.0,1
SLIT2,0.54392593992065,0.19378648461462353,0.24219799015372925,0.12881101502337192,0.0,0.0,0.0,0.0,0.0,0.0,0.0,0.0,0.0,0.0,1
TPD52,0.9351974305686757,0.8402675982373226,0.11472011887611153,0.1687516568174664,0.6454225903878614,0.6205249664817788,0.7325086728430041,0.0,0.0,0.0,1.0,0.0,0.0,0.0,1
DOK7,0.608539580578122,0.2062987571447054,0.4479962452185553,0.6048482656404581,0.42905535857442384,0.675014577523778,0.6897327170337538,0.0,0.0,0.0,0.0,0.0,0.0,0.0,1
DST,0.779331192140563,0.39813685868895127,0.03531399487022641,0.26995480580527365,0.09042330860334141,0.6813716134128308,0.0,0.0,0.0,1.0,1.0,0.0,0.0,0.0,1
LIMS2,0.496315888909881,0.2562108515803974,0.3247498706505409,0.8060163206803973,0.6832569114012138,0.0,0.8399724167171322,0.0,0.0,0.0,1.0,0.0,0.0,0.0,1
WDR17,0.505195541280937,0.22229985311018263,0.12687332524366174,0.20675699406831122,0.2229861353637014,0.0,0.0,0.0,0.0,0.0,0.0,0.0,0.0,0.0,1
GBX2,0.05686756092952955,0.2251828511846321,0.6934834026702458,0.0,0.0,0.0,0.0,0.0,0.0,0.0,0.0,0.0,0.0,0.0,1
ZNF677,0.5870017003589647,0.3624631824097541,0.27345671571253427,0.17861422394596435,0.4752092452494403,0.8381054650840137,0.0,0.0,0.0,0.0,0.0,0.0,0.0,0.0,1
ITPKA,0.7723408275080295,0.1857311383580307,0.38326618821217623,0.42651701590520014,0.6072446691882251,0.0,0.0,0.0,0.0,0.0,0.0,0.0,0.0,0.0,1
TSPAN4,0.47591158133383715,0.23353806577315045,0.43933302660706486,0.2374882961892888,0.28045999174843544,0.9257893699354878,0.7494448842190035,0.0,0.0,0.0,0.0,0.0,0.0,0.0,1
PLEK2,0.8715284337804647,0.2415355694073415,0.17997154296504514,0.0,0.0,0.0,0.0,0.0,0.0,0.0,0.0,0.0,0.0,0.0,1
NES,0.774230115246552,0.8799476372049839,0.26359849492336174,0.7494238848643466,0.05685579573805486,0.6911308225261995,0.0,0.0,0.0,0.0,0.0,0.0,0.0,0.0,1
VWF,0.9293406385792556,0.40371714957645505,0.7397082519540039,0.6760647859432124,0.7904405730980562,0.0,0.0,0.0,0.0,1.0,0.0,0.0,0.0,0.0,1
CADM3,0.9282070659361421,0.8827804035284005,0.23159739106468374,0.3805781619874138,0.2117702739405369,0.0,0.3082075517564326,0.0,0.0,0.0,1.0,0.0,0.0,0.0,1
MAPK8IP2,0.5254109200831287,0.13635941578951355,0.7372152375183739,0.8208109058657377,0.913431218142614,0.0,0.0,0.0,0.0,0.0,1.0,0.0,0.0,0.0,1
SLCO5A1,0.9351974305686757,0.7649808586585081,0.8489643910330225,0.6733922921994568,0.0,0.4710255634965348,0.0,0.0,0.0,0.0,0.0,0.0,0.0,0.0,1
HAS3,0.52635556395239,0.017294944098149634,0.3085697995962769,0.20062715111222645,0.9433003639422799,0.0,0.298303421424211,0.0,0.0,0.0,0.0,0.0,0.0,0.0,1
CDC14B,0.49499338749291516,0.25321825695823913,0.2626559915937085,0.6804877235035663,0.3594184253942093,0.8893319283845412,0.0,0.0,0.0,0.0,0.0,0.0,0.0,0.0,1
FFAR4,0.7160400529000567,0.2247094549855013,0.1577195722921297,0.36625853477309833,0.35950093509365166,0.0,0.5820440241873652,0.0,0.0,0.0,0.0,0.0,0.0,0.0,1
GAS7,0.0,0.007049189061655137,0.22791201703091138,0.35539973243646145,0.3536071598292174,0.5757990708871351,0.0,0.0,0.0,0.0,0.0,1.0,0.0,0.0,1
TACR3,0.4451161911959191,0.22623315143350764,0.38968470802412797,0.5444297834232272,0.1704883338327375,0.0,0.0,0.0,0.0,0.0,0.0,0.0,0.0,0.0,1
GDF15,0.6928018137162291,0.3422532745774064,0.1525403329774051,0.0,0.7639787163977086,0.0,0.0,0.0,0.0,0.0,0.0,0.0,0.0,0.0,1
PRX,0.9351974305686757,0.394074175552359,0.23945127915696016,0.5199808502126221,0.0,0.8826431228584346,0.9088615438178645,0.0,0.0,0.0,0.0,0.0,0.0,0.0,1
CA3,0.9351974305686757,0.8243258670685212,0.4878842147620666,0.6643631701745726,0.8301888719271565,0.0,0.0,0.0,0.0,0.0,0.0,0.0,0.0,0.0,1
FSD1,0.8261855280559229,0.2593023875303483,0.5095647330380189,0.4790680931395566,0.8292879765916827,0.785529472674902,0.0,0.0,0.0,0.0,0.0,0.0,0.0,0.0,1
CALCR,0.5416587946344229,0.398890334954449,0.1308830813151515,0.15224995440499525,0.1751690262013885,0.0,0.0,0.0,0.0,0.0,0.0,0.0,0.0,0.0,1
SDK2,0.9351974305686757,0.5330486867441455,0.32237165606460744,0.8196877021716835,0.0,0.6689469693468599,0.6709591432522142,0.0,0.0,0.0,0.0,0.0,0.0,0.0,1
MYO15B,0.8987341772151899,0.4974084982989704,0.5216594141593157,0.0,0.9080965869519524,0.0,0.9216070725334209,0.0,0.0,0.0,0.0,0.0,0.0,1.0,1
TRIB3,0.9351974305686757,0.4153617827705094,0.4336976582761837,0.0,0.7803458938309413,0.9454579513608088,0.8887483661582091,0.0,0.0,0.0,0.0,0.0,0.0,0.0,1
CATSPER1,0.8095597959569243,0.3573212777130854,0.3294427697561313,0.17638966177449844,0.739053885991799,0.870258976693339,0.0,0.0,0.0,0.0,0.0,0.0,0.0,0.0,1
F7,0.9351974305686757,0.23613793943268568,0.5981109195953799,0.4490170263371769,0.7759444010689657,0.839627210746628,0.0,0.0,0.0,0.0,0.0,0.0,0.0,0.0,1
NRXN1,0.7205743434725108,0.3534092898295926,0.6795606457431967,0.7431744107766581,0.4024124304399407,0.8117002526836476,0.0,0.0,0.0,0.0,0.0,0.0,0.0,0.0,1
INHBB,0.6108067258643491,0.26972319260832167,0.27404165511853884,0.32012884513793166,0.5512808606209744,0.0,0.0,0.0,0.0,0.0,0.0,0.0,0.0,0.0,1
FUT2,0.7961458530134139,0.3296999033419336,0.6324335647810316,0.46346400376283875,0.6099241301570489,0.6621211185763188,0.0,0.0,0.0,0.0,0.0,0.0,0.0,0.0,1
TNN,0.8626487814094087,0.8768865447405079,0.8869931616774084,0.5631174413817029,0.7042610518592066,0.7424100993977044,0.0,0.0,0.0,0.0,0.0,0.0,0.0,0.0,1
EGFR,0.9351974305686757,0.45756558668401953,0.21069433285692404,0.5686580843084669,0.841609959584872,0.0,0.7767608958184975,0.0,0.0,0.0,0.0,0.0,0.0,0.0,1
ZNF521,0.5866238428112602,0.26718420591973574,0.3294757851447214,0.8324051679525026,0.13919572394069332,0.0,0.04548304477863031,0.0,0.0,0.0,0.0,0.0,0.0,0.0,1
WIF1,0.9351974305686757,0.3965842409297441,0.327186619033306,0.8228218653839828,0.8428218901081321,0.0,0.0,0.0,0.0,0.0,0.0,0.0,0.0,0.0,1
IGFBP1,0.9351974305686757,0.4424686622371396,0.17251886439590397,0.5485100976105116,0.0,0.0,0.0,0.0,0.0,0.0,0.0,0.0,0.0,0.0,1
FZD9,0.8913659550349518,0.41014529153442775,0.5324547628642289,0.32879625029963244,0.44539793036007896,0.0,0.0,0.0,0.0,0.0,0.0,0.0,0.0,0.0,1
TFAP2A,0.9025127526922351,0.4241340731100304,0.10560513987295467,0.2595601474265946,0.17693126036332946,0.6167888267241323,0.667061385787533,1.0,1.0,0.0,0.0,0.0,0.0,0.0,1
ADCY5,0.7048932552427736,0.3566332549413582,0.3431999147611583,0.6677242785859636,0.0,0.8141583868690203,0.0,0.0,0.0,0.0,0.0,0.0,0.0,0.0,1
FOXA1,0.9351974305686757,0.34696440395460876,0.1610491248475243,0.20375722313528194,0.0,0.0,0.0,0.0,0.0,0.0,0.0,0.0,0.0,0.0,1
NPHS1,0.8110712261477423,0.4057157643978659,0.23801249836836222,0.44475862648600833,0.12859463148670203,0.6225101119498658,0.7130719968381372,0.0,0.0,0.0,0.0,0.0,0.0,0.0,1
TBX15,0.9351974305686757,0.3576226682192844,0.5230861118427711,0.6026395482424208,0.539304998732731,0.6253268285960905,0.0,0.0,0.0,0.0,0.0,0.0,0.0,0.0,1
MAGI1,0.5255998488569809,0.199919324763492,0.2989924954579547,0.7011990417956087,0.805513524865547,0.8158029368420631,0.8785365554570389,0.0,0.0,1.0,1.0,0.0,0.0,0.0,1
DACT2,0.0,0.18088301329619236,0.4689027384906777,0.7012370474145041,0.841410849803272,0.7534862300956848,0.0,0.0,0.0,0.0,0.0,0.0,0.0,0.0,1
EBF3,0.9351974305686757,0.23963132939090204,0.452033530879644,0.7761994479401357,0.7298580772143766,0.718979818300047,0.6844798996770788,0.0,0.0,0.0,0.0,0.0,0.0,0.0,1
BRDT,0.5860570564897034,0.22557252779870762,0.8479050289375366,0.8050894964027814,0.891799903052167,0.0,0.0,0.0,0.0,0.0,0.0,0.0,0.0,0.0,1
KIF1A,0.04515397695068957,0.2230335411101217,0.4608778374811521,0.7624561514469105,0.6295308980378844,0.7499565765350894,0.0,0.0,0.0,0.0,0.0,0.0,0.0,0.0,1
ILDR2,0.7753636878896656,0.88149568844137,0.4039390005012943,0.3823435771397066,0.6963466747768481,0.6527415990708023,0.8211495718317592,0.0,0.0,0.0,0.0,1.0,0.0,0.0,1
CDH4,0.9351974305686757,0.6473396199130841,0.6204064159048042,0.6334510441600673,0.47357958565144315,0.5196777808305317,0.5388918208830843,0.0,0.0,0.0,0.0,0.0,0.0,0.0,1
DEPDC7,0.9351974305686757,0.3752159584750858,0.15636203320439265,0.532456398343611,0.0,0.0,0.0,0.0,0.0,0.0,0.0,0.0,0.0,0.0,1
GRM7,0.9350085017948234,0.3490406496639801,0.32902871678748,0.3630981322772674,0.5017741594190328,0.0,0.794361163301192,0.0,0.0,0.0,0.0,0.0,0.0,0.0,1
ZNF730,0.7950122803703004,0.35408817955567734,0.15946543644926744,0.0,0.11539894177229866,0.0,0.0,0.0,0.0,0.0,0.0,0.0,0.0,0.0,1
ZDHHC2,0.600415643302475,0.08862250839098568,0.0760506170922703,0.05735644770654981,0.26267285864185785,0.0,0.8427317552579698,0.0,0.0,0.0,0.0,0.0,0.0,0.0,1
TMEM178A,0.681088229737389,0.329361980653165,0.1230503390366574,0.0,0.11797561424137416,0.0,0.0,0.0,0.0,0.0,0.0,0.0,0.0,0.0,1
HOXA7,0.9351974305686757,0.44266654489272494,0.25715028830527875,0.32972923930674636,0.7235947444254536,0.0,0.0,0.0,0.0,0.0,0.0,0.0,0.0,0.0,1
ITGA7,0.44322690345739657,0.31668226895297247,0.13115038722568378,0.29415427149847023,0.12250325985860369,0.7299003048060576,0.0,0.0,0.0,0.0,0.0,1.0,0.0,0.0,1
HOXB13,0.9351974305686757,0.4767404160102292,0.3152966107684374,0.4700215899560625,0.30535867183904875,0.0,0.0,0.0,0.0,0.0,0.0,0.0,0.0,0.0,1
DLX2,0.9351974305686757,0.2801165985493679,0.48018608185983924,0.0,0.0,0.0,0.0,0.0,0.0,0.0,0.0,0.0,0.0,0.0,1
FAM171A2,0.541847723408275,0.2447564901705595,0.31021015917965883,0.8341174555257121,0.2141674655976509,0.9720664302303724,0.0,0.0,0.0,0.0,0.0,0.0,0.0,0.0,1
DRD4,0.010768940109578656,0.22793037574871955,0.49900265428144497,0.9446389685674714,0.0,0.0,0.0,0.0,0.0,0.0,0.0,0.0,0.0,0.0,1
PCSK5,0.5201209144152654,0.26708374241766936,0.16753660842705906,0.07503566544501036,0.0,0.0,0.0,0.0,0.0,0.0,0.0,0.0,0.0,0.0,1
LGALS7B,0.9351974305686757,0.40906606997435135,0.5445152163401846,0.6977620001375268,0.0,0.8075298586222385,0.0,0.0,0.0,0.0,0.0,0.0,0.0,0.0,1
SLC6A4,0.9351974305686757,0.3752266136950019,0.12827411634857383,0.6636215156143701,0.1435020611528166,0.7753870115085952,0.0,0.0,0.0,0.0,0.0,0.0,0.0,0.0,1
MRAS,0.700170035896467,0.40878903425653207,0.03756646161371415,0.8006218371658741,0.836328977456521,0.0,0.0,0.0,0.0,0.0,0.0,0.0,0.0,0.0,1
HOXB1,0.9351974305686757,0.4561651863521856,0.9018615611450654,0.897495920839298,0.9077029510145563,0.0,0.0,0.0,0.0,0.0,0.0,0.0,0.0,0.0,1
LHX2,0.49499338749291516,0.2814302349475991,0.3003515239874796,0.6028528980241891,0.2987573831142196,0.0,0.0,1.0,0.0,0.0,0.0,0.0,0.0,0.0,1
GNAL,0.6374456829775175,0.27552572093979044,0.40226709276400147,0.3860779189879992,0.10815893567229284,0.8287692994144609,0.8591046502389587,0.0,0.0,0.0,0.0,0.0,1.0,0.0,1
PXDNL,0.9351974305686757,0.6684719653553135,0.8959633126248745,0.8591001468458475,0.6024479893080624,0.0,0.0,0.0,0.0,0.0,0.0,0.0,0.0,0.0,1
FAM162B,0.9351974305686757,0.24049135785556075,0.25891237427450503,0.0,0.7188076767554283,0.0,0.0,0.0,0.0,0.0,0.0,1.0,0.0,0.0,1
LPAR2,0.6928018137162291,0.33964731222077615,0.25497555147100054,0.0,0.8135664156788271,0.9343981514333718,0.0,0.0,0.0,0.0,0.0,0.0,0.0,0.0,1
MCAM,0.015681088229737378,0.060366387347687095,0.09317491417984014,0.6474167451985099,0.36870617311077974,0.0,0.0,0.0,0.0,0.0,0.0,0.0,0.0,0.0,1
TIMM17A,0.8216512374834687,0.9119422182645693,0.0352216600920382,0.7705457788508071,0.05905012511535252,0.0,0.939408995891338,0.0,0.0,0.0,0.0,0.0,0.0,0.0,1
RANBP17,0.6438692612884942,0.3575587368997877,0.15930732857850677,0.4306578627895734,0.0,0.0,0.0,0.0,0.0,0.0,1.0,0.0,0.0,0.0,1
PDCD1,0.04515397695068957,0.22385703739221102,0.8324211739244775,0.7447236823923649,0.49246263275895674,0.0,0.4655748160951737,0.0,0.0,0.0,0.0,0.0,0.0,0.0,1
FAM110A,0.9351974305686757,0.41877449749221796,0.2365810386914612,0.2881459804203498,0.30374893551517895,0.8814189107914017,0.0,0.0,0.0,0.0,0.0,1.0,0.0,0.0,1
EGFLAM,0.761005101076894,0.45571310059288705,0.17993493821087056,0.4309794478027576,0.29818943737093623,0.0,0.8295395566869482,0.0,0.0,0.0,0.0,1.0,0.0,0.0,1
RIMBP2,0.48573587757415454,0.29239141189274764,0.5908501520598507,0.4281499884800909,0.45320926763023317,0.5678194910741148,0.556720442151347,0.0,0.0,0.0,0.0,0.0,0.0,0.0,1
PAX3,0.05686756092952955,0.24206071953177924,0.36294585978777316,0.4594938111362702,0.5155073032807209,0.6927369980094904,0.0,0.0,0.0,0.0,0.0,1.0,0.0,0.0,1
PLIN5,0.8261855280559229,0.26696196847577075,0.930386801193263,0.4483524254778433,0.5789758168450114,0.0,0.0,0.0,0.0,0.0,0.0,0.0,0.0,0.0,1
CPA1,0.8074815794445493,0.4053062995182319,0.9495456051328884,0.7698631326921244,0.8489443646887987,0.0,0.8584043374764485,0.0,1.0,0.0,0.0,0.0,0.0,0.0,1
EMILIN2,0.7084829019459664,0.28232375124628023,0.41443465894833936,0.5834016580577638,0.48885229013895976,0.0,0.0,0.0,0.0,0.0,0.0,0.0,0.0,0.0,1
LHX1,0.9351974305686757,0.3163458684384775,0.2363148228082812,0.0,0.0,0.0,0.0,0.0,0.0,0.0,0.0,0.0,0.0,0.0,1
ZNF488,0.5692423956168524,0.27413140930505125,0.21151030581767818,0.5099278708046731,0.6952573110193353,0.8238194823196404,0.7543889504702262,0.0,0.0,0.0,0.0,0.0,0.0,0.0,1
PDZD2,0.6007935008501795,0.44750249256037344,0.12354035722229915,0.2681032005133847,0.374601077892938,0.0,0.6459517370647383,0.0,0.0,0.0,0.0,0.0,0.0,0.0,1
DMTN,0.6092952956735311,0.08310767099725236,0.2761375977707524,0.6951181988430399,0.8257143967755189,0.7109186510248594,0.7181596317935012,0.0,0.0,0.0,0.0,0.0,0.0,0.0,1
PEAR1,0.774230115246552,0.8792276487735083,0.6703166081190076,0.2664617018785702,0.5029073845752322,0.833843513428654,0.5337383810484657,0.0,0.0,0.0,0.0,0.0,0.0,0.0,1
KL,0.5701870394861137,0.1581904392233868,0.23170047830763135,0.7974695449818973,0.5519382840422498,0.0,0.759164192508673,0.0,0.0,0.0,0.0,1.0,0.0,0.0,1
AMH,0.47024371811826937,0.20696699165087407,0.4665702133534969,0.8320381195428543,0.0,0.0,0.0,0.0,0.0,0.0,0.0,0.0,0.0,0.0,1
C21orf58,0.8439448327980351,0.3700984085667968,0.9585610198620296,0.6377060833408563,0.967960016944522,0.9060086173300653,0.0,0.0,1.0,0.0,1.0,0.0,0.0,0.0,1
CLDN9,0.7370111467976572,0.597701516846664,0.6160372366623004,0.6253388952888205,0.76605395734619,0.0,0.0,0.0,0.0,0.0,0.0,1.0,0.0,0.0,1
BRI3BP,0.7116946911014548,0.31400933092829797,0.29907014939263604,0.04701553065638336,0.8676597794430244,0.0,0.9380137096507275,0.0,0.0,0.0,0.0,0.0,0.0,0.0,1
FZD7,0.4762894388815416,0.2636771163930558,0.3366852182875325,0.0,0.6126540611543683,0.0,0.0,0.0,0.0,0.0,0.0,0.0,0.0,0.0,1
TBX20,0.9351974305686757,0.4438918951830796,0.38193231875669675,0.2538213673019771,0.5325252676828418,0.2951254404317028,0.0,0.0,0.0,0.0,0.0,0.0,0.0,0.0,1
NAT8L,0.608539580578122,0.20927613002412643,0.3648064133245566,0.0,0.5130476650759168,0.0,0.8146533216162506,0.0,0.0,0.0,0.0,0.0,0.0,0.0,1
TEX22,0.7640279614585301,0.2751558325912734,0.20442301006689031,0.5050737528942337,0.7438561094421267,0.0,0.0,0.0,0.0,0.0,0.0,0.0,0.0,0.0,1
RSPO1,0.6109956546382014,0.24890289289220718,0.1567036439936825,0.17570708790220252,0.5360071099829182,0.3543871519968619,0.0,0.0,0.0,0.0,0.0,0.0,0.0,0.0,1
FADS6,0.9351974305686757,0.4942819523407237,0.11376260979027238,0.2905809502976872,0.7313285622233656,0.8472441870974609,0.0,0.0,0.0,0.0,1.0,0.0,0.0,0.0,1
OAF,0.018326091063668976,0.061281214086200464,0.035904459421846203,0.31124336384488427,0.687874988722948,0.0,0.0,0.0,0.0,0.0,0.0,0.0,0.0,0.0,1
NTRK2,0.5201209144152654,0.27131995342146714,0.19733832032724116,0.20311629399240502,0.0,0.0,0.0,0.0,0.0,0.0,0.0,0.0,0.0,0.0,1
IQGAP3,0.774230115246552,0.877334063976985,0.06902747500580107,0.1096934248614279,0.0,0.0,0.0,1.0,0.0,0.0,0.0,0.0,0.0,0.0,1
TPPP,0.9210277725297562,0.4954738147970563,0.4359539141881022,0.8927524503675137,0.6532168499614914,0.9878595209854782,0.21851443406302237,0.0,0.0,0.0,0.0,0.0,0.0,0.0,1
TTC28,0.9351974305686757,0.1583624449163184,0.4054065661078976,0.34841460123098755,0.0,0.0,0.0,0.0,0.0,1.0,1.0,0.0,0.0,0.0,1
LRRC2,0.4332136784432269,0.19459323697970174,0.18669228449810782,0.8834334779863783,0.34409278550980976,0.8237367278652664,0.0,0.0,0.0,0.0,0.0,0.0,0.0,0.0,1
GLRX2,0.7989797846211978,0.8720338531558484,0.0980111731399194,0.04465159475660654,0.38255685240041243,0.8993162372954375,0.0,1.0,0.0,0.0,0.0,0.0,1.0,0.0,1
TSHZ2,0.9351974305686757,0.7247711030435877,0.194262250334798,0.18034742613450833,0.0,0.0,0.6986442716825668,0.0,0.0,0.0,0.0,0.0,0.0,0.0,1
PPP1R14C,0.9351974305686757,0.2222952865873613,0.17915995886922473,0.27266033554154934,0.14166961840344988,0.0,0.8373825624780654,0.0,0.0,0.0,0.0,0.0,0.0,0.0,1
FHOD3,0.7636501039108257,0.24671552846085337,0.36289634166905715,0.4522228637298847,0.8098281857385227,0.7209625165747429,0.8625244117131341,0.0,0.0,0.0,0.0,0.0,0.0,0.0,1
C1QTNF4,0.6442471188361987,0.32285468563295816,0.6546260400042823,0.5263053325672814,0.6356138189501264,0.0,0.0,0.0,0.0,0.0,0.0,0.0,0.0,0.0,1
SPRED3,0.9351974305686757,0.4213743711517532,0.5909477912291529,0.0,0.942569851898914,0.4535209831697645,0.6946489833770106,0.0,0.0,0.0,0.0,0.0,0.0,0.0,1
PGLYRP2,0.9351974305686757,0.34814408901675153,0.6473496382186071,0.7095107627743577,0.0,0.0,0.622917634449506,0.0,0.0,0.0,0.0,0.0,0.0,0.0,1
KIAA1614,0.7895333459285849,0.8783036889893528,0.3981918480687154,0.5215735024433884,0.6465406279941451,0.95680409836715,0.0,0.0,0.0,0.0,1.0,0.0,0.0,0.0,1
ERICH5,0.9351974305686757,0.890412585336895,0.22370940367689893,0.43966678341401555,0.31792156514520914,0.0,0.0,0.0,0.0,0.0,0.0,0.0,0.0,0.0,1
IL17RD,0.03721896844889472,0.17941411512204009,0.33117931150046237,0.5197099828352039,0.23020841848157828,0.7129414989671956,0.25925686902994016,0.0,0.0,0.0,0.0,1.0,0.0,0.0,1
ALX4,0.9351974305686757,0.34013288581409684,0.38915121433132993,0.3820899182056687,0.45036102197844,0.4327359882611887,0.0,0.0,0.0,1.0,0.0,0.0,0.0,0.0,1
FMNL2,0.9351974305686757,0.2648172249240815,0.07034191178076199,0.8376476859749564,0.9490651439799989,0.0,0.8794944685811351,0.0,0.0,0.0,0.0,0.0,0.0,0.0,1
SLC6A2,0.7712072548649159,0.06216255299069179,0.24473914353851517,0.3986506707704183,0.7036754018263729,0.0,0.0,0.0,0.0,0.0,0.0,0.0,0.0,0.0,1
ACAN,0.9351974305686757,0.3055962737173779,0.17578855444662003,0.5126258155018423,0.0,0.0,0.8281708254336273,0.0,0.0,0.0,0.0,0.0,0.0,0.0,1
FOXP2,0.7857547704515397,0.38735834265665076,0.10887478239144452,0.0,0.5076455409759748,0.0,0.0,0.0,0.0,0.0,1.0,0.0,0.0,0.0,1
SIM2,0.6722085773663329,0.35727409031059965,0.31733023784375175,0.6438298702732178,0.5402520511902587,0.6712078301998042,0.699468735113009,0.0,0.0,1.0,0.0,0.0,0.0,0.0,1
LAMC3,0.48932552427734743,0.27554398703107513,0.5135055438305428,0.5699375885861916,0.7726815373388112,0.0,0.7991609791079424,0.0,0.0,0.0,0.0,1.0,0.0,0.0,1
PDE9A,0.9351974305686757,0.3623368419450343,0.5057869692298519,0.5910258879670406,0.7018439303372429,0.550754522892586,0.6875326809424948,0.0,0.0,0.0,0.0,0.0,0.0,0.0,1
HLF,0.9351974305686757,0.5289738262133636,0.13088249419183573,0.5622278275241716,0.202956986684856,0.0,0.0,0.0,0.0,0.0,0.0,0.0,0.0,0.0,1
APCDD1,0.9351974305686757,0.27314199602712513,0.499761826085068,0.7310095321231167,0.5129946159945531,0.0,0.868805034397279,0.0,0.0,0.0,0.0,0.0,0.0,0.0,1
MYADM,0.9351974305686757,0.37125982753765485,0.9171309997233855,0.9526596842014431,0.835847637092844,0.0,0.0,0.0,0.0,0.0,0.0,0.0,0.0,0.0,1
CAMSAP3,0.9351974305686757,0.2950202068634838,0.6627262277715279,0.5232961437002799,0.43415287127971336,0.9164128329094505,0.0,0.0,0.0,0.0,0.0,0.0,0.0,0.0,1
FOXD4,0.8671830719818628,0.28677458882267426,0.5641692428803172,0.0,0.6981259498788694,0.0,0.0,0.0,0.0,0.0,0.0,0.0,0.0,0.0,1
NRG2,0.9351974305686757,0.3217495871102283,0.1278886453650219,0.47428861529909316,0.30889998783924477,0.8221792367224587,0.0,0.0,0.0,0.0,0.0,0.0,0.0,0.0,1
PLEKHN1,0.0253164556962025,0.15959540607804193,0.21209343444604775,0.6401311900034797,0.8145060727965877,0.0,0.0,0.0,0.0,0.0,0.0,0.0,0.0,0.0,1
PLEKHF1,0.9351974305686757,0.4587894148001005,0.4967122929760577,0.586815616897469,0.6649177528217061,0.0,0.9149899935878592,0.0,0.0,0.0,0.0,0.0,0.0,0.0,1
KLHL21,0.47931229926317775,0.15550989032734364,0.40144411447901274,0.6764601150234467,0.5259525814075509,0.6144459847559172,0.0,0.0,0.0,0.0,0.0,0.0,0.0,0.0,1
POU6F1,0.05724541847723405,0.31407326224779475,0.06619247278507447,0.6680083953212365,0.6972424637576893,0.0,0.0,0.0,1.0,0.0,0.0,1.0,0.0,0.0,1
ZNF502,0.019648592480634774,0.20484964723611182,0.2727327573048785,0.43034100041459505,0.5732344110467461,0.0,0.883009596731057,0.0,0.0,0.0,0.0,0.0,0.0,0.0,1
ZNF93,0.6928018137162291,0.32836952302669137,0.07779203348155163,0.05369922366960466,0.0,0.0,0.0,1.0,0.0,0.0,0.0,0.0,0.0,0.0,1
FBXO41,0.49008123937275644,0.33350686120053885,0.21194921897763117,0.3164263072403174,0.4657631754218004,0.8770265017812442,0.0,0.0,0.0,0.0,0.0,1.0,0.0,0.0,1
SLC11A1,0.5184205554505952,0.2526794072653378,0.6755006352702738,0.6218051384878771,0.8322584104730155,0.4068434243786986,0.9121378623801722,0.0,0.0,0.0,0.0,0.0,0.0,0.0,1
PLA2G4D,0.7763083317589269,0.18309625469019952,0.6959196681278221,0.5260408437886193,0.6313640049948781,0.0,0.6863469922656759,0.0,0.0,0.0,0.0,0.0,0.0,0.0,1
GATA3,0.8809748724730777,0.45670555821936076,0.22619427209698936,0.4124337071662544,0.2827817860493304,0.2858732475577686,0.31960820626104536,0.0,0.0,0.0,0.0,0.0,0.0,0.0,1
VGLL3,0.9351974305686757,0.2812734509974047,0.10805454724441461,0.4608039892658788,0.13036592964300978,0.0,0.0,0.0,0.0,0.0,0.0,0.0,0.0,0.0,1
GRM4,0.762516531267712,0.39354141455655245,0.4025655893104355,0.6968896729179839,0.8204566145547878,0.5315645004717084,0.7112334447975321,0.0,0.0,0.0,0.0,0.0,0.0,0.0,1
SVEP1,0.49499338749291516,0.26604866391153115,0.19240483887810866,0.0,0.3637255953560106,0.0,0.0,0.0,0.0,0.0,1.0,0.0,0.0,0.0,1
FZD2,0.835065180426979,0.2501328097053831,0.383088340387775,0.053945353140138014,0.0,0.0,0.0,0.0,0.0,0.0,0.0,0.0,0.0,0.0,1
MYH3,0.0,0.017229490604378783,0.8340433586066054,0.8558676484955904,0.8640051026166171,0.0,0.0,0.0,0.0,0.0,0.0,0.0,0.0,0.0,1
PPL,0.9285849234838466,0.620232740446454,0.34983667953826975,0.39308673036505265,0.8533235801399852,0.0,0.6893356822206149,0.0,0.0,0.0,0.0,0.0,0.0,0.0,1
SLC12A8,0.529378424334026,0.35121127017832277,0.1962004019012714,0.6642539892254179,0.229515661618172,0.7769635487016435,0.0,0.0,0.0,0.0,0.0,0.0,0.0,0.0,1
RELT,0.9351974305686757,0.3795480664581289,0.03607918279565611,0.3079310388045833,0.4257338816746806,0.0,0.8698366177619757,0.0,0.0,0.0,0.0,0.0,0.0,0.0,1
BMP2,0.5104855469488003,0.4230731176412388,0.2202473649791047,0.6143456659050592,0.4191354682601805,0.0,0.5770249584822238,0.0,0.0,0.0,0.0,0.0,0.0,0.0,1
SLC29A4,0.689212167013036,0.42678874504342007,0.59449562967071,0.5958839092859721,0.5866041750644101,0.0,0.6209133721048582,0.0,0.0,0.0,0.0,0.0,0.0,0.0,1
PON3,0.629699603249575,0.40309153594995095,0.3435446630070401,0.7055144491970831,0.5600370086382507,0.0,0.0,0.0,0.0,0.0,0.0,0.0,0.0,0.0,1
TNNC2,0.8605705648970338,0.5402683593244593,0.23548066369152823,0.0,0.4542843810876261,0.0,0.8350493334106183,0.0,0.0,0.0,0.0,0.0,0.0,0.0,1
PRKCA,0.9351974305686757,0.5995874907718186,0.07796503089236811,0.552839680377789,0.8696649927804724,0.0,0.0,0.0,0.0,0.0,0.0,0.0,0.0,0.0,1
MLXIPL,0.8913659550349518,0.4102442328622204,0.13276217495924594,0.46929984661568097,0.4144737468670041,0.8660329472840652,0.0,0.0,0.0,0.0,0.0,0.0,0.0,0.0,1
TDRP,0.5618741734366144,0.07469765813487994,0.1389395423572739,0.946844879100154,0.6355707992427249,0.0,0.0,0.0,0.0,0.0,0.0,1.0,0.0,0.0,1
LUZP2,0.9351974305686757,0.32297341522630924,0.15783181825929374,0.24953554480549794,0.2415265693799534,0.0,0.0,0.0,0.0,0.0,0.0,1.0,0.0,0.0,1
PODN,0.6378235405252219,0.26675951929736436,0.2996528577580789,0.4600027092987474,0.7109572528959273,0.0,0.8304748071250159,0.0,0.0,0.0,0.0,0.0,0.0,0.0,1
RUNX1T1,0.9351974305686757,0.883157902748286,0.29799439757329543,0.40240372853717854,0.46800121657762767,0.3428815101645121,0.0,0.0,1.0,0.0,1.0,0.0,0.0,0.0,1
LGI4,0.8658605705648971,0.418221948230853,0.4206539277185766,0.0,0.8400155604492742,0.0,0.0,0.0,0.0,0.0,0.0,0.0,0.0,0.0,1
EGFL7,0.7814094086529378,0.29626077889657587,0.2236333418843273,0.5574479406718803,0.6704807721072932,0.6884736478276111,0.0,0.0,0.0,0.0,0.0,0.0,0.0,0.0,1
LRAT,0.5688645380691479,0.2312959030679423,0.29836302503501344,0.6711357314093124,0.6041026802055038,0.8384747729125397,0.7117240101577795,0.0,0.0,0.0,0.0,0.0,0.0,0.0,1
P3H4,0.9351974305686757,0.26913867768720845,0.29440492739877666,0.5486225160620516,0.0,0.9217034057694843,0.0,0.0,0.0,0.0,0.0,0.0,0.0,0.0,1
KCNK1,0.7627054600415644,0.8938450883241629,0.08669932694451415,0.1711142114342319,0.19151336516746867,0.0,0.0,0.0,0.0,0.0,1.0,0.0,0.0,0.0,1
CHGA,0.5987152843378046,0.2423575435151571,0.25779252587572377,0.4886308934650015,0.455593367436457,0.0,0.7336494771291625,0.0,0.0,0.0,0.0,0.0,0.0,0.0,1
MMEL1,0.0253164556962025,0.15959540607804193,0.6482980931252637,0.5679737737270358,0.32225767584237025,0.6456662999491374,0.7218524460989911,0.0,0.0,0.0,0.0,1.0,0.0,0.0,1
WNT6,0.5184205554505952,0.25489721518216624,0.3542693355531246,0.5256772321771016,0.34816893916253056,0.7474653046344029,0.5316743377458012,0.0,0.0,0.0,0.0,0.0,0.0,0.0,1
METRN,0.7370111467976572,0.5963787474027904,0.2560131983668052,0.5608516398799371,0.8421906307577797,0.0,0.0,0.0,0.0,0.0,0.0,0.0,0.0,0.0,1
CHST11,0.7876440581900623,0.30954327160916656,0.26739087924423516,0.5623957963707273,0.6326265754038417,0.0,0.782233042465204,0.0,0.0,0.0,0.0,0.0,0.0,0.0,1
SLIT3,0.6438692612884942,0.33044576873606263,0.15037829288243,0.5360356998527714,0.3846275947244655,0.6947332598846621,0.0,0.0,0.0,0.0,1.0,1.0,0.0,0.0,1
WDR38,0.5031173247685623,0.28287934485619254,0.04580104721750091,0.42084900104439954,0.5667222187660999,0.0,0.8521981849989249,0.0,0.0,0.0,0.0,0.0,0.0,0.0,1
PAPLN,0.0,0.2178322716167774,0.13896609237916396,0.3928044151623503,0.5479185876664098,0.0,0.8246836131073529,0.0,0.0,0.0,0.0,0.0,0.0,0.0,1
PTH1R,0.4332136784432269,0.1950635888302851,0.2860953644927841,0.8368423310958792,0.7585118000700602,0.5108425448480387,0.7483471444995173,0.0,0.0,0.0,0.0,0.0,0.0,0.0,1
SLC25A37,0.5618741734366144,0.06970644869131062,0.40814164221987487,0.38678804877156747,0.8623371955481389,0.7635681981436924,0.8414118826002841,0.0,0.0,0.0,0.0,1.0,0.0,0.0,1
BTNL9,0.6438692612884942,0.36281480466698635,0.24300317332646473,0.33457223901005706,0.0,0.5262530991372402,0.0,0.0,0.0,0.0,0.0,0.0,0.0,0.0,1
FAM124A,0.9351974305686757,0.11488762548424164,0.48980443046759137,0.4513511011974364,0.605755753658845,0.0,0.0,0.0,0.0,0.0,0.0,0.0,0.0,0.0,1
CXCL2,0.9351974305686757,0.3081672260657123,0.08205199721474092,0.650494073950735,0.7723547816158433,0.0,0.0,0.0,0.0,0.0,0.0,1.0,0.0,0.0,1
CACNB3,0.07122614774230113,0.3151555281564186,0.0472723537088269,0.630283971801394,0.4610354831387338,0.0,0.9176191423186622,0.0,0.0,0.0,0.0,0.0,0.0,0.0,1
EVC2,0.6691857169846969,0.20826083978354676,0.4738686478686549,0.5666208763088123,0.601825260488991,0.707776980369136,0.0,0.0,0.0,0.0,0.0,0.0,0.0,0.0,1
STX11,0.6788210844511618,0.22363479994824598,0.40561755310704445,0.879785982477679,0.4428415115711308,0.0,0.7956396092354869,0.0,0.0,0.0,0.0,1.0,0.0,0.0,1
TWIST1,0.6914793122992632,0.43212548804712647,0.2690127735712088,0.3401298889071032,0.37256318309813563,0.5848908477631648,0.0,0.0,0.0,0.0,0.0,0.0,0.0,0.0,1
TLX2,0.4823351596448139,0.3390551864282942,0.35760653208846604,0.6859162717022298,0.8602500133910526,0.0,0.0,0.0,0.0,0.0,0.0,0.0,0.0,0.0,1
CYP1A1,0.7736633289249952,0.26097525705718044,0.21207808245849744,0.05854620804277458,0.7555355704835158,0.8303595702154243,0.0,0.0,0.0,0.0,0.0,0.0,0.0,0.0,1
IRS1,0.45909692046098616,0.24412174349841315,0.1715338763573123,0.6115483074904448,0.1932216879238818,0.5412161919244376,0.0,0.0,0.0,0.0,0.0,0.0,0.0,0.0,1
CCDC60,0.48573587757415454,0.3096863559908974,0.3796090909967729,0.5476221565150979,0.0,0.0,0.0,0.0,1.0,0.0,0.0,0.0,0.0,0.0,1
EXO1,0.7343661439637257,0.8793007131386475,0.03384955493322102,0.48385500755295935,0.0,0.0,0.0,0.0,0.0,0.0,0.0,0.0,0.0,0.0,1
SLC7A5,0.5392027205743435,0.007676324862433526,0.3991975195219733,0.2601190121675478,0.7475062486879733,0.7024845259495026,0.7776198794805987,0.0,0.0,0.0,0.0,1.0,0.0,0.0,1
NKAIN2,0.9351974305686757,0.24707932811227548,0.12961555547661432,0.053758794433685066,0.18490322045275231,0.0,0.0,0.0,0.0,0.0,0.0,0.0,0.0,0.0,1
SNX21,0.8605705648970338,0.5385970119719008,0.9098555393095683,0.9341699876804255,0.0,0.0,0.0,0.0,0.0,0.0,0.0,0.0,1.0,0.0,1
EPS8L1,0.7944454940487437,0.3731686340769155,0.5376077391913625,0.7644518676750867,0.8038692201106309,0.0,0.0,0.0,0.0,0.0,0.0,0.0,0.0,0.0,1
SPATA18,0.9351974305686757,0.28661780487247984,0.2765045986951926,0.49945128258681165,0.4343959036216503,0.0,0.0,0.0,0.0,0.0,0.0,0.0,0.0,0.0,1
MSLN,0.7370111467976572,0.5955841724319021,0.5812056683677509,0.8559878998156973,0.5773999709494675,0.886921890563211,0.0,0.0,0.0,0.0,0.0,0.0,0.0,0.0,1
XKR7,0.7079161156244096,0.5046114269622731,0.3986641568448783,0.181750337508846,0.8010714780959306,0.6439427385617711,0.5132034416900866,0.0,0.0,0.0,0.0,0.0,0.0,0.0,1
MPO,0.9351974305686757,0.531798981665411,0.598596457811175,0.6252915401419346,0.7578660095016461,0.7873255155580026,0.41479358938649263,0.0,0.0,0.0,0.0,0.0,0.0,0.0,1
CDH13,0.6546382013980729,0.012751253891057968,0.2221191638352784,0.3087461406994742,0.48747618804233694,0.0,0.0,0.0,0.0,1.0,0.0,0.0,0.0,0.0,1
IGSF9,0.729453995843567,0.8891233037270441,0.5154524094338405,0.46840292340236755,0.3769906362870716,0.9495247335771434,0.5817693357616369,0.0,0.0,0.0,0.0,0.0,0.0,0.0,1
NR5A2,0.737577933119214,0.9011865348463753,0.36862305055816846,0.48654621228419925,0.42289178171352465,0.7504264506600412,0.30424630075388664,0.0,1.0,0.0,0.0,1.0,0.0,0.0,1
ESR2,0.5607406007935009,0.24695450982182954,0.15461950629759064,0.0,0.09903311245483042,0.7951099796382916,0.649836637424676,0.0,0.0,0.0,0.0,0.0,0.0,0.0,1
RPS6KA2,0.9351974305686757,0.1989588327967669,0.4803871589689493,0.8298465731611334,0.43044391525146436,0.8755089107326336,0.8697209481560279,0.0,0.0,1.0,0.0,1.0,0.0,0.0,1
COL5A1,0.5962592102777253,0.2841442716776644,0.6493791734639374,0.535320301656346,0.5696566771559217,0.6789546679845712,0.6873246817895939,0.0,0.0,0.0,0.0,0.0,0.0,0.0,1
FCRLB,0.9351974305686757,0.9094443302813741,0.10283401680809891,0.4519016206922341,0.548158049401451,0.6289151577470891,0.0,0.0,0.0,0.0,0.0,0.0,0.0,0.0,1
PDK2,0.9351974305686757,0.525042050064312,0.38185213559661485,0.34632328293239056,0.810318114106183,0.0,0.9446050508876369,0.0,0.0,0.0,0.0,0.0,0.0,0.0,1
OPRD1,0.4502172680899301,0.15829546924827434,0.45249415193796994,0.0,0.4030020790558034,0.9395899055073194,0.6175089662586019,0.0,0.0,0.0,0.0,0.0,0.0,0.0,1
GLT1D1,0.48573587757415454,0.29313575511260287,0.4121802368865907,0.4910560931375623,0.37419266771671583,0.0,0.6514850800657249,0.0,0.0,0.0,0.0,0.0,0.0,0.0,1
GCK,0.9351974305686757,0.45289860036075524,0.693749319120696,0.8376209913046829,0.8188510681494872,0.0,0.0,0.0,0.0,0.0,1.0,1.0,0.0,0.0,1
TMTC1,0.9351974305686757,0.4234293064212921,0.16819885820951694,0.10781797649563038,0.06485095275954376,0.0,0.0,0.0,0.0,0.0,1.0,0.0,0.0,0.0,1
STXBP2,0.9351974305686757,0.29369134872251523,0.9095004916238455,0.8565889575910405,0.0,0.9212328107148212,0.0,0.0,0.0,0.0,0.0,0.0,0.0,0.0,1
SYNPO,0.6363121103344039,0.3146729989116454,0.5190007447855974,0.727211516146941,0.8603385552244659,0.8162151560507939,0.0,0.0,0.0,0.0,0.0,0.0,0.0,0.0,1
GABRD,0.0253164556962025,0.15959540607804193,0.7015696286297674,0.7568661368990643,0.7126935029461435,0.0,0.0,0.0,0.0,0.0,0.0,0.0,0.0,0.0,1
PHYHIP,0.6092952956735311,0.08242421474834641,0.8518538907076177,0.0,0.0,0.0,0.5445397185772453,0.0,0.0,0.0,0.0,0.0,0.0,0.0,1
BMPER,0.9351974305686757,0.4431064532578336,0.38198006798112516,0.6111675781626266,0.7608937326253963,0.9126683927764578,0.7845376420740819,0.0,0.0,0.0,0.0,0.0,0.0,0.0,1
ADCY8,0.9351974305686757,0.8813115053542482,0.2542335289952223,0.3940646505989122,0.0,0.13578789278676764,0.0,0.0,0.0,0.0,0.0,0.0,0.0,0.0,1
PRUNE2,0.5873795579066692,0.2686865919279098,0.15860689323899027,0.10443785493393913,0.1180741972496748,0.6128896118998209,0.0,0.0,1.0,0.0,0.0,0.0,0.0,0.0,1
GPR68,0.003967504250897397,0.23194587148282614,0.6169426383589505,0.7296291812020775,0.7439113882994295,0.0,0.8822718275513204,0.0,0.0,0.0,0.0,0.0,0.0,0.0,1
ABLIM1,0.7515586623842812,0.2203423369941625,0.2824714153378103,0.8368623363986679,0.5240341754000327,0.9253906233309989,0.0,0.0,0.0,1.0,0.0,0.0,0.0,0.0,1
ABCA13,0.629699603249575,0.4431231971748446,0.8205098711483559,0.8060408194992928,0.7169366656037532,0.0,0.0,0.0,0.0,0.0,0.0,0.0,0.0,0.0,1
COL14A1,0.9351974305686757,0.9255900328028557,0.18868364731063392,0.6339561480611123,0.4752246878312947,0.0,0.8921833732831479,0.0,0.0,0.0,0.0,0.0,0.0,0.0,1
EDN3,0.9351974305686757,0.6350967722294527,0.3422482595450907,0.1907040762454551,0.3497383889033403,0.0,0.5034765150152181,0.0,0.0,0.0,0.0,0.0,0.0,0.0,1
LRFN2,0.9351974305686757,0.4070628886301192,0.32720743094983,0.6250473681510329,0.6703140925400705,0.9154707424005606,0.4425635972571339,0.0,0.0,0.0,0.0,0.0,0.0,0.0,1
PPARA,0.771962969960325,0.13114292455343196,0.3599223124241643,0.43092302979554264,0.6436339734454606,0.0,0.9662152304509897,0.0,0.0,0.0,0.0,0.0,0.0,0.0,1
FLI1,0.9351974305686757,0.09494866467261814,0.5543302038310706,0.4977576262073947,0.5166549709247673,0.0,0.6301260918672695,0.0,1.0,0.0,0.0,0.0,0.0,0.0,1
PPP2R2C,0.6691857169846969,0.21116819264637599,0.25492233615158744,0.5491286241210444,0.6064764427751295,0.5947838668333926,0.7743181440463793,0.0,0.0,0.0,0.0,0.0,0.0,0.0,1
JPH2,0.8424334026072171,0.5253708397074381,0.6548779998939022,0.7152500380393431,0.5958828748518444,0.0,0.0,0.0,0.0,0.0,0.0,0.0,0.0,0.0,1
SFRP5,0.6433024749669375,0.22567451347504774,0.2692818595337114,0.15069234805450854,0.6954046496063562,0.5628265117568977,0.0,0.0,0.0,0.0,0.0,0.0,0.0,0.0,1
KLF6,0.9351974305686757,0.44228752349856554,0.11547118951718394,0.19304522380347094,0.2954854596463814,0.7486073470091018,0.0,0.0,0.0,0.0,0.0,0.0,0.0,0.0,1
SYDE1,0.9351974305686757,0.35878713153868985,0.5428787611989684,0.28524512036310246,0.7064480934744441,0.0,0.9160710323361309,0.0,0.0,0.0,0.0,0.0,0.0,0.0,1
REM1,0.9351974305686757,0.504606860439452,0.6531299903410404,0.0,0.0,0.0,0.0,0.0,0.0,0.0,0.0,0.0,0.0,0.0,1
DMRTA1,0.8671830719818628,0.24663637539861943,0.3317556135237552,0.0,0.0,0.0,0.0,0.0,0.0,0.0,0.0,0.0,0.0,0.0,1
VWCE,0.9351974305686757,0.3423324276396405,0.4367787716762376,0.0,0.7398003254289314,0.7954991689318143,0.0,0.0,0.0,0.0,0.0,0.0,0.0,0.0,1
ADM2,0.5254109200831287,0.13635941578951355,0.19325991882456925,0.0,0.5058855007152441,0.0,0.0,0.0,0.0,0.0,0.0,0.0,0.0,0.0,1
WIPF3,0.9351974305686757,0.45087410857669097,0.18238853149850312,0.31678693647722644,0.49506739037461583,0.8736121753882982,0.5675007500721231,0.0,0.0,0.0,0.0,0.0,0.0,0.0,1
KCNIP1,0.6438692612884942,0.3496358198050095,0.3162922319449054,0.44987911701329053,0.8350057155484578,0.0,0.5647338191647381,0.0,0.0,0.0,0.0,0.0,0.0,0.0,1
SCGN,0.82845267334215,0.39544869892153944,0.18605716889641827,0.33833608726667685,0.0,0.0,0.37640781324324707,0.0,0.0,0.0,0.0,0.0,0.0,0.0,1
PIF1,0.9351974305686757,0.25012824318256194,0.38480495988285907,0.9371092860897479,0.03667075453640832,0.9360409673196146,0.0,0.0,0.0,0.0,0.0,0.0,0.0,0.0,1
SPX,0.9351974305686757,0.38922452831624693,0.13258147375085572,0.38175308338567104,0.12885550852640515,0.6136077940253348,0.0,0.0,0.0,0.0,0.0,0.0,0.0,0.0,1
PTPN14,0.9351974305686757,0.8976444353113988,0.31136175115866677,0.7998230251499323,0.45736362065760294,0.8046116542651452,0.8509897771240208,0.0,0.0,0.0,0.0,0.0,0.0,0.0,1
ZDBF2,0.5274891365955034,0.2658203377704713,0.21857892378812357,0.42096135393767214,0.3344888943367313,0.0,0.8872542837602845,0.0,0.0,0.0,0.0,0.0,0.0,0.0,1
RAB11FIP4,0.6946911014547515,0.292907428971543,0.1719966858847776,0.7170615783255998,0.5601220875636498,0.0,0.7814925116051895,0.0,0.0,1.0,0.0,0.0,0.0,0.0,1
XKR6,0.5618741734366144,0.07915306223409516,0.39855138475512586,0.28784471736612255,0.5109355991519279,0.7399717021992807,0.47406433876378345,0.0,0.0,0.0,0.0,0.0,0.0,0.0,1
FAM149A,0.5329680710372189,0.2217655699401025,0.15141048800843657,0.295222384998755,0.35991361594109256,0.0,0.8491299647119386,0.0,0.0,0.0,0.0,0.0,0.0,0.0,1
APCDD1L,0.9351974305686757,0.6394090919469371,0.9303032558312718,0.0,0.0,0.8740562576867877,0.7546567027632277,0.0,0.0,0.0,0.0,0.0,0.0,0.0,1
BCL11A,0.5477045153976952,0.3502112016804804,0.17923581335207656,0.2844211416183016,0.2507469734017084,0.6300744583251591,0.566566751073494,0.0,0.0,0.0,0.0,0.0,1.0,0.0,1
ARMC9,0.05686756092952955,0.22278999322632442,0.20284156452354538,0.6406729699967719,0.9050752728212716,0.26507078236274845,0.9424656253031194,0.0,0.0,0.0,0.0,0.0,0.0,0.0,1
MOXD1,0.7430568675609295,0.24753750256866908,0.1606132226279268,0.2309452248199757,0.5059931629714488,0.0,0.0,0.0,0.0,0.0,0.0,1.0,0.0,0.0,1
KRT83,0.6848668052144341,0.3267255748110601,0.8265577591005895,0.4892918217012742,0.6828869721412505,0.7651346830818009,0.0,0.0,0.0,0.0,0.0,0.0,0.0,0.0,1
KCNMA1,0.9351974305686757,0.3350549124369249,0.14277650992682964,0.353280083551744,0.8537240099882879,0.0,0.0,0.0,0.0,1.0,0.0,0.0,0.0,0.0,1
ABCG2,0.5766106177970904,0.23587460328332988,0.10096261960057581,0.2566528454032289,0.0,0.0,0.0,0.0,0.0,0.0,0.0,0.0,0.0,0.0,1
CNIH2,0.9351974305686757,0.384044569262735,0.26500863039234723,0.0,0.9399544339644825,0.0,0.0,0.0,0.0,0.0,0.0,0.0,0.0,0.0,1
KCNB1,0.9351974305686757,0.5831327868727693,0.20980801894158302,0.6625331477971282,0.0,0.34399401037939686,0.0,0.0,0.0,0.0,0.0,0.0,0.0,0.0,1
ETNK2,0.9351974305686757,0.9321977913251289,0.0875047224458866,0.39409895426689323,0.776468023796255,0.8846958877291793,0.0,0.0,0.0,0.0,0.0,0.0,0.0,0.0,1
LHX6,0.5490270168146609,0.28033883599333287,0.4405320139475205,0.6314238089958536,0.3036789308993275,0.0,0.0,0.0,0.0,0.0,0.0,0.0,0.0,0.0,1
CDO1,0.546948800302286,0.2818396998272332,0.36705269190035295,0.8577679713266189,0.7743527541997319,0.6852440144118056,0.0,0.0,0.0,0.0,0.0,0.0,0.0,0.0,1
KCNIP2,0.6516153410164368,0.22275650539230238,0.3843168477219045,0.3173153916718427,0.41400253430448203,0.0,0.7239761696334724,0.0,0.0,0.0,0.0,0.0,0.0,0.0,1
COLGALT2,0.7895333459285849,0.881567230632236,0.17388342567415394,0.766708799522977,0.5309750309044995,0.7121263496258918,0.0,0.0,0.0,0.0,0.0,0.0,0.0,0.0,1
SPDEF,0.762516531267712,0.3905686081999527,0.6642284659971737,0.0,0.3870920463218147,0.9475457076405118,0.1801146707214193,0.0,0.0,0.0,0.0,0.0,0.0,0.0,1
SHC3,0.711127904779898,0.274116187562314,0.13073641572585934,0.45916539529074285,0.41649466612592295,0.0,0.0,0.0,0.0,0.0,0.0,0.0,0.0,0.0,1
IL1R1,0.9351974305686757,0.30941388679589926,0.15777420333841355,0.7629068214677895,0.6004562518076838,0.0,0.9310250197270763,0.0,0.0,0.0,0.0,0.0,0.0,0.0,1
AMOTL1,0.9351974305686757,0.16463228074982308,0.12873215781570033,0.5283392492202156,0.5673306287199877,0.7334779663419682,0.0,0.0,0.0,0.0,0.0,0.0,0.0,0.0,1
SLC7A10,0.9351974305686757,0.4287919263876522,0.22426780565006585,0.45674295668015075,0.34775417437175876,0.8657613194679611,0.5021459049240882,0.0,0.0,0.0,0.0,0.0,0.0,0.0,1
EPAS1,0.4823351596448139,0.3373046860135017,0.06040466940746071,0.7530462029843804,0.8380210314528137,0.5833000543109841,0.0,0.0,1.0,0.0,0.0,1.0,0.0,0.0,1
LY6H,0.9351974305686757,0.8358243715322974,0.25875828167431,0.4650914191718913,0.16668926343987858,0.0,0.0,0.0,0.0,0.0,0.0,0.0,0.0,0.0,1
PKDCC,0.5405252219913093,0.33338660943291404,0.2035325297700395,0.6045201292379979,0.7674815044302563,0.0,0.0,0.0,0.0,0.0,0.0,0.0,0.0,0.0,1
BMP3,0.541847723408275,0.241264622386617,0.15432899746637993,0.5071275127862512,0.32850597509811774,0.0,0.8009203345017849,0.0,0.0,0.0,0.0,0.0,0.0,0.0,1
CD164L2,0.4524844133761572,0.14769504760600055,0.250041929758065,0.6601840039216822,0.6523211696433988,0.8746114584441214,0.0,0.0,0.0,0.0,0.0,0.0,0.0,0.0,1
KCNK9,0.9351974305686757,0.8444444444444446,0.30360323900221914,0.5439036023194265,0.5237468336618555,0.8991703569050794,0.0,0.0,0.0,0.0,0.0,0.0,0.0,0.0,1
ITIH5,0.8809748724730777,0.45576181016964656,0.5771817675545248,0.38315463148016066,0.47823234717034757,0.40829317258494674,0.7364811315946819,0.0,0.0,0.0,0.0,1.0,0.0,0.0,1
MMRN2,0.5996599282070659,0.23704363312555654,0.8468795781164805,0.8120034083167944,0.9244679392788379,0.0,0.0,0.0,0.0,0.0,0.0,0.0,0.0,0.0,1
ZNF853,0.689212167013036,0.42206696044630143,0.4245678267997719,0.8391447700105199,0.5628799488819832,0.0,0.0,0.0,1.0,0.0,0.0,0.0,0.0,0.0,1
KCNC2,0.9351974305686757,0.37120502926380033,0.39696651551890066,0.8705038730555075,0.31100675641658704,0.0,0.0,0.0,0.0,0.0,0.0,0.0,0.0,0.0,1
PAX9,0.9351974305686757,0.3392104482042149,0.4616860751192838,0.45840379578993096,0.3545703191592229,0.0,0.0,0.0,0.0,0.0,0.0,0.0,0.0,0.0,1
ABCC9,0.9351974305686757,0.3930969396686227,0.42717225683226234,0.0,0.6929025121712936,0.827680122639828,0.0,0.0,0.0,0.0,0.0,0.0,1.0,0.0,1
MYH11,0.698658605705649,0.6131196200653017,0.1681310716435895,0.29047175968204436,0.0,0.9376537490006901,0.0,0.0,0.0,0.0,1.0,0.0,0.0,0.0,1
SEMA3D,0.5108634044965048,0.3977243494607698,0.20278582341199558,0.3505616510416514,0.29203731760116525,0.42101537070578327,0.0,0.0,0.0,1.0,0.0,0.0,0.0,0.0,1
SEMA6C,0.9351974305686757,0.9049173839912934,0.15719648206266779,0.0,0.05985643912001822,0.8412045673568014,0.8901359672132148,0.0,0.0,0.0,0.0,0.0,0.0,0.0,1
ALPL,0.4502172680899301,0.13517820855309734,0.20069392253923568,0.7890963629572934,0.8952986016037316,0.0,0.2834802999691096,0.0,0.0,1.0,0.0,0.0,0.0,0.0,1
PYCR1,0.7232193463064425,0.4554512866178051,0.30414776330903187,0.3215854983348409,0.4821210761893955,0.0,0.0,0.0,0.0,0.0,0.0,1.0,0.0,0.0,1
GJC2,0.7320989986774986,0.8883241622333341,0.6958969343095136,0.5183735540227374,0.8672674454573986,0.0,0.0,0.0,0.0,0.0,0.0,0.0,0.0,0.0,1
VIPR1,0.0,0.20877837903661575,0.29612379091830127,0.9132817350535553,0.7180900304729888,0.565796818325406,0.7191508702600717,0.0,0.0,0.0,0.0,0.0,0.0,0.0,1
PRR36,0.8216512374834687,0.2872982167728383,0.2399299729344636,0.3274586489474804,0.1694626415735728,0.0,0.0,0.0,0.0,0.0,0.0,0.0,0.0,0.0,1
TFR2,0.9351974305686757,0.39758735377613386,0.433717572121325,0.7895533335773436,0.6743718552842195,0.7951505624043468,0.8448846307490412,0.0,0.0,0.0,0.0,0.0,0.0,0.0,1
HSD17B7,0.8329869639146043,0.9000951358921088,0.11226374050241109,0.3934750678542053,0.0,0.0,0.0,0.0,0.0,0.0,0.0,0.0,0.0,0.0,1
EBF2,0.5618741734366144,0.06996521831784513,0.2508919474638938,0.297269295059177,0.4988792924282262,0.4612833454719787,0.0,0.0,0.0,0.0,0.0,0.0,0.0,0.0,1
RECK,0.8071037218968449,0.30521877449749224,0.30479174401646025,0.5081872702808083,0.0,0.0,0.0,0.0,0.0,1.0,1.0,0.0,0.0,0.0,1
FAM83A,0.9351974305686757,0.9145268701813671,0.8119591555292608,0.7334153865764813,0.9033658165749227,0.0,0.0,0.0,0.0,0.0,0.0,1.0,0.0,0.0,1
ISM1,0.9351974305686757,0.4490627211909492,0.19647566832496965,0.0,0.6999683715839328,0.0,0.0,0.0,0.0,0.0,0.0,1.0,0.0,0.0,1
C3orf52,0.7101832609106367,0.3737501046494814,0.09326761486689326,0.5050144763882238,0.3103929072700397,0.0,0.37701498455629295,0.0,0.0,0.0,0.0,0.0,0.0,0.0,1
SERPINF2,0.4496504817683733,0.04137117458577794,0.851349014323974,0.37595312411070353,0.8542104484938624,0.9417677206933843,0.0,0.0,0.0,0.0,0.0,0.0,0.0,0.0,1
POU6F2,0.9351974305686757,0.44467885928259937,0.17254229483795316,0.6933142981950758,0.6531317526082284,0.0,0.5768526210035599,0.0,0.0,0.0,0.0,0.0,0.0,0.0,1
CES1,0.6058945777441904,0.05666293733969591,0.6716086453926756,0.0,0.0,0.797319028421652,0.0,0.0,0.0,0.0,0.0,0.0,0.0,0.0,1
LLGL2,0.9351974305686757,0.5043161251531689,0.28297770539242084,0.7380842275671506,0.6425336541225856,0.9473349936888688,0.6841368948310008,0.0,0.0,0.0,1.0,0.0,0.0,0.0,1
VGF,0.5739656149631589,0.37821464179433906,0.11770332397176918,0.20912800206373675,0.22075915967179194,0.0,0.0,0.0,0.0,0.0,0.0,0.0,0.0,0.0,1
DUOX2,0.8216512374834687,0.20207015701227632,0.3811173019988591,0.5530249772310247,0.0,0.6096942135180397,0.0,0.0,0.0,0.0,0.0,0.0,0.0,0.0,1
SYNE1,0.9066691857169846,0.23254560814667666,0.09635364998759902,0.24433145677976822,0.4955216743105611,0.0,0.0,0.0,0.0,1.0,1.0,0.0,0.0,0.0,1
KCNH1,0.7337993576421689,0.8906104679924808,0.9042611061948254,0.8643223332249732,0.8914440182408263,0.0,0.8113552192042389,0.0,0.0,0.0,0.0,0.0,0.0,0.0,1
TMEM151A,0.9351974305686757,0.37911272461584133,0.5271075168900367,0.22268723223718068,0.5900182468116179,0.0,0.0,0.0,0.0,0.0,0.0,0.0,0.0,0.0,1
ZMYND10,0.05138862648781409,0.1777458121180294,0.06498203083957173,0.0,0.2234881158805858,0.0,0.0,0.0,0.0,0.0,0.0,0.0,0.0,0.0,1
PACSIN1,0.762516531267712,0.3907923678181915,0.29299589174788604,0.5460475721620529,0.698325888740152,0.764503296985296,0.795546648445321,0.0,1.0,0.0,0.0,0.0,0.0,0.0,1
DMBT1,0.6332892499527678,0.23572847455305168,0.7628720498158531,0.6423470044626043,0.0,0.0,0.0,0.0,0.0,0.0,0.0,0.0,0.0,0.0,1
SLC27A1,0.9351974305686757,0.3441316376311924,0.5034504225966638,0.5214033319204402,0.048860283535331485,0.9178910048218338,0.895327852350693,0.0,0.0,0.0,0.0,0.0,0.0,0.0,1
EMILIN3,0.9351974305686757,0.5212442252513492,0.3511582981622111,0.6786418394007409,0.3649942834836223,0.837199267591827,0.0,0.0,0.0,0.0,0.0,0.0,0.0,0.0,1
DLX4,0.9351974305686757,0.504503352588838,0.23421574075081492,0.48739623878191174,0.6779243094833618,0.0,0.0,0.0,0.0,0.0,0.0,0.0,0.0,0.0,1
DCHS2,0.5118080483657661,0.2283520180225434,0.3187594527393406,0.6930003932519188,0.31986984517409783,0.35413848127234954,0.7384920270938675,0.0,0.0,0.0,0.0,0.0,0.0,0.0,1
NPR1,0.85187984129983,0.8862737934866166,0.13430686828309463,0.47694872229594937,0.623650898441626,0.9407526007743343,0.691366733044154,0.0,0.0,0.0,0.0,0.0,0.0,0.0,1
FAM107A,0.03721896844889472,0.18345092129597887,0.6053166547362075,0.11640597724549061,0.6697196867384209,0.0,0.0,0.0,0.0,0.0,1.0,0.0,0.0,0.0,1
GLDN,0.9351974305686757,0.2351470039804858,0.23329023464421486,0.7055570983540114,0.6453751451493932,0.0,0.0,0.0,0.0,0.0,0.0,0.0,0.0,0.0,1
CPLX2,0.6438692612884942,0.3571934150740918,0.19056410997637432,0.5358639407897691,0.24673754809171852,0.3717870750403182,0.6231368895464553,0.0,0.0,0.0,0.0,0.0,0.0,0.0,1
KCNK15,0.9351974305686757,0.5341294304784956,0.7955498474925301,0.0,0.5407158350882513,0.0,0.0,0.0,0.0,0.0,0.0,0.0,0.0,0.0,1
SLC27A6,0.670130360853958,0.2935269539009521,0.11515474234460572,0.2364737322477684,0.6636115839224231,0.0,0.0,0.0,0.0,0.0,0.0,0.0,0.0,0.0,1
GAD1,0.9351974305686757,0.2890852493702004,0.30606632105679565,0.0,0.0,0.0,0.0,0.0,0.0,0.0,1.0,0.0,0.0,0.0,1
UNC5A,0.6438692612884942,0.3661331445837235,0.3582685906842332,0.6075522838259912,0.4035913545996921,0.613131790451384,0.7476111872352439,0.0,0.0,0.0,1.0,0.0,0.0,0.0,1
CLCN1,0.8074815794445493,0.38759884619190055,0.37083484023878105,0.0,0.8320768470914311,0.8889750220934097,0.9236470117040806,0.0,0.0,0.0,0.0,0.0,0.0,0.0,1
CRTAC1,0.6433024749669375,0.22653301976543294,0.3175915628316959,0.41830067313852787,0.6809741112963597,0.6485704869855681,0.0,0.0,0.0,0.0,0.0,0.0,0.0,0.0,1
CD72,0.9351974305686757,0.3126302410362963,0.28105311681233114,0.7687837281212506,0.7196187706332904,0.0,0.0,0.0,0.0,1.0,0.0,0.0,0.0,0.0,1
CBX4,0.9351974305686757,0.4979077714607547,0.29423613668297555,0.06605008432870155,0.3794938414050957,0.0,0.0,0.0,0.0,0.0,0.0,0.0,0.0,0.0,1
DPF1,0.9351974305686757,0.432783067333379,0.25324472549606747,0.8232021650104921,0.14363607359805342,0.8937479466310125,0.5248503454262838,0.0,0.0,0.0,1.0,0.0,0.0,0.0,1
COL12A1,0.6109956546382014,0.2473396199130838,0.14994917678036754,0.11451355734979045,0.5546933563204488,0.0,0.880642432171501,0.0,0.0,0.0,0.0,0.0,0.0,0.0,1
CDH5,0.52635556395239,0.01601783988248795,0.890107966737593,0.8964262918042012,0.8715495956875967,0.5621526830824736,0.0,0.0,1.0,0.0,0.0,0.0,0.0,0.0,1
ACSL1,0.5144530511996976,0.21794643468730737,0.7205673935034498,0.7686228433809144,0.6995650711212174,0.0,0.0,0.0,0.0,0.0,0.0,0.0,0.0,0.0,1
DRD2,0.47232193463064426,0.05987168070872401,0.18009024292219952,0.4941117387237926,0.2760298316301781,0.6173043032616468,0.0,0.0,0.0,0.0,0.0,0.0,0.0,0.0,1
CCNI2,0.6433024749669375,0.29264713717073465,0.43307633574421417,0.059323246424444816,0.8765695189932191,0.0,0.0,0.0,0.0,0.0,0.0,0.0,0.0,0.0,1
AGTR1,0.8344983941054223,0.42709470207244027,0.13694109439220886,0.0,0.2494793344538921,0.0,0.0,0.0,0.0,0.0,0.0,0.0,0.0,0.0,1
C10orf90,0.9351974305686757,0.25298536429435814,0.5266960870208158,0.3540580982406994,0.7882038532807235,0.7949616418498061,0.6479148977694608,0.0,0.0,0.0,1.0,0.0,0.0,0.0,1
PKNOX2,0.0,0.06676713016873276,0.3717598816752919,0.0,0.6923591091491146,0.0,0.6109300964282661,0.0,0.0,0.0,0.0,0.0,0.0,0.0,1
SFRP1,1.0,0.6552868917962418,0.2853160027763552,0.3787360207713009,0.36933706741240346,0.0,0.0,0.0,0.0,0.0,0.0,0.0,0.0,0.0,1
ADAMTS14,0.6083506518042698,0.28276213743711515,0.1529641138668447,0.10958712003615541,0.5070008578437376,0.0,0.0,0.0,0.0,0.0,0.0,0.0,0.0,0.0,1
HBEGF,0.7169846967693179,0.3158268070111347,0.08883797050573541,0.7000282697643762,0.1325975965752773,0.6295805927484217,0.0,0.0,0.0,0.0,0.0,1.0,0.0,0.0,1
ZFP36L2,0.5514830908747401,0.33031029522570043,0.11899786552463629,0.11195620451658608,0.0,0.0,0.0,0.0,0.0,0.0,0.0,0.0,0.0,0.0,1
TYRO3,0.7723408275080295,0.18525165346180492,0.11364257231279451,0.3106229722137564,0.7507491651110053,0.0,0.0,0.0,0.0,0.0,0.0,0.0,0.0,0.0,1
KIF26B,0.9351974305686757,0.8903608314115888,0.43485758779717115,0.8319360824633826,0.7972154259332691,0.7972041250841518,0.8327358029016547,0.0,1.0,0.0,0.0,0.0,0.0,0.0,1
CHST2,0.6140185150198375,0.4082775837005579,0.30903202115661826,0.8268777228084718,0.0,0.0,0.0,0.0,0.0,0.0,0.0,0.0,0.0,0.0,1
WT1,0.9351974305686757,0.372926608367392,0.48218708729217896,0.6136193985810632,0.4693390939638128,0.7037950023910878,0.0,0.0,0.0,0.0,0.0,1.0,0.0,0.0,1
C2CD2,0.9351974305686757,0.36069746025222427,0.3909399194913306,0.7827136960693611,0.8696535990736758,0.8803799792853839,0.0,0.0,0.0,0.0,0.0,0.0,0.0,0.0,1
ACSS3,0.6181749480445873,0.33678410241188517,0.1330422326800583,0.11619953874829855,0.3493530012610111,0.7156050494500259,0.0,0.0,0.0,0.0,0.0,0.0,0.0,0.0,1
ULBP1,0.9351974305686757,0.2215661651102434,0.21899049914840962,0.20665799399834833,0.0,0.0,0.7736327439219315,0.0,0.0,0.0,0.0,0.0,0.0,0.0,1
CNNM1,0.4349140374078972,0.22141090333432273,0.5297464871547133,0.42843856663553553,0.47095235901761695,0.0,0.8443071801844918,0.0,0.0,0.0,0.0,0.0,0.0,0.0,1
MCIDAS,0.5505384470054789,0.27603260497294335,0.4319573023197655,0.7365055455995623,0.673168832379072,0.0,0.0,0.0,0.0,0.0,0.0,0.0,0.0,0.0,1
SALL4,0.9351974305686757,0.6343143746527542,0.603508247823848,0.23058335061239923,0.8344300090224661,0.8773942435454452,0.0,0.0,0.0,0.0,0.0,0.0,0.0,0.0,1
IGFN1,0.7169846967693179,0.9087152088042566,0.7859751437559716,0.7874271138361848,0.8776931427235092,0.0,0.0,0.0,0.0,0.0,0.0,0.0,0.0,0.0,1
PLEKHG6,0.9293406385792556,0.3973879489462749,0.15022359437883112,0.8707668876920741,0.5718316613760718,0.0,0.1859432040598379,0.0,0.0,0.0,0.0,0.0,0.0,0.0,1
CPXM2,0.6591724919705271,0.23812285468563305,0.5918507849030771,0.5246875802564476,0.5926545766832392,0.8075704157476545,0.5039591814058855,0.0,0.0,0.0,0.0,0.0,0.0,0.0,1
SRD5A2,0.82259588135273,0.33720270033716165,0.5547619469209533,0.19839429729982128,0.958348203065871,0.7028662659981104,0.0,0.0,0.0,0.0,0.0,1.0,0.0,0.0,1
CCDC8,0.9351974305686757,0.3264500612675145,0.5634375252384853,0.5432853003811403,0.6511011320681143,0.0,0.0,0.0,0.0,0.0,0.0,0.0,0.0,0.0,1
TNFRSF8,0.4502172680899301,0.1432305104611427,0.2445186531824676,0.37707085011127855,0.0,0.0,0.7217547761159125,0.0,0.0,0.0,0.0,0.0,0.0,0.0,1
NYNRIN,0.9351974305686757,0.3186854502972045,0.1099289800576233,0.6319334414471341,0.3721173761468389,0.0,0.0,0.0,0.0,0.0,0.0,0.0,0.0,0.0,1
MYBL2,0.8549027016814661,0.5344110327191361,0.16662993753064015,0.0,0.17616343284014824,0.0,0.8811486790876079,0.0,0.0,0.0,0.0,0.0,0.0,0.0,1
PTH2R,0.5575288116380124,0.26268922528940336,0.4345764978270533,0.8566653626418701,0.2518027728788174,0.0,0.8507438057679532,0.0,0.0,0.0,0.0,0.0,0.0,0.0,1
RASIP1,0.7961458530134139,0.32884139705154847,0.6339215648145511,0.7310335745527208,0.7971741279160286,0.36088704387713577,0.526559459354194,0.0,0.0,1.0,0.0,1.0,0.0,0.0,1
TCF7,0.6433024749669375,0.2946594515606092,0.1457614291950017,0.7328107065131675,0.4842176635016417,0.0,0.919474442228405,0.0,0.0,0.0,0.0,0.0,0.0,0.0,1
NFIL3,0.6244095975817117,0.2704325258198811,0.1117207384092733,0.3890592091754604,0.0,0.0,0.0,0.0,0.0,0.0,0.0,0.0,0.0,0.0,1
HEY2,0.9351974305686757,0.2480535196474643,0.9434084295566629,0.75626098612698,0.7524323281607539,0.0,0.0,0.0,0.0,0.0,0.0,0.0,0.0,0.0,1
LRP1B,0.6283771018326091,0.2513535934729167,0.13526367979222856,0.7552557321216065,0.08176274458120221,0.0,0.0,0.0,0.0,0.0,0.0,0.0,0.0,0.0,1
AMOTL2,0.5582845267334215,0.3771597750226424,0.22070715360962745,0.6745976053466862,0.32128066939851707,0.6303820427244929,0.0,0.0,0.0,0.0,0.0,0.0,0.0,0.0,1
FOXI1,0.6438692612884942,0.3423111171998082,0.6188650613751749,0.5034581525502446,0.8133596277115572,0.0,0.8230743664885796,0.0,0.0,0.0,0.0,0.0,0.0,0.0,1
AHNAK,0.6523710561118459,0.2930002816022407,0.3521575972241488,0.3576991573200203,0.33661999697890116,0.3123746688410549,0.5929116878454299,0.0,0.0,0.0,0.0,0.0,0.0,0.0,1
PTCH1,0.49499338749291516,0.25587597324017625,0.1234675913440324,0.48247540012283313,0.629671052376058,0.0,0.0,0.0,0.0,0.0,0.0,0.0,0.0,0.0,1
ALPK3,0.9351974305686757,0.3062142764725133,0.7776564771844949,0.790357450271134,0.4756316826891213,0.0,0.22398297218354088,0.0,0.0,0.0,0.0,0.0,0.0,0.0,1
CLIP4,0.9351974305686757,0.3384295728017901,0.3325023139207016,0.49152988794395974,0.23074191518091902,0.0,0.0,0.0,0.0,0.0,0.0,0.0,0.0,0.0,1
MYOM1,0.7084829019459664,0.27769329710558566,0.7289773816715487,0.8582044505269605,0.402580564636234,0.0,0.0,0.0,0.0,0.0,0.0,1.0,0.0,0.0,1
BIN1,0.024182883053088966,0.24957417174692334,0.3831019856325163,0.7797354167695861,0.5967101805326951,0.8551700199985414,0.7119428120369636,0.0,0.0,0.0,0.0,0.0,0.0,0.0,1
NETO1,0.5767995465709428,0.22505042202281725,0.2891988536928005,0.6875878792495699,0.0,0.0,0.0,0.0,1.0,0.0,0.0,1.0,0.0,0.0,1
CNTFR,0.9351974305686757,0.3121553226628917,0.20861630330798556,0.46247774098102984,0.0,0.5271220187348782,0.0,0.0,0.0,0.0,0.0,0.0,0.0,0.0,1
HCN1,0.9351974305686757,0.4057781735430889,0.26000991952727376,0.0,0.5652586904283534,0.7627732920407699,0.0,0.0,0.0,0.0,0.0,1.0,0.0,0.0,1
MARVELD2,0.5505384470054789,0.2588563904681447,0.21288620728638008,0.0,0.29987403561801196,0.0,0.9566966621338258,0.0,0.0,0.0,0.0,1.0,0.0,0.0,1
FOXI2,0.5063291139240507,0.23564018844517515,0.3726486118366227,0.0,0.8769308331900725,0.0,0.0,0.0,0.0,0.0,0.0,0.0,0.0,0.0,1
DNAH14,0.8569809181938409,0.9038503398254067,0.02503847028670858,0.25795303119641516,0.01776668537701045,0.0,0.0,0.0,0.0,1.0,1.0,0.0,0.0,0.0,1
SORCS3,0.6519931985641413,0.21789011423917928,0.2048039936357902,0.0,0.4318296683642029,0.0,0.0,0.0,0.0,0.0,0.0,0.0,0.0,0.0,1
NXPH1,0.711127904779898,0.42733672778196374,0.339455641034666,0.5143173938697273,0.34586903556415743,0.6489595705280237,0.3877086902876246,0.0,1.0,0.0,0.0,0.0,0.0,0.0,1
TTBK1,0.9351974305686757,0.4052773782070308,0.441623497492399,0.6626096089999187,0.7214910951277494,0.7650310442742648,0.4523795414255372,0.0,0.0,0.0,0.0,1.0,0.0,0.0,1
GPR88,0.6351785376912904,0.22216437959982038,0.17261011288987899,0.42674505156248516,0.845734088723899,0.9317618984356731,0.0,0.0,0.0,0.0,0.0,0.0,0.0,0.0,1
MYOM2,0.6918571698469678,0.08876102624989532,0.7701415918701607,0.63340425234604,0.6935512330735607,0.681103932970302,0.8011249852548155,0.0,0.0,0.0,0.0,1.0,0.0,0.0,1
ADRA2A,0.7515586623842812,0.21608024902771122,0.19207075719170966,0.02958999517093984,0.9222304074478437,0.0,0.0,0.0,0.0,0.0,0.0,0.0,0.0,0.0,1
MUC4,0.7035707538258077,0.4603785647418773,0.7183255154715912,0.6233082179873202,0.8489532945236551,0.7623334906368008,0.791324917199708,0.0,0.0,0.0,0.0,0.0,0.0,0.0,1
VSTM4,0.5692423956168524,0.27237634236743763,0.19344716305781195,0.1822959856781505,0.4008899579459294,0.5307123977698142,0.0,0.0,0.0,0.0,0.0,0.0,0.0,0.0,1
KCNH8,0.6542603438503685,0.30281982784208966,0.24077205608252203,0.23976255217498746,0.2205404526001128,0.0,0.0,0.0,0.0,0.0,1.0,0.0,0.0,0.0,1
KCNH3,0.4396372567542036,0.31761079525994934,0.3894667349267983,0.27413073537398513,0.7126298637693734,0.5830377443227417,0.6668755554634704,0.0,0.0,0.0,0.0,0.0,0.0,0.0,1
ZNF124,0.7343661439637257,0.8750371029979227,0.0,0.8564709108397458,0.3151721708016756,0.0,0.0,0.0,0.0,0.0,0.0,0.0,0.0,0.0,1
NACAD,0.9351974305686757,0.4487689415561187,0.41867000667730236,0.7100548871541691,0.18984221475977525,0.8025489211583373,0.0,0.0,0.0,0.0,0.0,0.0,0.0,0.0,1
ONECUT2,0.7264311354619308,0.23454270079381373,0.28176826660328297,0.0,0.29253982988053606,0.0,0.6708605247598739,0.0,0.0,0.0,0.0,1.0,0.0,0.0,1
RNFT2,0.48573587757415454,0.30180758195005747,0.6262128881536343,0.37371144770483034,0.0,0.0,0.9149364688193617,0.0,1.0,0.0,0.0,0.0,0.0,0.0,1
SLC13A5,0.03287360665029282,0.017465427616807527,0.34192401211433326,0.2947858410569688,0.0,0.9250410622274308,0.0,0.0,0.0,0.0,0.0,0.0,0.0,0.0,1
SEMA6A,0.546948800302286,0.27968734540417534,0.2078042523300056,0.7001369708058124,0.0,0.9573827256988672,0.0,0.0,0.0,0.0,0.0,0.0,0.0,0.0,1
ANO1,0.9351974305686757,0.7699203141767701,0.5594454082639452,0.5140355043972006,0.6792532634712439,0.8901152617366028,0.906975719199161,0.0,0.0,0.0,0.0,1.0,0.0,0.0,1
AKR7A3,0.4502172680899301,0.1396488343950499,0.2545383731824496,0.48321619844639774,0.21441207646284907,0.0,0.0,0.0,0.0,0.0,0.0,0.0,0.0,0.0,1
SLC5A1,0.6408464009068582,0.14876970264325554,0.4723016457994862,0.3580809749853125,0.23251064757587897,0.0,0.0,1.0,0.0,0.0,0.0,0.0,0.0,0.0,1
FLRT2,0.5609295295673531,0.23644389646170594,0.27035476404818054,0.0,0.3070116242559641,0.0,0.0,0.0,0.0,0.0,0.0,0.0,0.0,0.0,1
NOS1,0.48573587757415454,0.3079876095014118,0.20145459923451103,0.33618318062550856,0.4944006109791814,0.0,0.0,0.0,0.0,0.0,0.0,0.0,0.0,0.0,1
MMP9,0.8605705648970338,0.547116621381982,0.34835990061506444,0.5342484542731756,0.0,0.43339991516956,0.0,0.0,0.0,0.0,0.0,1.0,0.0,0.0,1
PPM1E,0.9351974305686757,0.5875181709553927,0.10939292002537396,0.6474329375226254,0.26228019744108494,0.0,0.0,0.0,0.0,0.0,0.0,1.0,0.0,0.0,1
ELOVL3,0.6516153410164368,0.2204595444132399,0.21221406036740373,0.7367160850993414,0.5784910010058176,0.0,0.0,0.0,0.0,0.0,0.0,0.0,0.0,0.0,1
TACC1,1.0,0.7652746382933382,0.15192274149747123,0.7722801308733354,0.4805905613286889,0.0,0.0,0.0,0.0,0.0,0.0,0.0,0.0,0.0,1
ITGB4,0.8987341772151899,0.49844053245656106,0.5947447122834546,0.5038385100686616,0.869953805745986,0.5421076713287959,0.8259952240492086,0.0,0.0,0.0,0.0,0.0,0.0,0.0,1
ARHGAP31,0.5104855469488003,0.35069068657670616,0.35300187723990784,0.18011972322682637,0.6847326595042071,0.0,0.823169935958834,0.0,0.0,0.0,0.0,0.0,0.0,0.0,1
MAPK15,0.9351974305686757,0.8296078117983733,0.30785018799730707,0.8354964831155799,0.9864640726064733,0.0,0.7231396582133458,0.0,0.0,0.0,0.0,0.0,0.0,0.0,1
COL23A1,0.6438692612884942,0.3689095904590117,0.4113854366349324,0.6579042327975526,0.5434408792209829,0.7460170292609408,0.7830234425044703,0.0,0.0,0.0,0.0,0.0,0.0,0.0,1
PPP2R2B,0.6606839221613452,0.310269348737737,0.13786525054139243,0.5857699770130013,0.5929667669684747,0.0,0.0,0.0,0.0,0.0,0.0,0.0,0.0,0.0,1
TLN2,0.9351974305686757,0.2502956823526726,0.583775543967945,0.032380198759318454,0.6966988744636918,0.0,0.920769802589691,0.0,0.0,0.0,1.0,1.0,0.0,0.0,1
REM2,0.9351974305686757,0.3222412494006439,0.12951657904976804,0.8776876070416956,0.08825383632926762,0.31985361451404826,0.0,0.0,0.0,0.0,0.0,0.0,0.0,0.0,1
POMC,0.4813905157755526,0.31510986292820664,0.5006238708568044,0.6921945288617652,0.8660045655245581,0.2556366293772074,0.8073833039251875,0.0,0.0,0.0,0.0,0.0,0.0,0.0,1
TUB,0.7073493293028528,0.25339330699971846,0.19506920855726384,0.6920370742023267,0.6228639575854555,0.0,0.8997609254663783,0.0,1.0,0.0,0.0,0.0,0.0,0.0,1
PHLDB1,0.6799546570942754,0.07754564620103307,0.24646710175710013,0.4489092331088366,0.18645559086073257,0.8097361412068814,0.8575236403987195,0.0,0.0,0.0,0.0,0.0,0.0,0.0,1
TUBB8,0.8760627243529189,0.4360374759306194,0.4622197189179415,0.7631881492249711,0.0,0.0,0.0,0.0,0.0,0.0,0.0,0.0,0.0,0.0,1
GRP,0.8836198753070093,0.24044264827880132,0.2616619781346531,0.30827008963845176,0.3346024807366333,0.0,0.8810649721001761,0.0,0.0,0.0,0.0,0.0,0.0,0.0,1
ZNF728,0.7827319100699036,0.3537867890494783,0.5661566803410759,0.0,0.0,0.0,0.0,0.0,0.0,0.0,0.0,0.0,0.0,0.0,1
ADRB2,0.6363121103344039,0.31248563448029165,0.13113657016922337,0.0562788027747947,0.0,0.0,0.0,0.0,0.0,0.0,0.0,0.0,0.0,0.0,1
NPTX1,0.9283959947099943,0.4674201429321645,0.31848609708278475,0.4162389835032624,0.6354367310663243,0.0,0.0,0.0,0.0,0.0,0.0,1.0,0.0,0.0,1
NATD1,0.9351974305686757,0.21190644716913654,0.10014592377046987,0.7943400481429248,0.7026047913948322,0.0,0.0,0.0,0.0,0.0,0.0,0.0,0.0,0.0,1
CHST3,0.8596259210277726,0.30391731549345086,0.5043833216768795,0.8795780349391942,0.5292826227376816,0.9343542811806532,0.6161574183968211,0.0,0.0,0.0,0.0,1.0,0.0,0.0,1
P2RY6,0.9351974305686757,0.3964944326475939,0.4726132131747248,0.6054072428746334,0.9119254118800094,0.0,0.8004400915062846,0.0,0.0,0.0,0.0,0.0,0.0,0.0,1
VIPR2,0.7177404118647269,0.3851222686485376,0.5107370800044224,0.7905475286562529,0.7445109323810054,0.7589599462828214,0.7723405949184372,0.0,0.0,0.0,0.0,0.0,0.0,0.0,1
PPFIA4,0.9351974305686757,0.9276647563379532,0.3695654828885223,0.6685128798002338,0.48957685365561415,0.7899566628417233,0.6544834410345559,0.0,0.0,0.0,0.0,0.0,0.0,0.0,1
RBPMS2,0.9351974305686757,0.24864868978849386,0.09270741614844663,0.8099080079562585,0.4054098702554837,0.7352968291135569,0.0,0.0,0.0,0.0,0.0,1.0,0.0,0.0,1
GFRA2,0.6650292839599471,0.08770615947819851,0.40277396457350745,0.5816948821035356,0.6138441165465987,0.877486926289141,0.4776536360256049,0.0,0.0,0.0,0.0,0.0,0.0,0.0,1
GAL3ST2,0.04515397695068957,0.22385703739221102,0.21993027759678765,0.0,0.0,0.0,0.6763941763607384,0.0,0.0,0.0,0.0,0.0,0.0,0.0,1
MEX3A,0.9351974305686757,0.8799004498024982,0.8119670720491774,0.5382484812848216,0.6054784391478404,0.7073742549229943,0.0,0.0,0.0,0.0,0.0,1.0,0.0,0.0,1
ADAMTS5,0.6727753636878896,0.31961549877845513,0.27476547368614695,0.6002632250056819,0.39664779819190765,0.6475026958663354,0.0,0.0,0.0,0.0,0.0,0.0,0.0,0.0,1
C1orf115,0.7746079727942565,0.8950415173033163,0.10219502892451973,0.0,0.1955120769666962,0.0,0.8584356117152726,0.0,0.0,0.0,0.0,0.0,0.0,0.0,1
RP1,0.9336860003778575,0.6715117473799576,0.8693359394692579,0.9265794702265717,0.7629824103315487,0.7525690340262347,0.0,0.0,0.0,0.0,0.0,0.0,0.0,0.0,1
NDN,0.8522576988475344,0.2197182455419321,0.538414922302,0.5428895127888029,0.4763412678892129,0.0,0.0,0.0,0.0,0.0,0.0,0.0,0.0,0.0,1
TSPAN11,0.9351974305686757,0.4082517067379044,0.1713412219911461,0.8115509345879736,0.8228766740988858,0.0,0.0,0.0,0.0,0.0,0.0,1.0,0.0,0.0,1
PAX1,0.7995465709427546,0.4437275003615164,0.2824641640924944,0.3329804580986268,0.41968804502633117,0.0,0.6512917301675677,0.0,0.0,0.0,0.0,0.0,0.0,0.0,1
PTHLH,0.9351974305686757,0.42901416383161706,0.06237146681938631,0.668217139669996,0.5170936458473923,0.0,0.0,0.0,1.0,0.0,0.0,1.0,0.0,0.0,1
FLT4,0.6438692612884942,0.3650524008493733,0.6075250945904206,0.6754399774070827,0.6722443702990037,0.622538184220554,0.8715437598898235,0.0,0.0,0.0,0.0,0.0,0.0,0.0,1
SPHKAP,0.04553183449839407,0.23197631496830073,0.2889144708796038,0.30338057199879076,0.36123075436488294,0.49886689213770957,0.0,0.0,0.0,0.0,0.0,0.0,0.0,0.0,1
COL22A1,0.9351974305686757,0.8428339840628356,0.8715772236567313,0.0,0.6702558498966941,0.7566567562794427,0.5175948211912639,0.0,1.0,0.0,0.0,0.0,0.0,0.0,1
NTSR1,0.9351974305686757,0.6053534869207178,0.3046334419301366,0.1708201193411722,0.5376425548014667,0.0,0.5170727217738247,0.0,0.0,0.0,0.0,0.0,0.0,0.0,1
CSMD1,0.9351974305686757,0.08229026341225798,0.24274984336469257,0.0,0.30518699427164814,0.0,0.0,0.0,1.0,0.0,0.0,0.0,0.0,0.0,1
DPP6,0.6843000188928774,0.36575868971238523,0.46095801156718175,0.4370264931385431,0.5620387236605209,0.4937470735320917,0.4628821053776379,0.0,0.0,0.0,0.0,0.0,0.0,0.0,1
SNX31,0.9351974305686757,0.9283862669437024,0.2131832077776722,0.5818680266891819,0.30244825525082986,0.0,0.0,0.0,0.0,0.0,0.0,0.0,0.0,0.0,1
FAM171A1,0.9351974305686757,0.4371288748848857,0.5228287392031672,0.5123888460306447,0.6239191518617222,0.8091825436908968,0.89990697932184,0.0,0.0,0.0,0.0,0.0,0.0,0.0,1
MUC6,0.47591158133383715,0.23488214565685633,0.7186271874694677,0.8456162357365813,0.6684737091875297,0.0,0.9270823117228272,0.0,0.0,0.0,0.0,0.0,0.0,0.0,1
IRX4,0.9210277725297562,0.4924705649549818,0.5049416568495746,0.532106424743885,0.36948074311935636,0.0,0.0,0.0,0.0,0.0,0.0,0.0,0.0,0.0,1
NPAS3,0.9351974305686757,0.36909834006895453,0.308151787453653,0.48201583805011383,0.532607854635623,0.7969201351915212,0.7700853777929569,0.0,0.0,0.0,0.0,0.0,0.0,0.0,1
EFCAB1,0.9351974305686757,0.6745713176701602,0.3291169953915909,0.49903922413715723,0.305722962828669,0.0,0.0,0.0,1.0,0.0,0.0,0.0,0.0,0.0,1
NWD2,0.02947288872095219,0.20445997062203652,0.2821576491451795,0.613969936349228,0.6138426441945232,0.0,0.8061296174952837,0.0,0.0,1.0,0.0,0.0,0.0,0.0,1
CCDC68,0.6278103155110523,0.23352741055323406,0.20020983594704753,0.34638614184558847,0.0,0.0,0.0,0.0,0.0,0.0,0.0,1.0,0.0,0.0,1
TMPRSS6,0.5414698658605706,0.12702087662016417,0.670766745556422,0.43776116835497825,0.682669504993484,0.7710569780735169,0.7097316263304295,0.0,0.0,0.0,0.0,0.0,0.0,0.0,1
CD200,0.819006234649537,0.37505156365352277,0.28143135081104476,0.0,0.0,0.0,0.8328880374519868,0.0,0.0,0.0,0.0,0.0,0.0,0.0,1
BTBD11,0.5924806348006801,0.31265002930185476,0.14746469915826135,0.6590973129270989,0.15894294150500893,0.6653474472883236,0.5801731426210085,0.0,0.0,0.0,0.0,0.0,0.0,0.0,1
GRIP2,0.9351974305686757,0.33035596045391236,0.38574820691494455,0.5874370143880202,0.38212412349956887,0.7711791656513743,0.0,0.0,0.0,1.0,0.0,0.0,0.0,0.0,1
ZC3H12D,0.9351974305686757,0.21576059243022727,0.588458483674427,0.521634937536577,0.5973560705254454,0.1497916684624253,0.0,0.0,0.0,0.0,0.0,0.0,0.0,0.0,1
CDH22,0.9351974305686757,0.552057599074518,0.376148697739203,0.4883841776581407,0.4346446404403088,0.2196377807353552,0.44139144123124746,0.0,0.0,0.0,0.0,0.0,0.0,0.0,1
RHPN1,0.9351974305686757,0.8350952500551795,0.8516283525839075,0.8679379813723136,0.8312854878987097,0.7944569525835725,0.4213339784955494,0.0,0.0,0.0,0.0,0.0,0.0,0.0,1
CRISPLD1,0.9351974305686757,0.762533202426346,0.09744487422540853,0.891385286876563,0.3588534208184396,0.0,0.0,0.0,0.0,0.0,0.0,0.0,0.0,0.0,1
CNTN1,0.9351974305686757,0.36941647449216464,0.21417601234829092,0.21451991908191811,0.3687520809647456,0.0,0.0,0.0,0.0,0.0,0.0,1.0,0.0,0.0,1
SLC10A4,0.9351974305686757,0.275300439147278,0.40476065652764304,0.5156289823098213,0.7283867519345751,0.0,0.0,0.0,0.0,0.0,0.0,0.0,0.0,0.0,1
IGFBPL1,0.8071037218968449,0.2920595779010739,0.196357188847942,0.7840900842592862,0.0,0.698480975421547,0.0,0.0,0.0,0.0,0.0,0.0,0.0,0.0,1
VSTM2A,0.9351974305686757,0.4568090660699744,0.25876866891257216,0.1218570462229682,0.3158502462911798,0.0,0.7182410875638534,0.0,0.0,0.0,0.0,0.0,0.0,0.0,1
EYA2,0.9351974305686757,0.5519160368670609,0.2041982213991898,0.20463967859122048,0.24453851845947971,0.0,0.6713680654588304,0.0,0.0,0.0,0.0,0.0,0.0,0.0,1
LHX9,0.7587379557906669,0.8919317152620815,0.2629298355787056,0.397113917391258,0.455526100707457,0.0,0.3240378917281629,0.0,0.0,0.0,0.0,0.0,0.0,0.0,1
KLK10,0.9351974305686757,0.35809606441841535,0.1398284510701618,0.1633205974187013,0.32733901699228635,0.0,0.0,0.0,0.0,0.0,0.0,0.0,0.0,0.0,1
NAALADL1,0.9351974305686757,0.3090363875760136,0.5873498841756369,0.47695498024015126,0.8264297064056964,0.9042807342819982,0.9073890683282219,0.0,0.0,0.0,0.0,0.0,0.0,0.0,1
KLF14,0.8074815794445493,0.39480786355229813,0.18456618019005136,0.8695886092703127,0.28317275573917944,0.0,0.0,0.0,0.0,0.0,0.0,0.0,0.0,0.0,1
PLCH2,0.0253164556962025,0.15959540607804193,0.5857963920892889,0.672990597680437,0.7049503590840936,0.6465040313551892,0.6057238796412391,0.0,1.0,0.0,1.0,0.0,0.0,0.0,1
CCNO,0.5505384470054789,0.27603260497294335,0.17347206204637142,0.11157040168399641,0.0,0.0,0.0,0.0,0.0,0.0,0.0,0.0,0.0,0.0,1
NGB,0.7746079727942565,0.23915945536604483,0.38412721473643907,0.7976792458499871,0.7455785722848863,0.0,0.0,0.0,0.0,0.0,0.0,0.0,0.0,0.0,1
RPL39L,0.6914793122992632,0.45743011317365734,0.12615708932287384,0.9003550665106398,0.0,0.0,0.0,0.0,0.0,0.0,0.0,1.0,0.0,0.0,1
NOTUM,0.7232193463064425,0.4576614836632648,0.5901567749575584,0.7497950482152496,0.657884184141845,0.20167172291576962,0.0,0.0,0.0,0.0,0.0,0.0,0.0,0.0,1
EPCAM,0.4823351596448139,0.3435288566187943,0.18658870862968827,0.2057631136666511,0.0,0.0,0.0,1.0,0.0,0.0,0.0,0.0,0.0,0.0,1
LTF,0.4332136784432269,0.19573182333645373,0.24582046041780983,0.6524239489749459,0.2129815979011952,0.0,0.0,0.0,0.0,0.0,0.0,0.0,0.0,0.0,1
SIM1,0.9351974305686757,0.24457535143198533,0.5303286276039263,0.5631205777534766,0.6014194389435716,0.9006390822414951,0.0,0.0,0.0,0.0,0.0,0.0,0.0,0.0,1
EN2,0.6843000188928774,0.377549451636718,0.4128309381886022,0.0,0.3937397290823778,0.0,0.0,0.0,0.0,0.0,0.0,0.0,0.0,0.0,1
PTPRN,0.5437370111467976,0.25458516945605103,0.46844070858144365,0.47175257056870545,0.0,0.8206653296098667,0.8345158050961698,0.0,0.0,0.0,0.0,0.0,0.0,0.0,1
LIG1,0.47232193463064426,0.3213553439733315,0.9109399529449973,0.73030653518003,0.0,0.9477761267085726,0.0,0.0,0.0,0.0,0.0,0.0,0.0,0.0,1
ESPN,0.48875873795579067,0.15791797002838856,0.4779029670133936,0.604406510615859,0.8815851238391087,0.0,0.3711890346753322,0.0,0.0,0.0,1.0,0.0,0.0,0.0,1
DRD1,0.6438692612884942,0.3551750119871224,0.19774372473410162,0.7089781101454328,0.5773372929532675,0.0,0.0,0.0,0.0,0.0,0.0,0.0,0.0,0.0,1
WNT10B,0.49367088607594933,0.3215166944463472,0.2166700726875346,0.7450559144533498,0.16915515730829808,0.7700335102635972,0.28340730991994223,0.0,0.0,0.0,0.0,0.0,0.0,0.0,1
DMRT3,0.9351974305686757,0.29010358395932745,0.3075173862558769,0.6062403679330645,0.0,0.0,0.0,0.0,0.0,0.0,0.0,0.0,0.0,0.0,1
ZNF471,0.9351974305686757,0.37884177759511684,0.210204867749489,0.21613005521469927,0.2880027284133473,0.0,0.0,0.0,0.0,0.0,0.0,0.0,0.0,0.0,1
CCDC136,0.9351974305686757,0.3985843779254288,0.06057701232327745,0.7382031649519211,0.4306171679617867,0.0,0.7219803842196186,1.0,1.0,0.0,0.0,0.0,0.0,0.0,1
PDE2A,0.9351974305686757,0.3888044082166968,0.31573370297154024,0.42217987169322957,0.46426955755218363,0.5914009595755163,0.6768079007877617,0.0,0.0,0.0,0.0,0.0,0.0,0.0,1
SCN3B,0.9351974305686757,0.07854267035032828,0.21630151318145147,0.20017739573010646,0.21418666618257445,0.638479350555239,0.0,0.0,0.0,0.0,0.0,0.0,0.0,0.0,1
TRIM72,0.7266200642357831,0.5863095645820493,0.5194888475777298,0.79497351902804,0.0,0.8493496400010062,0.0,0.0,0.0,0.0,0.0,0.0,0.0,0.0,1
C3,0.014925373134328346,0.2740142018859739,0.8900831678385558,0.0,0.0,0.0,0.4565534603713107,0.0,0.0,0.0,0.0,0.0,0.0,0.0,1
GPT,0.9351974305686757,0.8050079533605812,0.8179473152503944,0.0,0.0,0.0,0.0,0.0,0.0,0.0,1.0,0.0,0.0,0.0,1
SLC38A3,0.4385036841110901,0.18146296169448436,0.15699344587560368,0.5452101532595054,0.8637739442342576,0.0,0.9008738735932376,0.0,0.0,0.0,0.0,0.0,0.0,0.0,1
GRIN2D,0.47232193463064426,0.32408308027186034,0.6618268093570183,0.7146083315213827,0.6117686319045491,0.29071922130258765,0.5801603076773897,0.0,0.0,0.0,0.0,0.0,0.0,0.0,1
LRRN2,0.9351974305686757,0.9349042171838253,0.04196027259758824,0.3980899115903476,0.6309864309314157,0.0,0.0,0.0,0.0,0.0,0.0,0.0,0.0,0.0,1
SLC37A1,0.9351974305686757,0.3628939577292204,0.450034970352518,0.7251277825464194,0.8640622411913721,0.7936345372186677,0.8474212325636774,0.0,0.0,0.0,0.0,1.0,0.0,0.0,1
TACR1,0.4827130171925184,0.3402820588929227,0.061309475961806505,0.34891539969569274,0.14392419190712002,0.0,0.0,0.0,0.0,0.0,0.0,0.0,0.0,0.0,1
CBLC,0.9351974305686757,0.3478792306931221,0.1470187373376443,0.37937669615917935,0.5281786114843531,0.0,0.861728189874248,0.0,0.0,0.0,0.0,0.0,0.0,0.0,1
ASB4,0.7566597392782921,0.40718618474629165,0.8035454103996721,0.0,0.7212595102930035,0.42770011930532154,0.0,0.0,0.0,0.0,0.0,0.0,0.0,0.0,1
ST8SIA2,0.9351974305686757,0.32573616153313395,0.1926141112367953,0.286500066495253,0.5705730406583366,0.0,0.0,0.0,0.0,0.0,0.0,1.0,0.0,0.0,1
CR1,0.9351974305686757,0.9152910016667808,0.28611885772986645,0.29788920713971373,0.21814766592221013,0.0,0.0,0.0,0.0,0.0,1.0,0.0,0.0,0.0,1
PDE1C,0.9351974305686757,0.4582581759785678,0.20021720100949833,0.454322969404949,0.4228347770669016,0.5464996593803175,0.5829600901683164,0.0,0.0,0.0,0.0,0.0,0.0,0.0,1
NYAP1,0.9351974305686757,0.39815208043168865,0.5595999512573998,0.0,0.7700665504156973,0.844343484358262,0.9089377431999137,0.0,0.0,0.0,0.0,0.0,0.0,0.0,1
PPARG,0.5936142074437937,0.3310957371509464,0.09200127571383326,0.8199005198514611,0.28600062412511257,0.0,0.8438995573607668,0.0,0.0,0.0,0.0,0.0,0.0,0.0,1
EHD2,0.47232193463064426,0.31488458113569423,0.8308450907104656,0.640293290679265,0.0,0.0,0.0,0.0,0.0,1.0,0.0,1.0,0.0,0.0,1
DMRT1,0.9351974305686757,0.2895921334033533,0.2921310055289132,0.4246572289913022,0.0,0.0,0.0,0.0,0.0,0.0,0.0,0.0,0.0,0.0,1
AKAP12,0.9351974305686757,0.23743635408817954,0.45171730076044647,0.1598935648351028,0.6022207846664364,0.8388047248363794,0.8839510957971597,0.0,0.0,0.0,0.0,0.0,0.0,0.0,1
NLGN1,0.711127904779898,0.4840818625324416,0.12042154884620583,0.1726891333420512,0.160427031168829,0.0,0.5799247689623166,0.0,0.0,0.0,0.0,0.0,0.0,0.0,1
KIF12,0.6776875118080483,0.28182447808449584,0.22449016554696385,0.7871060630462742,0.0,0.6962056445859687,0.0,0.0,0.0,0.0,0.0,0.0,0.0,0.0,1
PTCH2,0.4615529945210655,0.26171351157994077,0.1393537661071352,0.616366862545995,0.0,0.0,0.0,0.0,0.0,0.0,0.0,0.0,0.0,0.0,1
PERM1,0.0253164556962025,0.15959540607804193,0.48109870023293366,0.4919242064577416,0.8207252411812143,0.3531487431259544,0.5000027073967475,0.0,0.0,0.0,0.0,0.0,0.0,0.0,1
SNTG2,0.5254109200831287,0.323845621085158,0.6794375281569147,0.6920562510858457,0.5408761687257375,0.0,0.5237294251779462,0.0,0.0,0.0,0.0,0.0,0.0,0.0,1
SDK1,0.689212167013036,0.4274006591014606,0.8133228272421642,0.7360803828335578,0.6048273436859639,0.6796680028049642,0.7382562344213747,0.0,0.0,0.0,0.0,1.0,0.0,0.0,1
PLD5,0.7343661439637257,0.8739517927407512,0.2822556384948777,0.47200115031755346,0.0,0.3474788847853158,0.0,0.0,0.0,1.0,0.0,0.0,0.0,0.0,1
SCG3,0.9351974305686757,0.23943192456104306,0.3422090238866723,0.5823407020472265,0.4220831324335927,0.0,0.8499456479388556,0.0,1.0,0.0,0.0,0.0,0.0,0.0,1
CACNA1G,0.9351974305686757,0.5456888219132208,0.743430790963989,0.5572234495660767,0.8348732567243592,0.8739361639834973,0.0,0.0,0.0,0.0,0.0,0.0,0.0,0.0,1
ENPP6,0.5144530511996976,0.21694027749237016,0.23654315682149016,0.53717112543447,0.0,0.6290998479332612,0.6373261592787427,0.0,1.0,0.0,0.0,0.0,0.0,0.0,1
SEZ6L2,0.7266200642357831,0.5957135572451693,0.6051263499020898,0.5775261838869572,0.5971188518450008,0.7750201947629975,0.8819949113886472,0.0,0.0,0.0,0.0,0.0,0.0,0.0,1
ADAMTSL2,0.5962592102777253,0.285922171229384,0.5139451465075304,0.6424804291307307,0.6809502987428488,0.6750216182845735,0.0,0.0,0.0,0.0,0.0,0.0,0.0,0.0,1
RUNX2,0.9351974305686757,0.3996392446971253,0.40599980143099795,0.5859402661139532,0.375209983729243,0.5554162972432709,0.0,0.0,0.0,1.0,1.0,0.0,0.0,0.0,1
FGF5,0.846778764405819,0.2521786119292797,0.11380384262237637,0.18829732243293937,0.3410429154204676,0.676015723066986,0.43369827075454614,0.0,0.0,0.0,0.0,0.0,0.0,0.0,1
ADGRL2,0.5061401851501983,0.2401306025526862,0.08732946474559666,0.1763451901026281,0.1259700292016338,0.0,0.0,0.0,0.0,0.0,0.0,0.0,0.0,0.0,1
IL17REL,0.5254109200831287,0.13635941578951355,0.6121056048883167,0.6938219512371072,0.49056794140754917,0.6553002989561278,0.0,0.0,0.0,0.0,0.0,0.0,0.0,0.0,1
SCUBE3,0.9351974305686757,0.39472566614151644,0.2571702942218665,0.9145929026547707,0.8486212757997644,0.0,0.628643104611644,0.0,0.0,0.0,0.0,1.0,0.0,0.0,1
GREM2,0.7343661439637257,0.8724037415043653,0.5318844132731712,0.722879911380979,0.6732339960789824,0.5458501581024647,0.0,0.0,0.0,0.0,0.0,0.0,0.0,0.0,1
SPEF1,0.9351974305686757,0.43546970492651715,0.2991623652570843,0.0,0.3144597344911151,0.0,0.182486717866509,0.0,1.0,0.0,0.0,0.0,0.0,0.0,1
IRF7,0.010768940109578656,0.23031105631283733,0.18294470771340512,0.4933485579010282,0.6415146560336514,0.0,0.0,0.0,0.0,0.0,0.0,0.0,0.0,0.0,1
MSRA,0.698658605705649,0.08985699172698289,0.33247277342120574,0.7426066265263275,0.6396957378149712,0.0,0.0,0.0,0.0,0.0,0.0,0.0,0.0,0.0,1
MT3,0.52635556395239,0.03406626024613557,0.17024815621178477,0.5949448355553633,0.47264084280151836,0.0,0.0,0.0,0.0,0.0,0.0,0.0,0.0,0.0,1
SCRT1,0.9351974305686757,0.8050079533605812,0.2534186144244706,0.8424324680528937,0.0,0.0,0.0,0.0,0.0,0.0,0.0,0.0,0.0,0.0,1
GPR160,0.8186283771018326,0.48092182874017264,0.07234373028149793,0.6384425407761318,0.38122265211127027,0.0,0.8572770207243322,0.0,0.0,0.0,0.0,0.0,0.0,0.0,1
ITPRIPL1,0.7007368222180238,0.3220616328363434,0.40462386995351657,0.5206157216969313,0.5106629210385624,0.0,0.8744638986604999,0.0,0.0,0.0,0.0,0.0,0.0,0.0,1
PREX2,0.9351974305686757,0.7643019689324231,0.23163792115930693,0.27809926298688453,0.09300662278098756,0.0,0.0,0.0,0.0,0.0,0.0,0.0,0.0,0.0,1
SLC16A3,0.9351974305686757,0.4641352908494495,0.5199411508844848,0.8507360066787046,0.20493734450174098,0.7594887242815568,0.0,0.0,0.0,0.0,0.0,0.0,0.0,0.0,1
LAMB3,0.9351974305686757,0.9028122169707212,0.8461282977567984,0.0,0.964934626871131,0.0,0.2716252180369357,0.0,0.0,0.0,0.0,0.0,0.0,0.0,1
APOB,0.4813905157755526,0.3142604896834639,0.4311559507690957,0.1629496857658506,0.713087937336478,0.0,0.0,0.0,0.0,1.0,0.0,0.0,0.0,0.0,1
CBX2,0.9351974305686757,0.504093887709204,0.44556170148057533,0.4235467500724942,0.5643544846395951,0.7473632407222931,0.7979679216016801,0.0,0.0,0.0,1.0,1.0,0.0,0.0,1
ANPEP,0.9351974305686757,0.32419115464529535,0.4310916471018832,0.5104414327822453,0.0,0.0,0.0,0.0,0.0,0.0,0.0,0.0,0.0,0.0,1
TPM2,0.9351974305686757,0.3130168733018243,0.1363747627369092,0.7931267587407888,0.034815954762199654,0.0,0.0,0.0,1.0,0.0,0.0,0.0,0.0,0.0,1
HEYL,0.6559607028150387,0.2748590086078955,0.4624650268444043,0.9325123616416413,0.4096123292216854,0.0,0.0,0.0,0.0,0.0,0.0,0.0,0.0,0.0,1
B4GALNT2,0.9351974305686757,0.5073163306466959,0.07013690104761747,0.755546774252897,0.8453280314727132,0.0,0.0,0.0,1.0,0.0,0.0,0.0,0.0,0.0,1
RELN,0.6153410164368034,0.3848650211962768,0.21950927275359433,0.31664442383066826,0.1938333424226299,0.0,0.0,0.0,0.0,1.0,0.0,0.0,0.0,0.0,1
LYPD3,0.9351974305686757,0.35010921600414036,0.17876877964014995,0.20678959815607015,0.2839769747974165,0.0,0.9367969184886273,0.0,0.0,0.0,0.0,0.0,0.0,0.0,1
KCNQ4,0.7132061212922729,0.27480268815976744,0.34240540383213364,0.7369063606767599,0.8588550066425232,0.7616136994767474,0.8460385053549813,0.0,0.0,0.0,0.0,0.0,0.0,0.0,1
KLF2,0.9351974305686757,0.33719508946579296,0.48391105018409053,0.0,0.0,0.0,0.0,0.0,0.0,0.0,0.0,1.0,0.0,0.0,1
HOXA2,0.9351974305686757,0.44266654489272494,0.46555698107292237,0.5009509081798736,0.5482090097863528,0.6305226850780697,0.0,0.0,0.0,0.0,0.0,0.0,0.0,0.0,1
BANK1,0.4203665218212734,0.22170011644633197,0.5779152852224915,0.6067624953961994,0.6693771216220757,0.0,0.0,0.0,0.0,0.0,0.0,0.0,0.0,0.0,1
TCF7L1,0.750047232193463,0.34107054516671614,0.20736834230436535,0.1689214841799789,0.9558064540716938,0.0,0.8975850479397631,0.0,0.0,0.0,0.0,0.0,0.0,0.0,1
GOLGA8A,0.7763083317589269,0.20404137269676004,0.07867066774413778,0.7417714686256671,0.0,0.0,0.0,0.0,0.0,0.0,0.0,1.0,0.0,0.0,1
PRICKLE2,0.001700358964670301,0.19419290514570997,0.26339533913743574,0.5561578483102563,0.6048183611801438,0.7359982706275485,0.0,0.0,0.0,0.0,0.0,0.0,0.0,0.0,1
SPAG1,0.9351974305686757,0.9163854449695943,0.047191641395667706,0.11627376443834643,0.4696526062574057,0.0,0.8576609693476126,0.0,0.0,0.0,0.0,0.0,0.0,0.0,1
DLEC1,0.5121859059134706,0.25203096102472766,0.29917694159701413,0.0,0.38831367174121123,0.0,0.0,0.0,0.0,0.0,0.0,0.0,0.0,0.0,1
MAL2,0.9351974305686757,0.9354689438393802,0.06389628816877947,0.3767140661136374,0.2533200770578902,0.7861536523963784,0.8786354569134242,0.0,0.0,0.0,0.0,0.0,0.0,0.0,1
SLC12A4,0.5308898545248442,0.016693685260025293,0.443344930841493,0.4090760850116817,0.07806308016855394,0.8478953535974524,0.0,0.0,0.0,0.0,0.0,0.0,0.0,0.0,1
PKP3,0.4813905157755526,0.2320372019392501,0.6175330282667499,0.5500344325942402,0.89355319517019,0.7892828382830522,0.0,0.0,0.0,0.0,0.0,0.0,0.0,0.0,1
GRIN2B,0.9351974305686757,0.3507759283360352,0.5824676200871536,0.3372879773974026,0.607374179567879,0.27627825444498555,0.0,0.0,0.0,0.0,0.0,0.0,0.0,0.0,1
AK4,0.6393349707160401,0.2532882769748308,0.035684033568316766,0.8812777730723151,0.6153991119487958,0.0,0.9251663812581075,0.0,0.0,0.0,0.0,0.0,0.0,0.0,1
HPN,0.8658605705648971,0.42381289433827285,0.1206184636334683,0.6805850706158624,0.0719411831185758,0.0,0.0,0.0,1.0,0.0,1.0,0.0,0.0,0.0,1
NIPSNAP3B,0.49499338749291516,0.2532182569582392,0.08758334709593468,0.8484480849645553,0.0,0.0,0.0,0.0,0.0,0.0,0.0,1.0,0.0,0.0,1
FBN2,0.670130360853958,0.2940916805565069,0.9126286799485218,0.9080359084246248,0.0,0.4952367825864086,0.0,0.0,0.0,0.0,0.0,0.0,0.0,0.0,1
BOC,0.6801435858681277,0.3781552769976635,0.07047399995122751,0.35551438706244465,0.582561288335268,0.0,0.6750750191116668,0.0,0.0,0.0,0.0,0.0,0.0,0.0,1
GABRG3,0.5943699225392027,0.20749823047240673,0.256754943618209,0.5281460952415855,0.7087916206020594,0.0,0.0,0.0,0.0,0.0,0.0,0.0,0.0,0.0,1
PDZRN4,0.9351974305686757,0.3772282728649603,0.4877193887382907,0.6876288644542164,0.5897187880328263,0.8123751005846693,0.8401780787550387,0.0,0.0,0.0,1.0,0.0,0.0,0.0,1
NXPH4,0.6138295862459853,0.32596448767419384,0.23061666499764769,0.17130594203423063,0.8624928433146117,0.4974085079135591,0.31238707439297153,0.0,0.0,0.0,0.0,0.0,0.0,0.0,1
ADCYAP1R1,0.9351974305686757,0.45506922087509794,0.13401026241038427,0.0,0.3442047852568725,0.0,0.39839072190958974,0.0,0.0,0.0,0.0,0.0,0.0,0.0,1
CPNE7,0.5392027205743435,0.007056799933024216,0.5745479609561093,0.8323937698839351,0.5650092834258018,0.0,0.8742952497894607,0.0,0.0,0.0,0.0,0.0,0.0,0.0,1
SLC17A7,0.7961458530134139,0.356850925862502,0.38744804137382083,0.5685489669981125,0.4625667688631177,0.0,0.0,0.0,0.0,0.0,0.0,1.0,0.0,0.0,1
CBLN1,0.9351974305686757,0.11354202342626196,0.29325725513667017,0.32745110864008975,0.0,0.0,0.0,0.0,0.0,0.0,0.0,0.0,0.0,0.0,1
KLF4,0.49499338749291516,0.2614242984679316,0.1630839305189454,0.8662167230733864,0.43120427179694626,0.0,0.0,0.0,0.0,0.0,0.0,0.0,0.0,0.0,1
RNF39,0.9351974305686757,0.3907527912870744,0.5220191054132094,0.32762601579127004,0.45203164847621746,0.0,0.0,0.0,0.0,0.0,0.0,0.0,0.0,0.0,1
ANTXR2,0.9351974305686757,0.2531421482445525,0.2931938112445286,0.8001637717861477,0.2956942383386155,0.9008109740950249,0.0,1.0,0.0,0.0,0.0,0.0,0.0,0.0,1
ZNF208,0.7145286227092387,0.34024400453607934,0.412819849948046,0.15456868437725663,0.5114321988451163,0.0,0.0,0.0,0.0,1.0,0.0,0.0,0.0,0.0,1
FUT6,0.5692423956168524,0.27951990623406475,0.8341967769570342,0.6556036991685243,0.7978206019174886,0.8238795527214144,0.0,0.0,0.0,0.0,0.0,0.0,0.0,0.0,1
LIN28A,0.4502172680899301,0.14152263092601478,0.19257755601394813,0.22892414495689253,0.0,0.0,0.0,0.0,0.0,0.0,0.0,1.0,0.0,0.0,1
